date,study_accession,biosample_accession,reason_code,evidence_field,evidence_quote
2026-10-08,PRJDB36905,SAMD01631940,other,scientific_name,soil metagenome
2026-10-08,PRJDB36905,SAMD01631941,other,scientific_name,soil metagenome
2026-10-08,PRJDB36905,SAMD01631942,other,scientific_name,soil metagenome
2026-10-08,PRJDB36905,SAMD01631943,other,scientific_name,soil metagenome
2026-10-08,PRJDB36905,SAMD01633043,other,scientific_name,wastewater metagenome
2026-10-08,PRJDB36905,SAMD01633044,other,scientific_name,wastewater metagenome
2026-10-08,PRJDB36905,SAMD01633045,other,scientific_name,wastewater metagenome
2026-10-08,PRJDB36905,SAMD01633046,other,scientific_name,wastewater metagenome
2026-10-08,PRJDB36905,SAMD01633047,other,scientific_name,wastewater metagenome
2026-10-08,PRJDB36905,SAMD01633048,other,scientific_name,wastewater metagenome
2026-10-08,PRJDB36905,SAMD01678312,host_nonhuman,scientific_name,pig gut metagenome
2026-10-08,PRJDB36905,SAMD01678313,host_nonhuman,scientific_name,pig gut metagenome
2026-10-08,PRJDB36905,SAMD01678314,host_nonhuman,scientific_name,pig gut metagenome
2026-10-08,PRJDB36905,SAMD01678315,host_nonhuman,scientific_name,pig gut metagenome
2026-10-08,PRJDB36905,SAMD01678316,host_nonhuman,scientific_name,pig gut metagenome
2026-10-08,PRJDB36905,SAMD01678317,host_nonhuman,scientific_name,pig gut metagenome
2026-10-08,PRJDB36905,SAMD01678318,other,scientific_name,food metagenome
2026-10-08,PRJDB36905,SAMD01678319,other,scientific_name,food metagenome
2026-10-08,PRJDB36905,SAMD01678320,other,scientific_name,food metagenome
2026-10-08,PRJDB36905,SAMD01678321,other,scientific_name,food metagenome
2026-10-08,PRJDB36905,SAMD01678322,other,scientific_name,dust metagenome
2026-10-08,PRJDB36905,SAMD01678323,other,scientific_name,dust metagenome
2026-10-08,PRJDB36905,SAMD01678324,other,scientific_name,dust metagenome
2026-10-08,PRJDB36905,SAMD01678325,other,scientific_name,dust metagenome
2026-10-08,PRJDB36905,SAMD01678326,other,scientific_name,dust metagenome
2026-10-08,PRJDB36905,SAMD01678327,other,scientific_name,dust metagenome
2026-10-08,PRJDB36905,SAMD01678328,other,scientific_name,dust metagenome
2026-10-08,PRJDB36905,SAMD01678329,other,scientific_name,dust metagenome
2026-10-08,PRJDB36905,SAMD01678330,other,scientific_name,dust metagenome
2026-10-08,PRJDB36905,SAMD01678331,other,scientific_name,dust metagenome
2026-10-08,PRJEB39960,SAMEA7233143,host_nonhuman,biosample host-associated environmental package,mouse-gut
2026-10-08,PRJEB39960,SAMEA7233144,host_nonhuman,biosample host-associated environmental package,mouse-gut
2026-10-08,PRJEB39960,SAMEA7233145,host_nonhuman,biosample host-associated environmental package,mouse-gut
2026-10-08,PRJEB39960,SAMEA7233146,host_nonhuman,biosample host-associated environmental package,mouse-gut
2026-10-08,PRJEB39960,SAMEA7233147,host_nonhuman,biosample host-associated environmental package,mouse-gut
2026-10-08,PRJEB39960,SAMEA7233148,host_nonhuman,biosample host-associated environmental package,mouse-gut
2026-10-08,PRJEB39960,SAMEA7233149,host_nonhuman,biosample host-associated environmental package,mouse-gut
2026-10-08,PRJEB39960,SAMEA7233150,host_nonhuman,biosample host-associated environmental package,mouse-gut
2026-10-08,PRJEB39960,SAMEA7233151,host_nonhuman,biosample host-associated environmental package,mouse-gut
2026-10-08,PRJEB39960,SAMEA7233152,host_nonhuman,biosample host-associated environmental package,mouse-gut
2026-10-08,PRJEB39960,SAMEA7233153,host_nonhuman,biosample host-associated environmental package,mouse-gut
2026-10-08,PRJEB39960,SAMEA7233154,host_nonhuman,biosample host-associated environmental package,mouse-gut
2026-10-08,PRJEB39960,SAMEA7233155,host_nonhuman,biosample host-associated environmental package,mouse-gut
2026-10-08,PRJEB39960,SAMEA7233156,host_nonhuman,biosample host-associated environmental package,mouse-gut
2026-10-08,PRJEB39960,SAMEA7233157,host_nonhuman,biosample host-associated environmental package,mouse-gut
2026-10-08,PRJEB39960,SAMEA7233158,host_nonhuman,biosample host-associated environmental package,mouse-gut
2026-10-08,PRJEB39960,SAMEA7233159,host_nonhuman,biosample host-associated environmental package,mouse-gut
2026-10-08,PRJEB39960,SAMEA7233160,host_nonhuman,biosample host-associated environmental package,mouse-gut
2026-10-08,PRJEB39960,SAMEA7233161,host_nonhuman,biosample host-associated environmental package,mouse-gut
2026-10-08,PRJEB39960,SAMEA7233162,host_nonhuman,biosample host-associated environmental package,mouse-gut
2026-10-08,PRJEB39960,SAMEA7233163,host_nonhuman,biosample host-associated environmental package,mouse-gut
2026-10-08,PRJEB39960,SAMEA7233164,host_nonhuman,biosample host-associated environmental package,mouse-gut
2026-10-08,PRJEB39960,SAMEA7233165,host_nonhuman,biosample host-associated environmental package,mouse-gut
2026-10-08,PRJEB39960,SAMEA7233166,host_nonhuman,biosample host-associated environmental package,mouse-gut
2026-10-08,PRJEB39960,SAMEA7233167,host_nonhuman,biosample host-associated environmental package,mouse-gut
2026-10-08,PRJEB39960,SAMEA7233168,host_nonhuman,biosample host-associated environmental package,mouse-gut
2026-10-08,PRJEB39960,SAMEA7233169,host_nonhuman,biosample host-associated environmental package,mouse-gut
2026-10-08,PRJEB39960,SAMEA7233170,host_nonhuman,biosample host-associated environmental package,mouse-gut
2026-10-08,PRJEB39960,SAMEA7233171,host_nonhuman,biosample host-associated environmental package,mouse-gut
2026-10-08,PRJEB39960,SAMEA7233172,host_nonhuman,biosample host-associated environmental package,mouse-gut
2026-10-08,PRJEB39960,SAMEA7233173,host_nonhuman,biosample host-associated environmental package,mouse-gut
2026-10-08,PRJEB39960,SAMEA7233174,host_nonhuman,biosample host-associated environmental package,mouse-gut
2026-10-08,PRJEB39960,SAMEA7233175,host_nonhuman,biosample host-associated environmental package,mouse-gut
2026-10-08,PRJEB39960,SAMEA7233176,host_nonhuman,biosample host-associated environmental package,mouse-gut
2026-10-08,PRJEB39960,SAMEA7233177,host_nonhuman,biosample host-associated environmental package,mouse-gut
2026-10-08,PRJEB39960,SAMEA7233178,host_nonhuman,biosample host-associated environmental package,mouse-gut
2026-10-08,PRJEB39960,SAMEA7233179,host_nonhuman,biosample host-associated environmental package,mouse-gut
2026-10-08,PRJEB39960,SAMEA7233180,host_nonhuman,biosample host-associated environmental package,mouse-gut
2026-10-08,PRJEB39960,SAMEA7233181,host_nonhuman,biosample host-associated environmental package,mouse-gut
2026-10-08,PRJEB39960,SAMEA7233182,host_nonhuman,biosample host-associated environmental package,mouse-gut
2026-10-08,PRJEB39960,SAMEA7233183,host_nonhuman,biosample host-associated environmental package,mouse-gut
2026-10-08,PRJEB39960,SAMEA7233184,host_nonhuman,biosample host-associated environmental package,mouse-gut
2026-10-08,PRJEB39960,SAMEA7233185,host_nonhuman,biosample host-associated environmental package,mouse-gut
2026-10-08,PRJEB39960,SAMEA7233186,host_nonhuman,biosample host-associated environmental package,mouse-gut
2026-10-08,PRJEB39960,SAMEA7233187,host_nonhuman,biosample host-associated environmental package,mouse-gut
2026-10-08,PRJEB39960,SAMEA7233188,host_nonhuman,biosample host-associated environmental package,mouse-gut
2026-10-08,PRJEB39960,SAMEA7233189,host_nonhuman,biosample host-associated environmental package,mouse-gut
2026-10-08,PRJEB39960,SAMEA7233190,host_nonhuman,biosample host-associated environmental package,mouse-gut
2026-10-08,PRJEB39960,SAMEA7233191,host_nonhuman,biosample host-associated environmental package,mouse-gut
2026-10-08,PRJEB39960,SAMEA7233192,host_nonhuman,biosample host-associated environmental package,mouse-gut
2026-10-08,PRJEB39960,SAMEA7233193,host_nonhuman,biosample host-associated environmental package,mouse-gut
2026-10-08,PRJEB39960,SAMEA7233194,host_nonhuman,biosample host-associated environmental package,mouse-gut
2026-10-08,PRJEB39960,SAMEA7233195,host_nonhuman,biosample host-associated environmental package,mouse-gut
2026-10-08,PRJEB39960,SAMEA7233196,host_nonhuman,biosample host-associated environmental package,mouse-gut
2026-10-08,PRJEB39960,SAMEA7233197,host_nonhuman,biosample host-associated environmental package,mouse-gut
2026-10-08,PRJEB39960,SAMEA7233198,host_nonhuman,biosample host-associated environmental package,mouse-gut
2026-10-08,PRJEB39960,SAMEA7233199,host_nonhuman,biosample host-associated environmental package,mouse-gut
2026-10-08,PRJEB39960,SAMEA7233200,host_nonhuman,biosample host-associated environmental package,mouse-gut
2026-10-08,PRJEB39960,SAMEA7233201,host_nonhuman,biosample host-associated environmental package,mouse-gut
2026-10-08,PRJEB39960,SAMEA7233202,host_nonhuman,biosample host-associated environmental package,mouse-gut
2026-10-08,PRJEB39960,SAMEA7233203,host_nonhuman,biosample host-associated environmental package,mouse-gut
2026-10-08,PRJEB39960,SAMEA7233204,host_nonhuman,biosample host-associated environmental package,mouse-gut
2026-10-08,PRJEB39960,SAMEA7233205,host_nonhuman,biosample host-associated environmental package,mouse-gut
2026-10-08,PRJEB39960,SAMEA7233206,host_nonhuman,biosample host-associated environmental package,mouse-gut
2026-10-08,PRJEB39960,SAMEA7233207,host_nonhuman,biosample host-associated environmental package,mouse-gut
2026-10-08,PRJEB39960,SAMEA7233208,host_nonhuman,biosample host-associated environmental package,mouse-gut
2026-10-08,PRJEB39960,SAMEA7233209,host_nonhuman,biosample host-associated environmental package,mouse-gut
2026-10-08,PRJEB39960,SAMEA7233210,host_nonhuman,biosample host-associated environmental package,mouse-gut
2026-10-08,PRJEB39960,SAMEA7233211,host_nonhuman,biosample host-associated environmental package,mouse-gut
2026-10-08,PRJEB39960,SAMEA7233212,host_nonhuman,biosample host-associated environmental package,mouse-gut
2026-10-08,PRJEB39960,SAMEA7233213,host_nonhuman,biosample host-associated environmental package,mouse-gut
2026-10-08,PRJEB39960,SAMEA7233214,host_nonhuman,biosample host-associated environmental package,mouse-gut
2026-10-08,PRJEB39960,SAMEA7233215,host_nonhuman,biosample host-associated environmental package,mouse-gut
2026-10-08,PRJEB39960,SAMEA7233216,host_nonhuman,biosample host-associated environmental package,mouse-gut
2026-10-08,PRJEB39960,SAMEA7233217,host_nonhuman,biosample host-associated environmental package,mouse-gut
2026-10-08,PRJEB39960,SAMEA7233218,host_nonhuman,biosample host-associated environmental package,mouse-gut
2026-10-08,PRJEB39960,SAMEA7233219,host_nonhuman,biosample host-associated environmental package,mouse-gut
2026-10-08,PRJEB39960,SAMEA7233220,host_nonhuman,biosample host-associated environmental package,mouse-gut
2026-10-08,PRJEB39960,SAMEA7233221,host_nonhuman,biosample host-associated environmental package,mouse-gut
2026-10-08,PRJEB39960,SAMEA7233222,host_nonhuman,biosample host-associated environmental package,mouse-gut
2026-10-08,PRJEB39960,SAMEA7233223,host_nonhuman,biosample host-associated environmental package,mouse-gut
2026-10-08,PRJEB39960,SAMEA7233224,host_nonhuman,biosample host-associated environmental package,mouse-gut
2026-10-08,PRJEB39960,SAMEA7233225,host_nonhuman,biosample host-associated environmental package,mouse-gut
2026-10-08,PRJEB39960,SAMEA7233226,host_nonhuman,biosample host-associated environmental package,mouse-gut
2026-10-08,PRJEB73511,SAMEA116089732,host_nonhuman,scientific_name,horse metagenome
2026-10-08,PRJEB73511,SAMEA116089733,host_nonhuman,scientific_name,horse metagenome
2026-10-08,PRJEB73511,SAMEA116089734,host_nonhuman,scientific_name,horse metagenome
2026-10-08,PRJEB73511,SAMEA116089735,host_nonhuman,scientific_name,horse metagenome
2026-10-08,PRJEB73511,SAMEA116089736,host_nonhuman,scientific_name,horse metagenome
2026-10-08,PRJEB73511,SAMEA116089737,host_nonhuman,scientific_name,horse metagenome
2026-10-08,PRJEB73511,SAMEA116089738,host_nonhuman,scientific_name,horse metagenome
2026-10-08,PRJEB73511,SAMEA116089739,host_nonhuman,scientific_name,horse metagenome
2026-10-08,PRJEB73511,SAMEA116089740,host_nonhuman,scientific_name,horse metagenome
2026-10-08,PRJEB73511,SAMEA116089741,host_nonhuman,scientific_name,horse metagenome
2026-10-08,PRJEB73511,SAMEA116089742,host_nonhuman,scientific_name,horse metagenome
2026-10-08,PRJEB73511,SAMEA116089743,host_nonhuman,scientific_name,horse metagenome
2026-10-08,PRJEB73511,SAMEA116089744,host_nonhuman,scientific_name,horse metagenome
2026-10-08,PRJEB73511,SAMEA116089745,host_nonhuman,scientific_name,horse metagenome
2026-10-08,PRJEB73511,SAMEA116089746,host_nonhuman,scientific_name,horse metagenome
2026-10-08,PRJEB73511,SAMEA116089747,host_nonhuman,scientific_name,horse metagenome
2026-10-08,PRJEB73511,SAMEA116089748,host_nonhuman,scientific_name,horse metagenome
2026-10-08,PRJEB73511,SAMEA116089749,host_nonhuman,scientific_name,horse metagenome
2026-10-08,PRJEB73511,SAMEA116089750,host_nonhuman,scientific_name,horse metagenome
2026-10-08,PRJEB73511,SAMEA116089751,host_nonhuman,scientific_name,horse metagenome
2026-10-08,PRJEB73511,SAMEA116089752,host_nonhuman,scientific_name,horse metagenome
2026-10-08,PRJEB73511,SAMEA116089753,host_nonhuman,scientific_name,horse metagenome
2026-10-08,PRJEB73511,SAMEA116089754,host_nonhuman,scientific_name,horse metagenome
2026-10-08,PRJEB73511,SAMEA116089755,host_nonhuman,scientific_name,horse metagenome
2026-10-08,PRJEB73511,SAMEA116089756,host_nonhuman,scientific_name,horse metagenome
2026-10-08,PRJEB73511,SAMEA116089757,host_nonhuman,scientific_name,horse metagenome
2026-10-08,PRJEB73511,SAMEA116089758,host_nonhuman,scientific_name,horse metagenome
2026-10-08,PRJEB81804,SAMEA116331285,host_nonhuman,host_scientific_name,Sus scrofa
2026-10-08,PRJEB81804,SAMEA116331286,host_nonhuman,host_scientific_name,Sus scrofa
2026-10-08,PRJEB81804,SAMEA116331287,host_nonhuman,host_scientific_name,Sus scrofa
2026-10-08,PRJEB81804,SAMEA116331288,host_nonhuman,host_scientific_name,Sus scrofa
2026-10-08,PRJEB81804,SAMEA116331289,host_nonhuman,host_scientific_name,Sus scrofa
2026-10-08,PRJEB81804,SAMEA116331290,host_nonhuman,host_scientific_name,Sus scrofa
2026-10-08,PRJEB81804,SAMEA116331291,host_nonhuman,host_scientific_name,Sus scrofa
2026-10-08,PRJEB81804,SAMEA116331292,host_nonhuman,host_scientific_name,Sus scrofa
2026-10-08,PRJEB81804,SAMEA116331293,host_nonhuman,host_scientific_name,Sus scrofa
2026-10-08,PRJEB81804,SAMEA116331294,host_nonhuman,host_scientific_name,Sus scrofa
2026-10-08,PRJEB81804,SAMEA116331295,host_nonhuman,host_scientific_name,Sus scrofa
2026-10-08,PRJEB81804,SAMEA116331296,host_nonhuman,host_scientific_name,Sus scrofa
2026-10-08,PRJEB81804,SAMEA116331297,host_nonhuman,host_scientific_name,Sus scrofa
2026-10-08,PRJEB81804,SAMEA116331298,host_nonhuman,host_scientific_name,Sus scrofa
2026-10-08,PRJEB81804,SAMEA116331299,host_nonhuman,host_scientific_name,Sus scrofa
2026-10-08,PRJEB81804,SAMEA116331300,host_nonhuman,host_scientific_name,Sus scrofa
2026-10-08,PRJEB81804,SAMEA116331301,host_nonhuman,host_scientific_name,Sus scrofa
2026-10-08,PRJEB81804,SAMEA116331302,host_nonhuman,host_scientific_name,Sus scrofa
2026-10-08,PRJEB81804,SAMEA116331303,host_nonhuman,host_scientific_name,Sus scrofa
2026-10-08,PRJEB81804,SAMEA116331304,host_nonhuman,host_scientific_name,Sus scrofa
2026-10-08,PRJEB81804,SAMEA116331305,host_nonhuman,host_scientific_name,Sus scrofa
2026-10-08,PRJEB81804,SAMEA116331306,host_nonhuman,host_scientific_name,Sus scrofa
2026-10-08,PRJEB81804,SAMEA116331307,host_nonhuman,host_scientific_name,Sus scrofa
2026-10-08,PRJEB81804,SAMEA116331308,host_nonhuman,host_scientific_name,Sus scrofa
2026-10-08,PRJEB81804,SAMEA116331309,host_nonhuman,host_scientific_name,Sus scrofa
2026-10-08,PRJEB81804,SAMEA116331310,host_nonhuman,host_scientific_name,Sus scrofa
2026-10-08,PRJEB81804,SAMEA116331311,host_nonhuman,host_scientific_name,Sus scrofa
2026-10-08,PRJEB81804,SAMEA116331312,host_nonhuman,host_scientific_name,Sus scrofa
2026-10-08,PRJEB81804,SAMEA116331313,host_nonhuman,host_scientific_name,Sus scrofa
2026-10-08,PRJEB81804,SAMEA116331314,host_nonhuman,host_scientific_name,Sus scrofa
2026-10-08,PRJEB81804,SAMEA116331315,host_nonhuman,host_scientific_name,Sus scrofa
2026-10-08,PRJEB81804,SAMEA116331316,host_nonhuman,host_scientific_name,Sus scrofa
2026-10-08,PRJEB81804,SAMEA116331317,host_nonhuman,host_scientific_name,Sus scrofa
2026-10-08,PRJEB81804,SAMEA116331318,host_nonhuman,host_scientific_name,Sus scrofa
2026-10-08,PRJEB81804,SAMEA116331319,host_nonhuman,host_scientific_name,Sus scrofa
2026-10-08,PRJEB81804,SAMEA116331320,host_nonhuman,host_scientific_name,Sus scrofa
2026-10-08,PRJEB81804,SAMEA116331321,host_nonhuman,host_scientific_name,Sus scrofa
2026-10-08,PRJEB81804,SAMEA116331322,host_nonhuman,host_scientific_name,Sus scrofa
2026-10-08,PRJEB81804,SAMEA116331323,host_nonhuman,host_scientific_name,Sus scrofa
2026-10-08,PRJEB81804,SAMEA116331324,host_nonhuman,host_scientific_name,Sus scrofa
2026-10-08,PRJEB81804,SAMEA116331325,host_nonhuman,host_scientific_name,Sus scrofa
2026-10-08,PRJEB81804,SAMEA116331326,host_nonhuman,host_scientific_name,Sus scrofa
2026-10-08,PRJEB81804,SAMEA116331327,host_nonhuman,host_scientific_name,Sus scrofa
2026-10-08,PRJEB81804,SAMEA116331328,host_nonhuman,host_scientific_name,Sus scrofa
2026-10-08,PRJEB81804,SAMEA116331329,host_nonhuman,host_scientific_name,Sus scrofa
2026-10-08,PRJEB81804,SAMEA116331330,host_nonhuman,host_scientific_name,Sus scrofa
2026-10-08,PRJEB81804,SAMEA116331331,host_nonhuman,host_scientific_name,Sus scrofa
2026-10-08,PRJEB81804,SAMEA116331332,host_nonhuman,host_scientific_name,Sus scrofa
2026-10-08,PRJEB81804,SAMEA116331333,host_nonhuman,host_scientific_name,Sus scrofa
2026-10-08,PRJEB81804,SAMEA116331334,host_nonhuman,host_scientific_name,Sus scrofa
2026-10-08,PRJEB81804,SAMEA116331335,host_nonhuman,host_scientific_name,Sus scrofa
2026-10-08,PRJEB81804,SAMEA116331336,host_nonhuman,host_scientific_name,Sus scrofa
2026-10-08,PRJEB81804,SAMEA116331337,host_nonhuman,host_scientific_name,Sus scrofa
2026-10-08,PRJEB81804,SAMEA116331338,host_nonhuman,host_scientific_name,Sus scrofa
2026-10-08,PRJEB81804,SAMEA116331339,host_nonhuman,host_scientific_name,Sus scrofa
2026-10-08,PRJEB81804,SAMEA116331340,host_nonhuman,host_scientific_name,Sus scrofa
2026-10-08,PRJEB81804,SAMEA116331341,host_nonhuman,host_scientific_name,Sus scrofa
2026-10-08,PRJEB81804,SAMEA116331342,host_nonhuman,host_scientific_name,Sus scrofa
2026-10-08,PRJEB81804,SAMEA116331343,host_nonhuman,host_scientific_name,Sus scrofa
2026-10-08,PRJEB81804,SAMEA116331344,host_nonhuman,host_scientific_name,Sus scrofa
2026-10-08,PRJEB81804,SAMEA116331345,host_nonhuman,host_scientific_name,Sus scrofa
2026-10-08,PRJEB81804,SAMEA116331346,host_nonhuman,host_scientific_name,Sus scrofa
2026-10-08,PRJEB81804,SAMEA116331347,host_nonhuman,host_scientific_name,Sus scrofa
2026-10-08,PRJEB81804,SAMEA116331348,host_nonhuman,host_scientific_name,Sus scrofa
2026-10-08,PRJEB81804,SAMEA116331349,host_nonhuman,host_scientific_name,Sus scrofa
2026-10-08,PRJEB81804,SAMEA116331350,host_nonhuman,host_scientific_name,Sus scrofa
2026-10-08,PRJEB81804,SAMEA116331351,host_nonhuman,host_scientific_name,Sus scrofa
2026-10-08,PRJEB81804,SAMEA116331352,host_nonhuman,host_scientific_name,Sus scrofa
2026-10-08,PRJEB81804,SAMEA116331353,host_nonhuman,host_scientific_name,Sus scrofa
2026-10-08,PRJEB81804,SAMEA116331354,host_nonhuman,host_scientific_name,Sus scrofa
2026-10-08,PRJEB81804,SAMEA116331355,host_nonhuman,host_scientific_name,Sus scrofa
2026-10-08,PRJEB81804,SAMEA116331356,host_nonhuman,host_scientific_name,Sus scrofa
2026-10-08,PRJEB81804,SAMEA116331357,host_nonhuman,host_scientific_name,Sus scrofa
2026-10-08,PRJEB81804,SAMEA116331358,host_nonhuman,host_scientific_name,Sus scrofa
2026-10-08,PRJEB81804,SAMEA116331359,host_nonhuman,host_scientific_name,Sus scrofa
2026-10-08,PRJEB81804,SAMEA116331360,host_nonhuman,host_scientific_name,Sus scrofa
2026-10-08,PRJEB81804,SAMEA116331361,host_nonhuman,host_scientific_name,Sus scrofa
2026-10-08,PRJEB81804,SAMEA116331362,host_nonhuman,host_scientific_name,Sus scrofa
2026-10-08,PRJEB81804,SAMEA116331363,host_nonhuman,host_scientific_name,Sus scrofa
2026-10-08,PRJEB81804,SAMEA116331364,host_nonhuman,host_scientific_name,Sus scrofa
2026-10-08,PRJEB81804,SAMEA116331365,host_nonhuman,host_scientific_name,Sus scrofa
2026-10-08,PRJEB81804,SAMEA116331366,host_nonhuman,host_scientific_name,Sus scrofa
2026-10-08,PRJEB81804,SAMEA116331367,host_nonhuman,host_scientific_name,Sus scrofa
2026-10-08,PRJEB81804,SAMEA116331368,host_nonhuman,host_scientific_name,Sus scrofa
2026-10-08,PRJEB81804,SAMEA116331369,host_nonhuman,host_scientific_name,Sus scrofa
2026-10-08,PRJEB81804,SAMEA116331370,host_nonhuman,host_scientific_name,Sus scrofa
2026-10-08,PRJEB81804,SAMEA116331371,host_nonhuman,host_scientific_name,Sus scrofa
2026-10-08,PRJEB81804,SAMEA116331372,host_nonhuman,host_scientific_name,Sus scrofa
2026-10-08,PRJEB81804,SAMEA116331373,host_nonhuman,host_scientific_name,Sus scrofa
2026-10-08,PRJEB81804,SAMEA116331374,host_nonhuman,host_scientific_name,Sus scrofa
2026-10-08,PRJEB81804,SAMEA116331375,host_nonhuman,host_scientific_name,Sus scrofa
2026-10-08,PRJEB81804,SAMEA116331376,host_nonhuman,host_scientific_name,Sus scrofa
2026-10-08,PRJEB81804,SAMEA116331377,host_nonhuman,host_scientific_name,Sus scrofa
2026-10-08,PRJEB81804,SAMEA116331378,host_nonhuman,host_scientific_name,Sus scrofa
2026-10-08,PRJEB81804,SAMEA116331379,host_nonhuman,host_scientific_name,Sus scrofa
2026-10-08,PRJEB81804,SAMEA116331380,host_nonhuman,host_scientific_name,Sus scrofa
2026-10-08,PRJEB81804,SAMEA116331381,host_nonhuman,host_scientific_name,Sus scrofa
2026-10-08,PRJEB81804,SAMEA116331382,host_nonhuman,host_scientific_name,Sus scrofa
2026-10-08,PRJEB81804,SAMEA116331383,host_nonhuman,host_scientific_name,Sus scrofa
2026-10-08,PRJEB81804,SAMEA116331384,host_nonhuman,host_scientific_name,Sus scrofa
2026-10-08,PRJEB81804,SAMEA116331385,host_nonhuman,host_scientific_name,Sus scrofa
2026-10-08,PRJEB81804,SAMEA116331386,host_nonhuman,host_scientific_name,Sus scrofa
2026-10-08,PRJEB81804,SAMEA116331387,host_nonhuman,host_scientific_name,Sus scrofa
2026-10-08,PRJEB81804,SAMEA116331388,host_nonhuman,host_scientific_name,Sus scrofa
2026-10-08,PRJEB81804,SAMEA116331389,host_nonhuman,host_scientific_name,Sus scrofa
2026-10-08,PRJEB81804,SAMEA116331390,host_nonhuman,host_scientific_name,Sus scrofa
2026-10-08,PRJEB81804,SAMEA116331391,host_nonhuman,host_scientific_name,Sus scrofa
2026-10-08,PRJEB81804,SAMEA116331392,host_nonhuman,host_scientific_name,Sus scrofa
2026-10-08,PRJEB81804,SAMEA116331393,host_nonhuman,host_scientific_name,Sus scrofa
2026-10-08,PRJEB81804,SAMEA116331394,host_nonhuman,host_scientific_name,Sus scrofa
2026-10-08,PRJEB81804,SAMEA116331395,host_nonhuman,host_scientific_name,Sus scrofa
2026-10-08,PRJEB81804,SAMEA116331396,host_nonhuman,host_scientific_name,Sus scrofa
2026-10-08,PRJEB81804,SAMEA116331397,host_nonhuman,host_scientific_name,Sus scrofa
2026-10-08,PRJEB81804,SAMEA116331398,host_nonhuman,host_scientific_name,Sus scrofa
2026-10-08,PRJEB81804,SAMEA116331399,host_nonhuman,host_scientific_name,Sus scrofa
2026-10-08,PRJEB81804,SAMEA116331400,host_nonhuman,host_scientific_name,Sus scrofa
2026-10-08,PRJEB81804,SAMEA116331401,host_nonhuman,host_scientific_name,Sus scrofa
2026-10-08,PRJEB81804,SAMEA116331402,host_nonhuman,host_scientific_name,Sus scrofa
2026-10-08,PRJEB81804,SAMEA116331403,host_nonhuman,host_scientific_name,Sus scrofa
2026-10-08,PRJEB81804,SAMEA116331404,host_nonhuman,host_scientific_name,Sus scrofa
2026-10-08,PRJEB81804,SAMEA116331405,host_nonhuman,host_scientific_name,Sus scrofa
2026-10-08,PRJEB81804,SAMEA116331406,host_nonhuman,host_scientific_name,Sus scrofa
2026-10-08,PRJEB81804,SAMEA116331407,host_nonhuman,host_scientific_name,Sus scrofa
2026-10-08,PRJEB81804,SAMEA116331408,host_nonhuman,host_scientific_name,Sus scrofa
2026-10-08,PRJEB81804,SAMEA116331409,host_nonhuman,host_scientific_name,Sus scrofa
2026-10-08,PRJEB81804,SAMEA116331410,host_nonhuman,host_scientific_name,Sus scrofa
2026-10-08,PRJEB81804,SAMEA116331411,host_nonhuman,host_scientific_name,Sus scrofa
2026-10-08,PRJEB81804,SAMEA116331412,host_nonhuman,host_scientific_name,Sus scrofa
2026-10-08,PRJEB81804,SAMEA116331413,host_nonhuman,host_scientific_name,Sus scrofa
2026-10-08,PRJEB81804,SAMEA116331414,host_nonhuman,host_scientific_name,Sus scrofa
2026-10-08,PRJEB81804,SAMEA116331415,host_nonhuman,host_scientific_name,Sus scrofa
2026-10-08,PRJEB81804,SAMEA116331416,host_nonhuman,host_scientific_name,Sus scrofa
2026-10-08,PRJEB81804,SAMEA116331417,host_nonhuman,host_scientific_name,Sus scrofa
2026-10-08,PRJEB81804,SAMEA116331418,host_nonhuman,host_scientific_name,Sus scrofa
2026-10-08,PRJEB81804,SAMEA116331419,host_nonhuman,host_scientific_name,Sus scrofa
2026-10-08,PRJEB81804,SAMEA116331420,host_nonhuman,host_scientific_name,Sus scrofa
2026-10-08,PRJEB81804,SAMEA116331421,host_nonhuman,host_scientific_name,Sus scrofa
2026-10-08,PRJEB81804,SAMEA116331422,host_nonhuman,host_scientific_name,Sus scrofa
2026-10-08,PRJEB81804,SAMEA116331423,host_nonhuman,host_scientific_name,Sus scrofa
2026-10-08,PRJEB81804,SAMEA116331424,host_nonhuman,host_scientific_name,Sus scrofa
2026-10-08,PRJEB81804,SAMEA116331425,other,sample_title,14778.ChIP.Reag.Cntrl1.N7
2026-10-08,PRJEB81804,SAMEA116331426,other,sample_title,14778.ChIP.Reag.Cntrl1.N8
2026-10-08,PRJEB81804,SAMEA116331427,other,sample_title,14778.ChIP.Reag.Cntrl2.P7
2026-10-08,PRJEB81804,SAMEA116331428,other,sample_title,14778.ChIP.Reag.Cntrl2.P8
2026-10-08,PRJEB81804,SAMEA116331429,other,sample_title,14778.HEK.BBC.ChIP1.E21
2026-10-08,PRJEB81804,SAMEA116331430,other,sample_title,14778.HEK.BBC.ChIP1.E22
2026-10-08,PRJEB81804,SAMEA116331431,other,sample_title,14778.HEK.BBC.ChIP2.G21
2026-10-08,PRJEB81804,SAMEA116331432,other,sample_title,14778.HEK.BBC.ChIP2.G22
2026-10-08,PRJEB81804,SAMEA116331433,other,sample_title,14778.HEK.BBC.ChIP3.I21
2026-10-08,PRJEB81804,SAMEA116331434,other,sample_title,14778.HEK.BBC.ChIP3.I22
2026-10-08,PRJEB81804,SAMEA116331435,other,sample_title,14778.HEK.BBC.Control1.O19
2026-10-08,PRJEB81804,SAMEA116331436,other,sample_title,14778.HEK.BBC.Control1.O20
2026-10-08,PRJEB81804,SAMEA116331437,other,sample_title,14778.HEK.BBC.Control2.A21
2026-10-08,PRJEB81804,SAMEA116331438,other,sample_title,14778.HEK.BBC.Control2.A22
2026-10-08,PRJEB81804,SAMEA116331439,other,sample_title,14778.HEK.BBC.Control3.C21
2026-10-08,PRJEB81804,SAMEA116331440,other,sample_title,14778.HEK.BBC.Control3.C22
2026-10-08,PRJEB81804,SAMEA116331441,other,sample_title,14778.HEK.BBC.MOL1.J21
2026-10-08,PRJEB81804,SAMEA116331442,other,sample_title,14778.HEK.BBC.MOL1.J22
2026-10-08,PRJEB81804,SAMEA116331443,other,sample_title,14778.HEK.BBC.MOL2.L21
2026-10-08,PRJEB81804,SAMEA116331444,other,sample_title,14778.HEK.BBC.MOL2.L22
2026-10-08,PRJEB81804,SAMEA116331445,other,sample_title,14778.HEK.BBC.MOL3.N21
2026-10-08,PRJEB81804,SAMEA116331446,other,sample_title,14778.HEK.BBC.MOL3.N22
2026-10-08,PRJEB81804,SAMEA116331447,other,sample_title,14778.HEK.BBC.NEB1.L23
2026-10-08,PRJEB81804,SAMEA116331448,other,sample_title,14778.HEK.BBC.NEB1.L24
2026-10-08,PRJEB81804,SAMEA116331449,other,sample_title,14778.HEK.BBC.NEB2.N23
2026-10-08,PRJEB81804,SAMEA116331450,other,sample_title,14778.HEK.BBC.NEB2.N24
2026-10-08,PRJEB81804,SAMEA116331451,other,sample_title,14778.HEK.BBC.NEB3.P23
2026-10-08,PRJEB81804,SAMEA116331452,other,sample_title,14778.HEK.BBC.NEB3.P24
2026-10-08,PRJEB81804,SAMEA116331453,other,sample_title,14778.HEK.BBC.QIA1.P21
2026-10-08,PRJEB81804,SAMEA116331454,other,sample_title,14778.HEK.BBC.QIA1.P22
2026-10-08,PRJEB81804,SAMEA116331455,other,sample_title,14778.HEK.BBC.QIA2.B23
2026-10-08,PRJEB81804,SAMEA116331456,other,sample_title,14778.HEK.BBC.QIA2.B24
2026-10-08,PRJEB81804,SAMEA116331457,other,sample_title,14778.HEK.BBC.QIA3.D23
2026-10-08,PRJEB81804,SAMEA116331458,other,sample_title,14778.HEK.BBC.QIA3.D24
2026-10-08,PRJEB81804,SAMEA116331459,other,sample_title,14778.HEK.BBC.ZYM1.F23
2026-10-08,PRJEB81804,SAMEA116331460,other,sample_title,14778.HEK.BBC.ZYM1.F24
2026-10-08,PRJEB81804,SAMEA116331461,other,sample_title,14778.HEK.BBC.ZYM2.H23
2026-10-08,PRJEB81804,SAMEA116331462,other,sample_title,14778.HEK.BBC.ZYM2.H24
2026-10-08,PRJEB81804,SAMEA116331463,other,sample_title,14778.HEK.BBC.ZYM3.J23
2026-10-08,PRJEB81804,SAMEA116331464,other,sample_title,14778.HEK.BBC.ZYM3.J24
2026-10-08,PRJEB81804,SAMEA116331465,other,sample_title,14778.HEK.BBC.mChIP1.D21
2026-10-08,PRJEB81804,SAMEA116331466,other,sample_title,14778.HEK.BBC.mChIP1.D22
2026-10-08,PRJEB81804,SAMEA116331467,other,sample_title,14778.HEK.BBC.mChIP2.F21
2026-10-08,PRJEB81804,SAMEA116331468,other,sample_title,14778.HEK.BBC.mChIP2.F22
2026-10-08,PRJEB81804,SAMEA116331469,other,sample_title,14778.HEK.BBC.mChIP3.H21
2026-10-08,PRJEB81804,SAMEA116331470,other,sample_title,14778.HEK.BBC.mChIP3.H22
2026-10-08,PRJEB81804,SAMEA116331471,other,sample_title,14778.HEK.ZBGMS.ChIP1.C19
2026-10-08,PRJEB81804,SAMEA116331472,other,sample_title,14778.HEK.ZBGMS.ChIP1.C20
2026-10-08,PRJEB81804,SAMEA116331473,other,sample_title,14778.HEK.ZBGMS.ChIP2.E19
2026-10-08,PRJEB81804,SAMEA116331474,other,sample_title,14778.HEK.ZBGMS.ChIP2.E20
2026-10-08,PRJEB81804,SAMEA116331475,other,sample_title,14778.HEK.ZBGMS.ChIP3.G19
2026-10-08,PRJEB81804,SAMEA116331476,other,sample_title,14778.HEK.ZBGMS.ChIP3.G20
2026-10-08,PRJEB81804,SAMEA116331477,other,sample_title,14778.HEK.ZBGMS.Control1.M17
2026-10-08,PRJEB81804,SAMEA116331478,other,sample_title,14778.HEK.ZBGMS.Control1.M18
2026-10-08,PRJEB81804,SAMEA116331479,other,sample_title,14778.HEK.ZBGMS.Control2.O17
2026-10-08,PRJEB81804,SAMEA116331480,other,sample_title,14778.HEK.ZBGMS.Control2.O18
2026-10-08,PRJEB81804,SAMEA116331481,other,sample_title,14778.HEK.ZBGMS.Control3.A19
2026-10-08,PRJEB81804,SAMEA116331482,other,sample_title,14778.HEK.ZBGMS.Control3.A20
2026-10-08,PRJEB81804,SAMEA116331483,other,sample_title,14778.HEK.ZBGMS.MOL1.K21
2026-10-08,PRJEB81804,SAMEA116331484,other,sample_title,14778.HEK.ZBGMS.MOL1.K22
2026-10-08,PRJEB81804,SAMEA116331485,other,sample_title,14778.HEK.ZBGMS.MOL2.M21
2026-10-08,PRJEB81804,SAMEA116331486,other,sample_title,14778.HEK.ZBGMS.MOL2.M22
2026-10-08,PRJEB81804,SAMEA116331487,other,sample_title,14778.HEK.ZBGMS.MOL3.O21
2026-10-08,PRJEB81804,SAMEA116331488,other,sample_title,14778.HEK.ZBGMS.MOL3.O22
2026-10-08,PRJEB81804,SAMEA116331489,other,sample_title,14778.HEK.ZBGMS.NEB1.M23
2026-10-08,PRJEB81804,SAMEA116331490,other,sample_title,14778.HEK.ZBGMS.NEB1.M24
2026-10-08,PRJEB81804,SAMEA116331491,other,sample_title,14778.HEK.ZBGMS.NEB2.O23
2026-10-08,PRJEB81804,SAMEA116331492,other,sample_title,14778.HEK.ZBGMS.NEB2.O24
2026-10-08,PRJEB81804,SAMEA116331493,other,sample_title,14778.HEK.ZBGMS.QIA1.A23
2026-10-08,PRJEB81804,SAMEA116331494,other,sample_title,14778.HEK.ZBGMS.QIA1.A24
2026-10-08,PRJEB81804,SAMEA116331495,other,sample_title,14778.HEK.ZBGMS.QIA2.C23
2026-10-08,PRJEB81804,SAMEA116331496,other,sample_title,14778.HEK.ZBGMS.QIA2.C24
2026-10-08,PRJEB81804,SAMEA116331497,other,sample_title,14778.HEK.ZBGMS.QIA3.E23
2026-10-08,PRJEB81804,SAMEA116331498,other,sample_title,14778.HEK.ZBGMS.QIA3.E24
2026-10-08,PRJEB81804,SAMEA116331499,other,sample_title,14778.HEK.ZBGMS.ZYM1.G23
2026-10-08,PRJEB81804,SAMEA116331500,other,sample_title,14778.HEK.ZBGMS.ZYM1.G24
2026-10-08,PRJEB81804,SAMEA116331501,other,sample_title,14778.HEK.ZBGMS.ZYM2.I23
2026-10-08,PRJEB81804,SAMEA116331502,other,sample_title,14778.HEK.ZBGMS.ZYM2.I24
2026-10-08,PRJEB81804,SAMEA116331503,other,sample_title,14778.HEK.ZBGMS.ZYM3.K23
2026-10-08,PRJEB81804,SAMEA116331504,other,sample_title,14778.HEK.ZBGMS.ZYM3.K24
2026-10-08,PRJEB81804,SAMEA116331505,other,sample_title,14778.HEK.ZBGMS.mChIP1.I19
2026-10-08,PRJEB81804,SAMEA116331506,other,sample_title,14778.HEK.ZBGMS.mChIP1.I20
2026-10-08,PRJEB81804,SAMEA116331507,other,sample_title,14778.HEK.ZBGMS.mChIP2.K19
2026-10-08,PRJEB81804,SAMEA116331508,other,sample_title,14778.HEK.ZBGMS.mChIP2.K20
2026-10-08,PRJEB81804,SAMEA116331509,other,sample_title,14778.HEK.ZBGMS.mChIP3.M19
2026-10-08,PRJEB81804,SAMEA116331510,other,sample_title,14778.HEK.ZBGMS.mChIP3.M20
2026-10-08,PRJEB81804,SAMEA116331511,other,sample_title,14778.HEK.ZBMS.NEB3.B21
2026-10-08,PRJEB81804,SAMEA116331512,other,sample_title,14778.HEK.ZBMS.NEB3.B22
2026-10-08,PRJEB81804,SAMEA116331513,other,sample_title,14778.MOL.Reag.Cntrl1.F11
2026-10-08,PRJEB81804,SAMEA116331514,other,sample_title,14778.MOL.Reag.Cntrl1.F12
2026-10-08,PRJEB81804,SAMEA116331515,other,sample_title,14778.MOL.Reag.Cntrl2.H11
2026-10-08,PRJEB81804,SAMEA116331516,other,sample_title,14778.MOL.Reag.Cntrl2.H12
2026-10-08,PRJEB81804,SAMEA116331517,other,sample_title,14778.NEB.Reag.Cntrl1.N19
2026-10-08,PRJEB81804,SAMEA116331518,other,sample_title,14778.NEB.Reag.Cntrl1.N20
2026-10-08,PRJEB81804,SAMEA116331519,other,sample_title,14778.NEB.Reag.Cntrl2.P19
2026-10-08,PRJEB81804,SAMEA116331520,other,sample_title,14778.NEB.Reag.Cntrl2.P20
2026-10-08,PRJEB81804,SAMEA116331521,other,sample_title,14778.QIA.Reag.Cntrl1.N13
2026-10-08,PRJEB81804,SAMEA116331522,other,sample_title,14778.QIA.Reag.Cntrl1.N14
2026-10-08,PRJEB81804,SAMEA116331523,other,sample_title,14778.QIA.Reag.Cntrl2.P13
2026-10-08,PRJEB81804,SAMEA116331524,other,sample_title,14778.QIA.Reag.Cntrl2.P14
2026-10-08,PRJEB81804,SAMEA116331525,other,sample_title,14778.ZYM.Reag.Cntrl1.F17
2026-10-08,PRJEB81804,SAMEA116331526,other,sample_title,14778.ZYM.Reag.Cntrl1.F18
2026-10-08,PRJEB81804,SAMEA116331527,other,sample_title,14778.ZYM.Reag.Cntrl2.H17
2026-10-08,PRJEB81804,SAMEA116331528,other,sample_title,14778.ZYM.Reag.Cntrl2.H18
2026-10-08,PRJNA1008138,SAMN37113283,host_nonhuman,sample_title,LMR0004
2026-10-08,PRJNA1008138,SAMN37113284,host_nonhuman,sample_title,LMR0007
2026-10-08,PRJNA1008138,SAMN37113285,host_nonhuman,sample_title,LMR0008
2026-10-08,PRJNA1008138,SAMN37113286,host_nonhuman,sample_title,LMR0009
2026-10-08,PRJNA1008138,SAMN37113287,host_nonhuman,sample_title,LMR0011
2026-10-08,PRJNA1008138,SAMN37113288,host_nonhuman,sample_title,LMR0012
2026-10-08,PRJNA1008138,SAMN37113289,host_nonhuman,sample_title,LMR0017
2026-10-08,PRJNA1008138,SAMN37113290,host_nonhuman,sample_title,LMR0021
2026-10-08,PRJNA1008138,SAMN37113291,host_nonhuman,sample_title,LMR0022
2026-10-08,PRJNA1008138,SAMN37113292,host_nonhuman,sample_title,LMR0023
2026-10-08,PRJNA1008138,SAMN37113293,host_nonhuman,sample_title,LMR0024
2026-10-08,PRJNA1032744,SAMN38030422,host_nonhuman,scientific_name,mouse gut metagenome
2026-10-08,PRJNA1032744,SAMN38030423,host_nonhuman,scientific_name,mouse gut metagenome
2026-10-08,PRJNA1032744,SAMN38030424,host_nonhuman,scientific_name,mouse gut metagenome
2026-10-08,PRJNA1032744,SAMN38030425,host_nonhuman,scientific_name,mouse gut metagenome
2026-10-08,PRJNA1032744,SAMN38030426,host_nonhuman,scientific_name,mouse gut metagenome
2026-10-08,PRJNA1032744,SAMN38030428,host_nonhuman,scientific_name,mouse gut metagenome
2026-10-08,PRJNA1032744,SAMN38030429,host_nonhuman,scientific_name,mouse gut metagenome
2026-10-08,PRJNA1032744,SAMN38030430,host_nonhuman,scientific_name,mouse gut metagenome
2026-10-08,PRJNA1032744,SAMN38030431,host_nonhuman,scientific_name,mouse gut metagenome
2026-10-08,PRJNA1032744,SAMN38030432,host_nonhuman,scientific_name,mouse gut metagenome
2026-10-08,PRJNA1032744,SAMN38030434,host_nonhuman,scientific_name,mouse gut metagenome
2026-10-08,PRJNA1032744,SAMN38030435,host_nonhuman,scientific_name,mouse gut metagenome
2026-10-08,PRJNA1032744,SAMN38030436,host_nonhuman,scientific_name,mouse gut metagenome
2026-10-08,PRJNA1032744,SAMN38030437,host_nonhuman,scientific_name,mouse gut metagenome
2026-10-08,PRJNA1032744,SAMN38030438,host_nonhuman,scientific_name,mouse gut metagenome
2026-10-08,PRJNA1032744,SAMN38030440,host_nonhuman,scientific_name,mouse gut metagenome
2026-10-08,PRJNA1032744,SAMN38030441,host_nonhuman,scientific_name,mouse gut metagenome
2026-10-08,PRJNA1032744,SAMN38030442,host_nonhuman,scientific_name,mouse gut metagenome
2026-10-08,PRJNA1032744,SAMN38030443,host_nonhuman,scientific_name,mouse gut metagenome
2026-10-08,PRJNA1032744,SAMN38030444,host_nonhuman,scientific_name,mouse gut metagenome
2026-10-08,PRJNA1032744,SAMN38030446,host_nonhuman,scientific_name,mouse gut metagenome
2026-10-08,PRJNA1032744,SAMN38030447,host_nonhuman,scientific_name,mouse gut metagenome
2026-10-08,PRJNA1032744,SAMN38030448,host_nonhuman,scientific_name,mouse gut metagenome
2026-10-08,PRJNA1032744,SAMN38030449,host_nonhuman,scientific_name,mouse gut metagenome
2026-10-08,PRJNA1032744,SAMN38030450,host_nonhuman,scientific_name,mouse gut metagenome
2026-10-08,PRJNA1032744,SAMN38030452,host_nonhuman,scientific_name,mouse gut metagenome
2026-10-08,PRJNA1032744,SAMN38030453,host_nonhuman,scientific_name,mouse gut metagenome
2026-10-08,PRJNA1032744,SAMN38030454,host_nonhuman,scientific_name,mouse gut metagenome
2026-10-08,PRJNA1032744,SAMN38030455,host_nonhuman,scientific_name,mouse gut metagenome
2026-10-08,PRJNA1032744,SAMN38030456,host_nonhuman,scientific_name,mouse gut metagenome
2026-10-08,PRJNA1032744,SAMN38030458,host_nonhuman,scientific_name,mouse gut metagenome
2026-10-08,PRJNA1032744,SAMN38030459,host_nonhuman,scientific_name,mouse gut metagenome
2026-10-08,PRJNA1032744,SAMN38030460,host_nonhuman,scientific_name,mouse gut metagenome
2026-10-08,PRJNA1032744,SAMN38030461,host_nonhuman,scientific_name,mouse gut metagenome
2026-10-08,PRJNA1032744,SAMN38030462,host_nonhuman,scientific_name,mouse gut metagenome
2026-10-08,PRJNA1032744,SAMN38030464,host_nonhuman,scientific_name,mouse gut metagenome
2026-10-08,PRJNA1032744,SAMN38030465,host_nonhuman,scientific_name,mouse gut metagenome
2026-10-08,PRJNA1032744,SAMN38030466,host_nonhuman,scientific_name,mouse gut metagenome
2026-10-08,PRJNA1032744,SAMN38030467,host_nonhuman,scientific_name,mouse gut metagenome
2026-10-08,PRJNA1032744,SAMN38030468,host_nonhuman,scientific_name,mouse gut metagenome
2026-10-08,PRJNA1032744,SAMN38030470,host_nonhuman,scientific_name,mouse gut metagenome
2026-10-08,PRJNA1032744,SAMN38030471,host_nonhuman,scientific_name,mouse gut metagenome
2026-10-08,PRJNA1032744,SAMN38030472,host_nonhuman,scientific_name,mouse gut metagenome
2026-10-08,PRJNA1032744,SAMN38030473,host_nonhuman,scientific_name,mouse gut metagenome
2026-10-08,PRJNA1032744,SAMN38030474,host_nonhuman,scientific_name,mouse gut metagenome
2026-10-08,PRJNA1032744,SAMN38030476,host_nonhuman,scientific_name,mouse gut metagenome
2026-10-08,PRJNA1032744,SAMN38030477,host_nonhuman,scientific_name,mouse gut metagenome
2026-10-08,PRJNA1032744,SAMN38030478,host_nonhuman,scientific_name,mouse gut metagenome
2026-10-08,PRJNA1032744,SAMN38030479,host_nonhuman,scientific_name,mouse gut metagenome
2026-10-08,PRJNA1032744,SAMN38030480,host_nonhuman,scientific_name,mouse gut metagenome
2026-10-08,PRJNA1032744,SAMN38030482,host_nonhuman,scientific_name,mouse gut metagenome
2026-10-08,PRJNA1032744,SAMN38030483,host_nonhuman,scientific_name,mouse gut metagenome
2026-10-08,PRJNA1032744,SAMN38030484,host_nonhuman,scientific_name,mouse gut metagenome
2026-10-08,PRJNA1032744,SAMN38030485,host_nonhuman,scientific_name,mouse gut metagenome
2026-10-08,PRJNA1032744,SAMN38030486,host_nonhuman,scientific_name,mouse gut metagenome
2026-10-08,PRJNA1032744,SAMN38030488,host_nonhuman,scientific_name,mouse gut metagenome
2026-10-08,PRJNA1032744,SAMN38030489,host_nonhuman,scientific_name,mouse gut metagenome
2026-10-08,PRJNA1032744,SAMN38030490,host_nonhuman,scientific_name,mouse gut metagenome
2026-10-08,PRJNA1032744,SAMN38030491,host_nonhuman,scientific_name,mouse gut metagenome
2026-10-08,PRJNA1032744,SAMN38030492,host_nonhuman,scientific_name,mouse gut metagenome
2026-10-08,PRJNA1032744,SAMN38030494,host_nonhuman,scientific_name,mouse gut metagenome
2026-10-08,PRJNA1032744,SAMN38030495,host_nonhuman,scientific_name,mouse gut metagenome
2026-10-08,PRJNA1032744,SAMN38030496,host_nonhuman,scientific_name,mouse gut metagenome
2026-10-08,PRJNA1032744,SAMN38030497,host_nonhuman,scientific_name,mouse gut metagenome
2026-10-08,PRJNA1032744,SAMN38030498,host_nonhuman,scientific_name,mouse gut metagenome
2026-10-08,PRJNA1032744,SAMN38030500,host_nonhuman,scientific_name,mouse gut metagenome
2026-10-08,PRJNA1032744,SAMN38030501,host_nonhuman,scientific_name,mouse gut metagenome
2026-10-08,PRJNA1032744,SAMN38030502,host_nonhuman,scientific_name,mouse gut metagenome
2026-10-08,PRJNA1032744,SAMN38030503,host_nonhuman,scientific_name,mouse gut metagenome
2026-10-08,PRJNA1032744,SAMN38030504,host_nonhuman,scientific_name,mouse gut metagenome
2026-10-08,PRJNA1032744,SAMN38030506,host_nonhuman,scientific_name,mouse gut metagenome
2026-10-08,PRJNA1032744,SAMN38030507,host_nonhuman,scientific_name,mouse gut metagenome
2026-10-08,PRJNA1032744,SAMN38030508,host_nonhuman,scientific_name,mouse gut metagenome
2026-10-08,PRJNA1032744,SAMN38030509,host_nonhuman,scientific_name,mouse gut metagenome
2026-10-08,PRJNA1032744,SAMN38030510,host_nonhuman,scientific_name,mouse gut metagenome
2026-10-08,PRJNA1032744,SAMN38030512,host_nonhuman,scientific_name,mouse gut metagenome
2026-10-08,PRJNA1032744,SAMN38030513,host_nonhuman,scientific_name,mouse gut metagenome
2026-10-08,PRJNA1032744,SAMN38030514,host_nonhuman,scientific_name,mouse gut metagenome
2026-10-08,PRJNA1032744,SAMN38030515,host_nonhuman,scientific_name,mouse gut metagenome
2026-10-08,PRJNA1032744,SAMN38030516,host_nonhuman,scientific_name,mouse gut metagenome
2026-10-08,PRJNA1032744,SAMN38030518,host_nonhuman,scientific_name,mouse gut metagenome
2026-10-08,PRJNA1032744,SAMN38030519,host_nonhuman,scientific_name,mouse gut metagenome
2026-10-08,PRJNA1032744,SAMN38030520,host_nonhuman,scientific_name,mouse gut metagenome
2026-10-08,PRJNA1032744,SAMN38030521,host_nonhuman,scientific_name,mouse gut metagenome
2026-10-08,PRJNA1032744,SAMN38030522,host_nonhuman,scientific_name,mouse gut metagenome
2026-10-08,PRJNA1032744,SAMN38030524,host_nonhuman,scientific_name,mouse gut metagenome
2026-10-08,PRJNA1032744,SAMN38030525,host_nonhuman,scientific_name,mouse gut metagenome
2026-10-08,PRJNA1032744,SAMN38030526,host_nonhuman,scientific_name,mouse gut metagenome
2026-10-08,PRJNA1032744,SAMN38030527,host_nonhuman,scientific_name,mouse gut metagenome
2026-10-08,PRJNA1032744,SAMN38030528,host_nonhuman,scientific_name,mouse gut metagenome
2026-10-08,PRJNA1032744,SAMN38030530,host_nonhuman,scientific_name,mouse gut metagenome
2026-10-08,PRJNA1032744,SAMN38030531,host_nonhuman,scientific_name,mouse gut metagenome
2026-10-08,PRJNA1032744,SAMN38030532,host_nonhuman,scientific_name,mouse gut metagenome
2026-10-08,PRJNA1032744,SAMN38030533,host_nonhuman,scientific_name,mouse gut metagenome
2026-10-08,PRJNA1032744,SAMN38030534,host_nonhuman,scientific_name,mouse gut metagenome
2026-10-08,PRJNA1032744,SAMN38030536,host_nonhuman,scientific_name,mouse gut metagenome
2026-10-08,PRJNA1032744,SAMN38030537,host_nonhuman,scientific_name,mouse gut metagenome
2026-10-08,PRJNA1032744,SAMN38030538,host_nonhuman,scientific_name,mouse gut metagenome
2026-10-08,PRJNA1032744,SAMN38030539,host_nonhuman,scientific_name,mouse gut metagenome
2026-10-08,PRJNA1032744,SAMN38030540,host_nonhuman,scientific_name,mouse gut metagenome
2026-10-08,PRJNA1067813,SAMN39571647,host_nonhuman,biosample host,Mus musculus
2026-10-08,PRJNA1067813,SAMN39571648,host_nonhuman,biosample host,Mus musculus
2026-10-08,PRJNA1067813,SAMN39571649,host_nonhuman,biosample host,Mus musculus
2026-10-08,PRJNA1067813,SAMN39571650,host_nonhuman,biosample host,Mus musculus
2026-10-08,PRJNA1067813,SAMN39571651,host_nonhuman,biosample host,Mus musculus
2026-10-08,PRJNA1067813,SAMN39571652,host_nonhuman,biosample host,Mus musculus
2026-10-08,PRJNA1067813,SAMN39571653,host_nonhuman,biosample host,Mus musculus
2026-10-08,PRJNA1067813,SAMN39571654,host_nonhuman,biosample host,Mus musculus
2026-10-08,PRJNA1067813,SAMN39571655,host_nonhuman,biosample host,Mus musculus
2026-10-08,PRJNA1067813,SAMN39571656,host_nonhuman,biosample host,Mus musculus
2026-10-08,PRJNA1067813,SAMN39571657,host_nonhuman,biosample host,Mus musculus
2026-10-08,PRJNA1067813,SAMN39571658,host_nonhuman,biosample host,Mus musculus
2026-10-08,PRJNA1067813,SAMN39571660,host_nonhuman,biosample host,Mus musculus
2026-10-08,PRJNA1067813,SAMN39571661,host_nonhuman,biosample host,Mus musculus
2026-10-08,PRJNA1067813,SAMN39571662,host_nonhuman,biosample host,Mus musculus
2026-10-08,PRJNA1067813,SAMN39571663,host_nonhuman,biosample host,Mus musculus
2026-10-08,PRJNA1067813,SAMN39571664,host_nonhuman,biosample host,Mus musculus
2026-10-08,PRJNA1067813,SAMN39571665,host_nonhuman,biosample host,Mus musculus
2026-10-08,PRJNA1067813,SAMN39571666,host_nonhuman,biosample host,Mus musculus
2026-10-08,PRJNA1067813,SAMN39571667,host_nonhuman,biosample host,Mus musculus
2026-10-08,PRJNA1067813,SAMN39571668,host_nonhuman,biosample host,Mus musculus
2026-10-08,PRJNA1067813,SAMN39571669,host_nonhuman,biosample host,Mus musculus
2026-10-08,PRJNA1067813,SAMN39571670,host_nonhuman,biosample host,Mus musculus
2026-10-08,PRJNA1067813,SAMN39571671,host_nonhuman,biosample host,Mus musculus
2026-10-08,PRJNA1067813,SAMN39571672,host_nonhuman,biosample host,Mus musculus
2026-10-08,PRJNA1067813,SAMN39571673,host_nonhuman,biosample host,Mus musculus
2026-10-08,PRJNA1067813,SAMN39571674,host_nonhuman,biosample host,Mus musculus
2026-10-08,PRJNA1067813,SAMN39571675,host_nonhuman,biosample host,Mus musculus
2026-10-08,PRJNA1067813,SAMN39571676,host_nonhuman,biosample host,Mus musculus
2026-10-08,PRJNA1067813,SAMN39571677,host_nonhuman,biosample host,Mus musculus
2026-10-08,PRJNA1067813,SAMN39571678,host_nonhuman,biosample host,Mus musculus
2026-10-08,PRJNA1067813,SAMN39571679,host_nonhuman,biosample host,Mus musculus
2026-10-08,PRJNA1067813,SAMN39571680,host_nonhuman,biosample host,Mus musculus
2026-10-08,PRJNA1067813,SAMN39571681,host_nonhuman,biosample host,Mus musculus
2026-10-08,PRJNA1067813,SAMN39571682,host_nonhuman,biosample host,Mus musculus
2026-10-08,PRJNA1067813,SAMN39571683,host_nonhuman,biosample host,Mus musculus
2026-10-08,PRJNA1067813,SAMN39571684,host_nonhuman,biosample host,Mus musculus
2026-10-08,PRJNA1067813,SAMN39571685,host_nonhuman,biosample host,Mus musculus
2026-10-08,PRJNA1067813,SAMN39571686,host_nonhuman,biosample host,Mus musculus
2026-10-08,PRJNA1067813,SAMN39571687,host_nonhuman,biosample host,Mus musculus
2026-10-08,PRJNA1067813,SAMN39571688,host_nonhuman,biosample host,Mus musculus
2026-10-08,PRJNA1067813,SAMN39571689,host_nonhuman,biosample host,Mus musculus
2026-10-08,PRJNA1067813,SAMN39571690,host_nonhuman,biosample host,Mus musculus
2026-10-08,PRJNA1067813,SAMN39571691,host_nonhuman,biosample host,Mus musculus
2026-10-08,PRJNA1067813,SAMN39571692,host_nonhuman,biosample host,Mus musculus
2026-10-08,PRJNA1067813,SAMN39571693,host_nonhuman,biosample host,Mus musculus
2026-10-08,PRJNA1067813,SAMN39571694,host_nonhuman,biosample host,Mus musculus
2026-10-08,PRJNA1067813,SAMN39571695,host_nonhuman,biosample host,Mus musculus
2026-10-08,PRJNA1067813,SAMN39571696,host_nonhuman,biosample host,Mus musculus
2026-10-08,PRJNA1067813,SAMN39571697,host_nonhuman,biosample host,Mus musculus
2026-10-08,PRJNA1067813,SAMN39571698,host_nonhuman,biosample host,Mus musculus
2026-10-08,PRJNA1067813,SAMN39571699,host_nonhuman,biosample host,Mus musculus
2026-10-08,PRJNA1067813,SAMN39571700,host_nonhuman,biosample host,Mus musculus
2026-10-08,PRJNA1067813,SAMN39571701,host_nonhuman,biosample host,Mus musculus
2026-10-08,PRJNA1067813,SAMN39571702,host_nonhuman,biosample host,Mus musculus
2026-10-08,PRJNA1067813,SAMN39571703,host_nonhuman,biosample host,Mus musculus
2026-10-08,PRJNA1067813,SAMN39571704,host_nonhuman,biosample host,Mus musculus
2026-10-08,PRJNA1067813,SAMN39571705,host_nonhuman,biosample host,Mus musculus
2026-10-08,PRJNA1067813,SAMN39571706,host_nonhuman,biosample host,Mus musculus
2026-10-08,PRJNA1067813,SAMN39571707,host_nonhuman,biosample host,Mus musculus
2026-10-08,PRJNA1067813,SAMN39571708,host_nonhuman,biosample host,Mus musculus
2026-10-08,PRJNA1067813,SAMN39571709,host_nonhuman,biosample host,Mus musculus
2026-10-08,PRJNA1067813,SAMN39571710,host_nonhuman,biosample host,Mus musculus
2026-10-08,PRJNA1067813,SAMN39571711,host_nonhuman,biosample host,Mus musculus
2026-10-08,PRJNA1067813,SAMN39571712,host_nonhuman,biosample host,Mus musculus
2026-10-08,PRJNA1067813,SAMN39571713,host_nonhuman,biosample host,Mus musculus
2026-10-08,PRJNA1067813,SAMN39571714,host_nonhuman,biosample host,Mus musculus
2026-10-08,PRJNA1067813,SAMN39571715,host_nonhuman,biosample host,Mus musculus
2026-10-08,PRJNA1067813,SAMN39571716,host_nonhuman,biosample host,Mus musculus
2026-10-08,PRJNA1067813,SAMN39571717,host_nonhuman,biosample host,Mus musculus
2026-10-08,PRJNA1067813,SAMN39571718,host_nonhuman,biosample host,Mus musculus
2026-10-08,PRJNA1067813,SAMN39571719,host_nonhuman,biosample host,Mus musculus
2026-10-08,PRJNA1067813,SAMN39571720,host_nonhuman,biosample host,Mus musculus
2026-10-08,PRJNA1067813,SAMN39571721,host_nonhuman,biosample host,Mus musculus
2026-10-08,PRJNA1067813,SAMN39571722,host_nonhuman,biosample host,Mus musculus
2026-10-08,PRJNA1067813,SAMN39571723,host_nonhuman,biosample host,Mus musculus
2026-10-08,PRJNA1067813,SAMN39571724,host_nonhuman,biosample host,Mus musculus
2026-10-08,PRJNA1067813,SAMN39571725,host_nonhuman,biosample host,Mus musculus
2026-10-08,PRJNA1067813,SAMN39571726,host_nonhuman,biosample host,Mus musculus
2026-10-08,PRJNA1067813,SAMN39571727,host_nonhuman,biosample host,Mus musculus
2026-10-08,PRJNA1067813,SAMN39571728,host_nonhuman,biosample host,Mus musculus
2026-10-08,PRJNA1067813,SAMN39571729,host_nonhuman,biosample host,Mus musculus
2026-10-08,PRJNA1067813,SAMN39571730,host_nonhuman,biosample host,Mus musculus
2026-10-08,PRJNA1067813,SAMN39571731,host_nonhuman,biosample host,Mus musculus
2026-10-08,PRJNA1067813,SAMN39571732,host_nonhuman,biosample host,Mus musculus
2026-10-08,PRJNA1067813,SAMN39571733,host_nonhuman,biosample host,Mus musculus
2026-10-08,PRJNA1067813,SAMN39571734,host_nonhuman,biosample host,Mus musculus
2026-10-08,PRJNA1067813,SAMN39571735,host_nonhuman,biosample host,Mus musculus
2026-10-08,PRJNA1067813,SAMN39571736,host_nonhuman,biosample host,Mus musculus
2026-10-08,PRJNA1067813,SAMN39571737,host_nonhuman,biosample host,Mus musculus
2026-10-08,PRJNA1067813,SAMN39571738,host_nonhuman,biosample host,Mus musculus
2026-10-08,PRJNA1067813,SAMN39571739,host_nonhuman,biosample host,Mus musculus
2026-10-08,PRJNA1067813,SAMN39571740,host_nonhuman,biosample host,Mus musculus
2026-10-08,PRJNA1067813,SAMN39571741,host_nonhuman,biosample host,Mus musculus
2026-10-08,PRJNA1067813,SAMN39571742,host_nonhuman,biosample host,Mus musculus
2026-10-08,PRJNA1067813,SAMN39571743,host_nonhuman,biosample host,Mus musculus
2026-10-08,PRJNA1067813,SAMN39571744,host_nonhuman,biosample host,Mus musculus
2026-10-08,PRJNA1067813,SAMN39571745,host_nonhuman,biosample host,Mus musculus
2026-10-08,PRJNA1067813,SAMN39571746,host_nonhuman,biosample host,Mus musculus
2026-10-08,PRJNA1067813,SAMN39571747,host_nonhuman,biosample host,Mus musculus
2026-10-08,PRJNA1067813,SAMN39571748,host_nonhuman,biosample host,Mus musculus
2026-10-08,PRJNA1067813,SAMN39571749,host_nonhuman,biosample host,Mus musculus
2026-10-08,PRJNA1067813,SAMN39571750,host_nonhuman,biosample host,Mus musculus
2026-10-08,PRJNA1067813,SAMN39571751,host_nonhuman,biosample host,Mus musculus
2026-10-08,PRJNA1067813,SAMN39571752,host_nonhuman,biosample host,Mus musculus
2026-10-08,PRJNA1067813,SAMN39571753,host_nonhuman,biosample host,Mus musculus
2026-10-08,PRJNA1067813,SAMN39571754,host_nonhuman,biosample host,Mus musculus
2026-10-08,PRJNA1067813,SAMN39571755,host_nonhuman,biosample host,Mus musculus
2026-10-08,PRJNA1067813,SAMN39571756,host_nonhuman,biosample host,Mus musculus
2026-10-08,PRJNA1067813,SAMN39571757,host_nonhuman,biosample host,Mus musculus
2026-10-08,PRJNA1067813,SAMN39571758,host_nonhuman,biosample host,Mus musculus
2026-10-08,PRJNA1067813,SAMN39571759,host_nonhuman,biosample host,Mus musculus
2026-10-08,PRJNA1067813,SAMN39571760,host_nonhuman,biosample host,Mus musculus
2026-10-08,PRJNA1067813,SAMN39571761,host_nonhuman,biosample host,Mus musculus
2026-10-08,PRJNA1067813,SAMN39571762,host_nonhuman,biosample host,Mus musculus
2026-10-08,PRJNA1067813,SAMN39571763,host_nonhuman,biosample host,Mus musculus
2026-10-08,PRJNA1067813,SAMN39571764,host_nonhuman,biosample host,Mus musculus
2026-10-08,PRJNA1067813,SAMN39571765,host_nonhuman,biosample host,Mus musculus
2026-10-08,PRJNA1067813,SAMN39571766,host_nonhuman,biosample host,Mus musculus
2026-10-08,PRJNA1067813,SAMN39571767,host_nonhuman,biosample host,Mus musculus
2026-10-08,PRJNA1067813,SAMN39571768,host_nonhuman,biosample host,Mus musculus
2026-10-08,PRJNA1067813,SAMN39571769,host_nonhuman,biosample host,Mus musculus
2026-10-08,PRJNA1067813,SAMN39571771,host_nonhuman,biosample host,Mus musculus
2026-10-08,PRJNA1067813,SAMN39571772,host_nonhuman,biosample host,Mus musculus
2026-10-08,PRJNA1067813,SAMN39571773,host_nonhuman,biosample host,Mus musculus
2026-10-08,PRJNA1067813,SAMN39571774,host_nonhuman,biosample host,Mus musculus
2026-10-08,PRJNA1067813,SAMN39571775,host_nonhuman,biosample host,Mus musculus
2026-10-08,PRJNA1067813,SAMN39571776,host_nonhuman,biosample host,Mus musculus
2026-10-08,PRJNA1067813,SAMN39571777,host_nonhuman,biosample host,Mus musculus
2026-10-08,PRJNA1067813,SAMN39571778,host_nonhuman,biosample host,Mus musculus
2026-10-08,PRJNA1067813,SAMN39571779,host_nonhuman,biosample host,Mus musculus
2026-10-08,PRJNA1067813,SAMN39571780,host_nonhuman,biosample host,Mus musculus
2026-10-08,PRJNA1067813,SAMN39571783,host_nonhuman,biosample host,Mus musculus
2026-10-08,PRJNA1067813,SAMN39571784,host_nonhuman,biosample host,Mus musculus
2026-10-08,PRJNA1067813,SAMN39571786,host_nonhuman,biosample host,Mus musculus
2026-10-08,PRJNA1067813,SAMN39571794,host_nonhuman,biosample host,Mus musculus
2026-10-08,PRJNA1067813,SAMN39571795,host_nonhuman,biosample host,Mus musculus
2026-10-08,PRJNA1067813,SAMN39571796,host_nonhuman,biosample host,Mus musculus
2026-10-08,PRJNA1067813,SAMN39571798,host_nonhuman,biosample host,Mus musculus
2026-10-08,PRJNA1067813,SAMN39571799,host_nonhuman,biosample host,Mus musculus
2026-10-08,PRJNA1067813,SAMN39571800,host_nonhuman,biosample host,Mus musculus
2026-10-08,PRJNA1067813,SAMN39571801,host_nonhuman,biosample host,Mus musculus
2026-10-08,PRJNA1067813,SAMN39571802,host_nonhuman,biosample host,Mus musculus
2026-10-08,PRJNA1067813,SAMN39571803,host_nonhuman,biosample host,Mus musculus
2026-10-08,PRJNA1067813,SAMN39571804,host_nonhuman,biosample host,Mus musculus
2026-10-08,PRJNA1067813,SAMN39571891,host_nonhuman,biosample host,Mus musculus
2026-10-08,PRJNA1067813,SAMN39571892,host_nonhuman,biosample host,Mus musculus
2026-10-08,PRJNA1067813,SAMN39571893,host_nonhuman,biosample host,Mus musculus
2026-10-08,PRJNA1067813,SAMN39571894,host_nonhuman,biosample host,Mus musculus
2026-10-08,PRJNA1067813,SAMN39571895,host_nonhuman,biosample host,Mus musculus
2026-10-08,PRJNA1067813,SAMN39571896,host_nonhuman,biosample host,Mus musculus
2026-10-08,PRJNA1067813,SAMN39571897,host_nonhuman,biosample host,Mus musculus
2026-10-08,PRJNA1067813,SAMN39571898,host_nonhuman,biosample host,Mus musculus
2026-10-08,PRJNA1067813,SAMN39571899,host_nonhuman,biosample host,Mus musculus
2026-10-08,PRJNA1067813,SAMN39571900,host_nonhuman,biosample host,Mus musculus
2026-10-08,PRJNA1067813,SAMN39571901,host_nonhuman,biosample host,Mus musculus
2026-10-08,PRJNA1067813,SAMN39571902,host_nonhuman,biosample host,Mus musculus
2026-10-08,PRJNA1067813,SAMN39571903,host_nonhuman,biosample host,Mus musculus
2026-10-08,PRJNA1067813,SAMN39571904,host_nonhuman,biosample host,Mus musculus
2026-10-08,PRJNA1067813,SAMN39571905,host_nonhuman,biosample host,Mus musculus
2026-10-08,PRJNA1067813,SAMN39571906,host_nonhuman,biosample host,Mus musculus
2026-10-08,PRJNA1067813,SAMN39571907,host_nonhuman,biosample host,Mus musculus
2026-10-08,PRJNA1067813,SAMN39571908,host_nonhuman,biosample host,Mus musculus
2026-10-08,PRJNA1067813,SAMN39571909,host_nonhuman,biosample host,Mus musculus
2026-10-08,PRJNA1067813,SAMN39571910,host_nonhuman,biosample host,Mus musculus
2026-10-08,PRJNA1067813,SAMN39571911,host_nonhuman,biosample host,Mus musculus
2026-10-08,PRJNA1067813,SAMN39571912,host_nonhuman,biosample host,Mus musculus
2026-10-08,PRJNA1067813,SAMN39571913,host_nonhuman,biosample host,Mus musculus
2026-10-08,PRJNA1067813,SAMN39571914,host_nonhuman,biosample host,Mus musculus
2026-10-08,PRJNA1067813,SAMN39572011,host_nonhuman,biosample host,Mus musculus
2026-10-08,PRJNA1067813,SAMN39572012,host_nonhuman,biosample host,Mus musculus
2026-10-08,PRJNA1067813,SAMN39572013,host_nonhuman,biosample host,Mus musculus
2026-10-08,PRJNA1067813,SAMN39572014,host_nonhuman,biosample host,Mus musculus
2026-10-08,PRJNA1067813,SAMN39572015,host_nonhuman,biosample host,Mus musculus
2026-10-08,PRJNA1067813,SAMN39572016,host_nonhuman,biosample host,Mus musculus
2026-10-08,PRJNA1067813,SAMN39572017,host_nonhuman,biosample host,Mus musculus
2026-10-08,PRJNA1067813,SAMN39572018,host_nonhuman,biosample host,Mus musculus
2026-10-08,PRJNA1067813,SAMN39572019,host_nonhuman,biosample host,Mus musculus
2026-10-08,PRJNA1067813,SAMN39572020,host_nonhuman,biosample host,Mus musculus
2026-10-08,PRJNA1067813,SAMN39572021,host_nonhuman,biosample host,Mus musculus
2026-10-08,PRJNA1067813,SAMN39572022,host_nonhuman,biosample host,Mus musculus
2026-10-08,PRJNA1067813,SAMN39572023,host_nonhuman,biosample host,Mus musculus
2026-10-08,PRJNA1067813,SAMN39572024,host_nonhuman,biosample host,Mus musculus
2026-10-08,PRJNA1067813,SAMN39572025,host_nonhuman,biosample host,Mus musculus
2026-10-08,PRJNA1067813,SAMN39572026,host_nonhuman,biosample host,Mus musculus
2026-10-08,PRJNA1067813,SAMN39572027,host_nonhuman,biosample host,Mus musculus
2026-10-08,PRJNA1067813,SAMN39572028,host_nonhuman,biosample host,Mus musculus
2026-10-08,PRJNA1067813,SAMN39572029,host_nonhuman,biosample host,Mus musculus
2026-10-08,PRJNA1067813,SAMN39572030,host_nonhuman,biosample host,Mus musculus
2026-10-08,PRJNA1067813,SAMN39572031,host_nonhuman,biosample host,Mus musculus
2026-10-08,PRJNA1067813,SAMN39572032,host_nonhuman,biosample host,Mus musculus
2026-10-08,PRJNA1067813,SAMN39572033,host_nonhuman,biosample host,Mus musculus
2026-10-08,PRJNA1067813,SAMN39572034,host_nonhuman,biosample host,Mus musculus
2026-10-08,PRJNA1067813,SAMN39572035,host_nonhuman,biosample host,Mus musculus
2026-10-08,PRJNA1067813,SAMN39572036,host_nonhuman,biosample host,Mus musculus
2026-10-08,PRJNA1067813,SAMN39572037,host_nonhuman,biosample host,Mus musculus
2026-10-08,PRJNA1067813,SAMN39572038,host_nonhuman,biosample host,Mus musculus
2026-10-08,PRJNA1067813,SAMN39572039,host_nonhuman,biosample host,Mus musculus
2026-10-08,PRJNA1067813,SAMN39572040,host_nonhuman,biosample host,Mus musculus
2026-10-08,PRJNA1067813,SAMN39572041,host_nonhuman,biosample host,Mus musculus
2026-10-08,PRJNA1067813,SAMN39572042,host_nonhuman,biosample host,Mus musculus
2026-10-08,PRJNA1067813,SAMN39572166,host_nonhuman,biosample host,Mus musculus
2026-10-08,PRJNA1067813,SAMN39572167,host_nonhuman,biosample host,Mus musculus
2026-10-08,PRJNA1067813,SAMN39572168,host_nonhuman,biosample host,Mus musculus
2026-10-08,PRJNA1067813,SAMN39572171,host_nonhuman,biosample host,Mus musculus
2026-10-08,PRJNA1067813,SAMN39572172,host_nonhuman,biosample host,Mus musculus
2026-10-08,PRJNA1067813,SAMN39572193,host_nonhuman,biosample host,Mus musculus
2026-10-08,PRJNA1067813,SAMN39572194,host_nonhuman,biosample host,Mus musculus
2026-10-08,PRJNA1067813,SAMN39572195,host_nonhuman,biosample host,Mus musculus
2026-10-08,PRJNA1067813,SAMN39572196,host_nonhuman,biosample host,Mus musculus
2026-10-08,PRJNA1067813,SAMN39572197,host_nonhuman,biosample host,Mus musculus
2026-10-08,PRJNA1067813,SAMN39572198,host_nonhuman,biosample host,Mus musculus
2026-10-08,PRJNA1067813,SAMN39572199,host_nonhuman,biosample host,Mus musculus
2026-10-08,PRJNA1067813,SAMN39572200,host_nonhuman,biosample host,Mus musculus
2026-10-08,PRJNA1067813,SAMN39572201,host_nonhuman,biosample host,Mus musculus
2026-10-08,PRJNA1067813,SAMN39572202,host_nonhuman,biosample host,Mus musculus
2026-10-08,PRJNA1067813,SAMN39572203,host_nonhuman,biosample host,Mus musculus
2026-10-08,PRJNA1067813,SAMN39572204,host_nonhuman,biosample host,Mus musculus
2026-10-08,PRJNA1067813,SAMN39572205,host_nonhuman,biosample host,Mus musculus
2026-10-08,PRJNA1067813,SAMN39572206,host_nonhuman,biosample host,Mus musculus
2026-10-08,PRJNA1067813,SAMN39572207,host_nonhuman,biosample host,Mus musculus
2026-10-08,PRJNA1067813,SAMN39572208,host_nonhuman,biosample host,Mus musculus
2026-10-08,PRJNA1067813,SAMN39572209,host_nonhuman,biosample host,Mus musculus
2026-10-08,PRJNA1067813,SAMN39572210,host_nonhuman,biosample host,Mus musculus
2026-10-08,PRJNA1067813,SAMN39572211,host_nonhuman,biosample host,Mus musculus
2026-10-08,PRJNA1067813,SAMN39572212,host_nonhuman,biosample host,Mus musculus
2026-10-08,PRJNA1067813,SAMN39572213,host_nonhuman,biosample host,Mus musculus
2026-10-08,PRJNA1067813,SAMN39572215,host_nonhuman,biosample host,Mus musculus
2026-10-08,PRJNA1067813,SAMN39572216,host_nonhuman,biosample host,Mus musculus
2026-10-08,PRJNA1067813,SAMN39572217,host_nonhuman,biosample host,Mus musculus
2026-10-08,PRJNA1067813,SAMN39572218,host_nonhuman,biosample host,Mus musculus
2026-10-08,PRJNA1067813,SAMN39572219,host_nonhuman,biosample host,Mus musculus
2026-10-08,PRJNA1067813,SAMN39572220,host_nonhuman,biosample host,Mus musculus
2026-10-08,PRJNA1067813,SAMN39572221,host_nonhuman,biosample host,Mus musculus
2026-10-08,PRJNA1067813,SAMN39572222,host_nonhuman,biosample host,Mus musculus
2026-10-08,PRJNA1067813,SAMN39572223,host_nonhuman,biosample host,Mus musculus
2026-10-08,PRJNA1067813,SAMN39572225,host_nonhuman,biosample host,Mus musculus
2026-10-08,PRJNA1067813,SAMN39572226,host_nonhuman,biosample host,Mus musculus
2026-10-08,PRJNA1067813,SAMN39572227,host_nonhuman,biosample host,Mus musculus
2026-10-08,PRJNA1067813,SAMN39572228,host_nonhuman,biosample host,Mus musculus
2026-10-08,PRJNA1067813,SAMN39572229,host_nonhuman,biosample host,Mus musculus
2026-10-08,PRJNA1067813,SAMN39572230,host_nonhuman,biosample host,Mus musculus
2026-10-08,PRJNA1067813,SAMN39572231,host_nonhuman,biosample host,Mus musculus
2026-10-08,PRJNA1067813,SAMN39572232,host_nonhuman,biosample host,Mus musculus
2026-10-08,PRJNA1067813,SAMN39572234,host_nonhuman,biosample host,Mus musculus
2026-10-08,PRJNA1067813,SAMN39572235,host_nonhuman,biosample host,Mus musculus
2026-10-08,PRJNA1067813,SAMN39572236,host_nonhuman,biosample host,Mus musculus
2026-10-08,PRJNA1067813,SAMN39572237,host_nonhuman,biosample host,Mus musculus
2026-10-08,PRJNA1067813,SAMN39572238,host_nonhuman,biosample host,Mus musculus
2026-10-08,PRJNA1067813,SAMN39572239,host_nonhuman,biosample host,Mus musculus
2026-10-08,PRJNA1067813,SAMN39572241,host_nonhuman,biosample host,Mus musculus
2026-10-08,PRJNA1067813,SAMN39572242,host_nonhuman,biosample host,Mus musculus
2026-10-08,PRJNA1067813,SAMN39572243,host_nonhuman,biosample host,Mus musculus
2026-10-08,PRJNA1067813,SAMN39572244,host_nonhuman,biosample host,Mus musculus
2026-10-08,PRJNA1067813,SAMN39572245,host_nonhuman,biosample host,Mus musculus
2026-10-08,PRJNA1067813,SAMN39572246,host_nonhuman,biosample host,Mus musculus
2026-10-08,PRJNA1067813,SAMN39572247,host_nonhuman,biosample host,Mus musculus
2026-10-08,PRJNA1067813,SAMN39572248,host_nonhuman,biosample host,Mus musculus
2026-10-08,PRJNA1067813,SAMN39572249,host_nonhuman,biosample host,Mus musculus
2026-10-08,PRJNA1067813,SAMN39572250,host_nonhuman,biosample host,Mus musculus
2026-10-08,PRJNA1067813,SAMN39572253,host_nonhuman,biosample host,Mus musculus
2026-10-08,PRJNA1067813,SAMN39572254,host_nonhuman,biosample host,Mus musculus
2026-10-08,PRJNA1067813,SAMN39572255,host_nonhuman,biosample host,Mus musculus
2026-10-08,PRJNA1067813,SAMN39572256,host_nonhuman,biosample host,Mus musculus
2026-10-08,PRJNA1067813,SAMN39572258,host_nonhuman,biosample host,Mus musculus
2026-10-08,PRJNA1067813,SAMN39572259,host_nonhuman,biosample host,Mus musculus
2026-10-08,PRJNA1067813,SAMN39572260,host_nonhuman,biosample host,Mus musculus
2026-10-08,PRJNA1067813,SAMN39572261,host_nonhuman,biosample host,Mus musculus
2026-10-08,PRJNA1067813,SAMN39572262,host_nonhuman,biosample host,Mus musculus
2026-10-08,PRJNA1067813,SAMN39572264,host_nonhuman,biosample host,Mus musculus
2026-10-08,PRJNA1067813,SAMN39572265,host_nonhuman,biosample host,Mus musculus
2026-10-08,PRJNA1067813,SAMN39572266,host_nonhuman,biosample host,Mus musculus
2026-10-08,PRJNA1067813,SAMN39572267,host_nonhuman,biosample host,Mus musculus
2026-10-08,PRJNA1067813,SAMN39572268,host_nonhuman,biosample host,Mus musculus
2026-10-08,PRJNA1067813,SAMN39572269,host_nonhuman,biosample host,Mus musculus
2026-10-08,PRJNA1067813,SAMN39572270,host_nonhuman,biosample host,Mus musculus
2026-10-08,PRJNA1067813,SAMN39572271,host_nonhuman,biosample host,Mus musculus
2026-10-08,PRJNA1067813,SAMN39572272,host_nonhuman,biosample host,Mus musculus
2026-10-08,PRJNA1067813,SAMN39572273,host_nonhuman,biosample host,Mus musculus
2026-10-08,PRJNA1067813,SAMN39572275,host_nonhuman,biosample host,Mus musculus
2026-10-08,PRJNA1067813,SAMN39572276,host_nonhuman,biosample host,Mus musculus
2026-10-08,PRJNA1067813,SAMN39572277,host_nonhuman,biosample host,Mus musculus
2026-10-08,PRJNA1067813,SAMN39572278,host_nonhuman,biosample host,Mus musculus
2026-10-08,PRJNA1067813,SAMN39572279,host_nonhuman,biosample host,Mus musculus
2026-10-08,PRJNA1067813,SAMN39572280,host_nonhuman,biosample host,Mus musculus
2026-10-08,PRJNA1067813,SAMN39572281,host_nonhuman,biosample host,Mus musculus
2026-10-08,PRJNA1067813,SAMN39572282,host_nonhuman,biosample host,Mus musculus
2026-10-08,PRJNA1067813,SAMN39572283,host_nonhuman,biosample host,Mus musculus
2026-10-08,PRJNA1067813,SAMN39572284,host_nonhuman,biosample host,Mus musculus
2026-10-08,PRJNA1067813,SAMN39572378,host_nonhuman,biosample host,Mus musculus
2026-10-08,PRJNA1067813,SAMN39572379,host_nonhuman,biosample host,Mus musculus
2026-10-08,PRJNA1067813,SAMN39572380,host_nonhuman,biosample host,Mus musculus
2026-10-08,PRJNA1067813,SAMN39572381,host_nonhuman,biosample host,Mus musculus
2026-10-08,PRJNA1067813,SAMN39572382,host_nonhuman,biosample host,Mus musculus
2026-10-08,PRJNA1067813,SAMN39572383,host_nonhuman,biosample host,Mus musculus
2026-10-08,PRJNA1067813,SAMN39572384,host_nonhuman,biosample host,Mus musculus
2026-10-08,PRJNA1067813,SAMN39572385,host_nonhuman,biosample host,Mus musculus
2026-10-08,PRJNA1067813,SAMN39572386,host_nonhuman,biosample host,Mus musculus
2026-10-08,PRJNA1067813,SAMN39572389,host_nonhuman,biosample host,Mus musculus
2026-10-08,PRJNA1067813,SAMN39572390,host_nonhuman,biosample host,Mus musculus
2026-10-08,PRJNA1067813,SAMN39572391,host_nonhuman,biosample host,Mus musculus
2026-10-08,PRJNA1067813,SAMN39572392,host_nonhuman,biosample host,Mus musculus
2026-10-08,PRJNA1067813,SAMN39572393,host_nonhuman,biosample host,Mus musculus
2026-10-08,PRJNA1067813,SAMN39572394,host_nonhuman,biosample host,Mus musculus
2026-10-08,PRJNA1067813,SAMN45067659,host_nonhuman,biosample host,Mus musculus
2026-10-08,PRJNA1067813,SAMN45067660,host_nonhuman,biosample host,Mus musculus
2026-10-08,PRJNA1067813,SAMN45067661,host_nonhuman,biosample host,Mus musculus
2026-10-08,PRJNA1067813,SAMN45067662,host_nonhuman,biosample host,Mus musculus
2026-10-08,PRJNA1067813,SAMN45067663,host_nonhuman,biosample host,Mus musculus
2026-10-08,PRJNA1067813,SAMN45067664,host_nonhuman,biosample host,Mus musculus
2026-10-08,PRJNA1067813,SAMN45067665,host_nonhuman,biosample host,Mus musculus
2026-10-08,PRJNA1067813,SAMN45067666,host_nonhuman,biosample host,Mus musculus
2026-10-08,PRJNA1067813,SAMN45067667,host_nonhuman,biosample host,Mus musculus
2026-10-08,PRJNA1067813,SAMN45067668,host_nonhuman,biosample host,Mus musculus
2026-10-08,PRJNA1067813,SAMN45067669,host_nonhuman,biosample host,Mus musculus
2026-10-08,PRJNA1067813,SAMN45067670,host_nonhuman,biosample host,Mus musculus
2026-10-08,PRJNA1067813,SAMN45067671,host_nonhuman,biosample host,Mus musculus
2026-10-08,PRJNA1067813,SAMN45067672,host_nonhuman,biosample host,Mus musculus
2026-10-08,PRJNA1067813,SAMN45067673,host_nonhuman,biosample host,Mus musculus
2026-10-08,PRJNA1067813,SAMN45067674,host_nonhuman,biosample host,Mus musculus
2026-10-08,PRJNA1067813,SAMN45067675,host_nonhuman,biosample host,Mus musculus
2026-10-08,PRJNA1067813,SAMN45067676,host_nonhuman,biosample host,Mus musculus
2026-10-08,PRJNA1067813,SAMN45067677,host_nonhuman,biosample host,Mus musculus
2026-10-08,PRJNA1067813,SAMN45067678,host_nonhuman,biosample host,Mus musculus
2026-10-08,PRJNA1067813,SAMN45067679,host_nonhuman,biosample host,Mus musculus
2026-10-08,PRJNA1067813,SAMN45067680,host_nonhuman,biosample host,Mus musculus
2026-10-08,PRJNA1067813,SAMN45067681,host_nonhuman,biosample host,Mus musculus
2026-10-08,PRJNA1067813,SAMN45067682,host_nonhuman,biosample host,Mus musculus
2026-10-08,PRJNA1067813,SAMN45067683,host_nonhuman,biosample host,Mus musculus
2026-10-08,PRJNA1067813,SAMN45067684,host_nonhuman,biosample host,Mus musculus
2026-10-08,PRJNA1067813,SAMN45067685,host_nonhuman,biosample host,Mus musculus
2026-10-08,PRJNA1067813,SAMN45067686,host_nonhuman,biosample host,Mus musculus
2026-10-08,PRJNA1067813,SAMN45067687,host_nonhuman,biosample host,Mus musculus
2026-10-08,PRJNA1067813,SAMN45068375,host_nonhuman,biosample host,Mus musculus
2026-10-08,PRJNA1067813,SAMN45068376,host_nonhuman,biosample host,Mus musculus
2026-10-08,PRJNA1067813,SAMN45068377,host_nonhuman,biosample host,Mus musculus
2026-10-08,PRJNA1067813,SAMN45068378,host_nonhuman,biosample host,Mus musculus
2026-10-08,PRJNA1067813,SAMN45068379,host_nonhuman,biosample host,Mus musculus
2026-10-08,PRJNA1067813,SAMN45068380,host_nonhuman,biosample host,Mus musculus
2026-10-08,PRJNA1067813,SAMN45068381,host_nonhuman,biosample host,Mus musculus
2026-10-08,PRJNA1067813,SAMN45068382,host_nonhuman,biosample host,Mus musculus
2026-10-08,PRJNA1067813,SAMN45068383,host_nonhuman,biosample host,Mus musculus
2026-10-08,PRJNA1067813,SAMN45068384,host_nonhuman,biosample host,Mus musculus
2026-10-08,PRJNA1067813,SAMN45068385,host_nonhuman,biosample host,Mus musculus
2026-10-08,PRJNA1067813,SAMN45068386,host_nonhuman,biosample host,Mus musculus
2026-10-08,PRJNA1067813,SAMN45068387,host_nonhuman,biosample host,Mus musculus
2026-10-08,PRJNA1067813,SAMN45068388,host_nonhuman,biosample host,Mus musculus
2026-10-08,PRJNA1067813,SAMN45068389,host_nonhuman,biosample host,Mus musculus
2026-10-08,PRJNA1067813,SAMN45068390,host_nonhuman,biosample host,Mus musculus
2026-10-08,PRJNA1067813,SAMN45068391,host_nonhuman,biosample host,Mus musculus
2026-10-08,PRJNA1067813,SAMN45068392,host_nonhuman,biosample host,Mus musculus
2026-10-08,PRJNA1101587,SAMN40998243,host_nonhuman,host_scientific_name,Felis catus
2026-10-08,PRJNA1101587,SAMN40998244,host_nonhuman,host_scientific_name,Felis catus
2026-10-08,PRJNA1101587,SAMN40998245,host_nonhuman,host_scientific_name,Felis catus
2026-10-08,PRJNA1101587,SAMN40998246,host_nonhuman,host_scientific_name,Felis catus
2026-10-08,PRJNA1101587,SAMN40998247,host_nonhuman,host_scientific_name,Felis catus
2026-10-08,PRJNA1101587,SAMN40998248,host_nonhuman,host_scientific_name,Felis catus
2026-10-08,PRJNA1101587,SAMN40998249,host_nonhuman,host_scientific_name,Felis catus
2026-10-08,PRJNA1101587,SAMN40998250,host_nonhuman,host_scientific_name,Felis catus
2026-10-08,PRJNA1101587,SAMN40998251,host_nonhuman,host_scientific_name,Felis catus
2026-10-08,PRJNA1101587,SAMN40998252,host_nonhuman,host_scientific_name,Felis catus
2026-10-08,PRJNA1101587,SAMN40998253,host_nonhuman,host_scientific_name,Felis catus
2026-10-08,PRJNA1101587,SAMN40998254,host_nonhuman,host_scientific_name,Felis catus
2026-10-08,PRJNA1101587,SAMN40998255,host_nonhuman,host_scientific_name,Felis catus
2026-10-08,PRJNA1101587,SAMN40998256,host_nonhuman,host_scientific_name,Felis catus
2026-10-08,PRJNA1101587,SAMN40998257,host_nonhuman,host_scientific_name,Felis catus
2026-10-08,PRJNA1101587,SAMN40998258,host_nonhuman,host_scientific_name,Felis catus
2026-10-08,PRJNA1101587,SAMN40998259,host_nonhuman,host_scientific_name,Felis catus
2026-10-08,PRJNA1101587,SAMN40998279,host_nonhuman,host_scientific_name,Felis catus
2026-10-08,PRJNA1101587,SAMN40998280,host_nonhuman,host_scientific_name,Felis catus
2026-10-08,PRJNA1101587,SAMN40998281,host_nonhuman,host_scientific_name,Felis catus
2026-10-08,PRJNA1101587,SAMN40998282,host_nonhuman,host_scientific_name,Felis catus
2026-10-08,PRJNA1101587,SAMN40998283,host_nonhuman,host_scientific_name,Felis catus
2026-10-08,PRJNA1101587,SAMN40998284,host_nonhuman,host_scientific_name,Felis catus
2026-10-08,PRJNA1101587,SAMN40998285,host_nonhuman,host_scientific_name,Felis catus
2026-10-08,PRJNA1101587,SAMN40998286,host_nonhuman,host_scientific_name,Felis catus
2026-10-08,PRJNA1101587,SAMN40998287,host_nonhuman,host_scientific_name,Felis catus
2026-10-08,PRJNA1101587,SAMN40998288,host_nonhuman,host_scientific_name,Felis catus
2026-10-08,PRJNA1101587,SAMN40998289,host_nonhuman,host_scientific_name,Felis catus
2026-10-08,PRJNA1101587,SAMN40998290,host_nonhuman,host_scientific_name,Felis catus
2026-10-08,PRJNA1101587,SAMN40998291,host_nonhuman,host_scientific_name,Felis catus
2026-10-08,PRJNA1101587,SAMN40998292,host_nonhuman,host_scientific_name,Felis catus
2026-10-08,PRJNA1101587,SAMN40998293,host_nonhuman,host_scientific_name,Felis catus
2026-10-08,PRJNA1101587,SAMN40998294,host_nonhuman,host_scientific_name,Felis catus
2026-10-08,PRJNA1101587,SAMN40998295,host_nonhuman,host_scientific_name,Felis catus
2026-10-08,PRJNA1101587,SAMN40998296,host_nonhuman,host_scientific_name,Felis catus
2026-10-08,PRJNA1101587,SAMN40998297,host_nonhuman,host_scientific_name,Felis catus
2026-10-08,PRJNA1101587,SAMN40998298,host_nonhuman,host_scientific_name,Felis catus
2026-10-08,PRJNA1105425,SAMN41102052,host_nonhuman,biosample host,Mus musculus
2026-10-08,PRJNA1105425,SAMN41102053,host_nonhuman,biosample host,Mus musculus
2026-10-08,PRJNA1105425,SAMN41102054,host_nonhuman,biosample host,Mus musculus
2026-10-08,PRJNA1105425,SAMN41102055,host_nonhuman,biosample host,Mus musculus
2026-10-08,PRJNA1105425,SAMN41102056,host_nonhuman,biosample host,Mus musculus
2026-10-08,PRJNA1105425,SAMN41102057,host_nonhuman,biosample host,Mus musculus
2026-10-08,PRJNA1105425,SAMN41102058,host_nonhuman,biosample host,Mus musculus
2026-10-08,PRJNA1105425,SAMN41102059,host_nonhuman,biosample host,Mus musculus
2026-10-08,PRJNA1105425,SAMN41102060,host_nonhuman,biosample host,Mus musculus
2026-10-08,PRJNA1105425,SAMN41102061,host_nonhuman,biosample host,Mus musculus
2026-10-08,PRJNA1105425,SAMN41102062,host_nonhuman,biosample host,Mus musculus
2026-10-08,PRJNA1105425,SAMN41102063,host_nonhuman,biosample host,Mus musculus
2026-10-08,PRJNA1105425,SAMN41102064,host_nonhuman,biosample host,Mus musculus
2026-10-08,PRJNA1105425,SAMN41102065,host_nonhuman,biosample host,Mus musculus
2026-10-08,PRJNA1105425,SAMN41102066,host_nonhuman,biosample host,Mus musculus
2026-10-08,PRJNA1105425,SAMN41102067,host_nonhuman,biosample host,Mus musculus
2026-10-08,PRJNA1105425,SAMN41102068,host_nonhuman,biosample host,Mus musculus
2026-10-08,PRJNA1105425,SAMN41102069,host_nonhuman,biosample host,Mus musculus
2026-10-08,PRJNA1105425,SAMN41102070,host_nonhuman,biosample host,Mus musculus
2026-10-08,PRJNA1105425,SAMN41102071,host_nonhuman,biosample host,Mus musculus
2026-10-08,PRJNA1105425,SAMN41102072,host_nonhuman,biosample host,Mus musculus
2026-10-08,PRJNA1105425,SAMN41102073,host_nonhuman,biosample host,Mus musculus
2026-10-08,PRJNA1105425,SAMN41102074,host_nonhuman,biosample host,Mus musculus
2026-10-08,PRJNA1105425,SAMN41102075,host_nonhuman,biosample host,Mus musculus
2026-10-08,PRJNA1105425,SAMN41102076,host_nonhuman,biosample host,Mus musculus
2026-10-08,PRJNA1105425,SAMN41102077,host_nonhuman,biosample host,Mus musculus
2026-10-08,PRJNA1105425,SAMN41102078,host_nonhuman,biosample host,Mus musculus
2026-10-08,PRJNA1105425,SAMN41102079,host_nonhuman,biosample host,Mus musculus
2026-10-08,PRJNA1105425,SAMN41102080,host_nonhuman,biosample host,Mus musculus
2026-10-08,PRJNA1105425,SAMN41102081,host_nonhuman,biosample host,Mus musculus
2026-10-08,PRJNA1105425,SAMN41102082,host_nonhuman,biosample host,Mus musculus
2026-10-08,PRJNA1105425,SAMN41102083,host_nonhuman,biosample host,Mus musculus
2026-10-08,PRJNA1105425,SAMN41102084,host_nonhuman,biosample host,Mus musculus
2026-10-08,PRJNA1105425,SAMN41102085,host_nonhuman,biosample host,Mus musculus
2026-10-08,PRJNA1105425,SAMN41102086,host_nonhuman,biosample host,Mus musculus
2026-10-08,PRJNA1105425,SAMN41102087,host_nonhuman,biosample host,Mus musculus
2026-10-08,PRJNA1105425,SAMN41102088,host_nonhuman,biosample host,Mus musculus
2026-10-08,PRJNA1105425,SAMN41102089,host_nonhuman,biosample host,Mus musculus
2026-10-08,PRJNA1105425,SAMN41102090,host_nonhuman,biosample host,Mus musculus
2026-10-08,PRJNA1105425,SAMN41102091,host_nonhuman,biosample host,Mus musculus
2026-10-08,PRJNA1105425,SAMN41102092,host_nonhuman,biosample host,Mus musculus
2026-10-08,PRJNA1105425,SAMN41102093,host_nonhuman,biosample host,Mus musculus
2026-10-08,PRJNA1105425,SAMN41102094,host_nonhuman,biosample host,Mus musculus
2026-10-08,PRJNA1105425,SAMN41102095,host_nonhuman,biosample host,Mus musculus
2026-10-08,PRJNA1105425,SAMN41102096,host_nonhuman,biosample host,Mus musculus
2026-10-08,PRJNA1105425,SAMN41102097,host_nonhuman,biosample host,Mus musculus
2026-10-08,PRJNA1105425,SAMN41102098,host_nonhuman,biosample host,Mus musculus
2026-10-08,PRJNA1105425,SAMN41102099,host_nonhuman,biosample host,Mus musculus
2026-10-08,PRJNA1105425,SAMN41102100,host_nonhuman,biosample host,Mus musculus
2026-10-08,PRJNA1105425,SAMN41102101,host_nonhuman,biosample host,Mus musculus
2026-10-08,PRJNA1105425,SAMN41102102,host_nonhuman,biosample host,Mus musculus
2026-10-08,PRJNA1105425,SAMN41102103,host_nonhuman,biosample host,Mus musculus
2026-10-08,PRJNA1105425,SAMN41102104,host_nonhuman,biosample host,Mus musculus
2026-10-08,PRJNA1105425,SAMN41102105,host_nonhuman,biosample host,Mus musculus
2026-10-08,PRJNA1105425,SAMN41102106,host_nonhuman,biosample host,Mus musculus
2026-10-08,PRJNA1105425,SAMN41102107,host_nonhuman,biosample host,Mus musculus
2026-10-08,PRJNA1105425,SAMN41102108,host_nonhuman,biosample host,Mus musculus
2026-10-08,PRJNA1105425,SAMN41102109,host_nonhuman,biosample host,Mus musculus
2026-10-08,PRJNA1105425,SAMN41102110,host_nonhuman,biosample host,Mus musculus
2026-10-08,PRJNA1105425,SAMN41102111,host_nonhuman,biosample host,Mus musculus
2026-10-08,PRJNA1105425,SAMN41102112,host_nonhuman,biosample host,Mus musculus
2026-10-08,PRJNA1105425,SAMN41102113,host_nonhuman,biosample host,Mus musculus
2026-10-08,PRJNA1105425,SAMN41102114,host_nonhuman,biosample host,Mus musculus
2026-10-08,PRJNA1105425,SAMN41102115,host_nonhuman,biosample host,Mus musculus
2026-10-08,PRJNA1105425,SAMN41102116,host_nonhuman,biosample host,Mus musculus
2026-10-08,PRJNA1105425,SAMN41102117,host_nonhuman,biosample host,Mus musculus
2026-10-08,PRJNA1105425,SAMN41102118,host_nonhuman,biosample host,Mus musculus
2026-10-08,PRJNA1105425,SAMN41102119,host_nonhuman,biosample host,Mus musculus
2026-10-08,PRJNA1105425,SAMN41102120,host_nonhuman,biosample host,Mus musculus
2026-10-08,PRJNA1105425,SAMN41102121,host_nonhuman,biosample host,Mus musculus
2026-10-08,PRJNA1105425,SAMN41102122,host_nonhuman,biosample host,Mus musculus
2026-10-08,PRJNA1105425,SAMN41102123,host_nonhuman,biosample host,Mus musculus
2026-10-08,PRJNA1105425,SAMN41102124,host_nonhuman,biosample host,Mus musculus
2026-10-08,PRJNA1105425,SAMN41102125,host_nonhuman,biosample host,Mus musculus
2026-10-08,PRJNA1105425,SAMN41102126,host_nonhuman,biosample host,Mus musculus
2026-10-08,PRJNA1105425,SAMN41102127,host_nonhuman,biosample host,Mus musculus
2026-10-08,PRJNA1105425,SAMN41102128,host_nonhuman,biosample host,Mus musculus
2026-10-08,PRJNA1105425,SAMN41102129,host_nonhuman,biosample host,Mus musculus
2026-10-08,PRJNA1105425,SAMN41102130,host_nonhuman,biosample host,Mus musculus
2026-10-08,PRJNA1105425,SAMN41102131,host_nonhuman,biosample host,Mus musculus
2026-10-08,PRJNA1105425,SAMN41102132,host_nonhuman,biosample host,Mus musculus
2026-10-08,PRJNA1105425,SAMN41102133,host_nonhuman,biosample host,Mus musculus
2026-10-08,PRJNA1105425,SAMN41102134,host_nonhuman,biosample host,Mus musculus
2026-10-08,PRJNA1105425,SAMN41102135,host_nonhuman,biosample host,Mus musculus
2026-10-08,PRJNA1105425,SAMN41102136,host_nonhuman,biosample host,Mus musculus
2026-10-08,PRJNA1105425,SAMN41102137,host_nonhuman,biosample host,Mus musculus
2026-10-08,PRJNA1105425,SAMN41102138,host_nonhuman,biosample host,Mus musculus
2026-10-08,PRJNA1105425,SAMN41102139,host_nonhuman,biosample host,Mus musculus
2026-10-08,PRJNA1105425,SAMN41102140,host_nonhuman,biosample host,Mus musculus
2026-10-08,PRJNA1105425,SAMN41102141,host_nonhuman,biosample host,Mus musculus
2026-10-08,PRJNA1105425,SAMN41102142,host_nonhuman,biosample host,Mus musculus
2026-10-08,PRJNA1105425,SAMN41102143,host_nonhuman,biosample host,Mus musculus
2026-10-08,PRJNA1105425,SAMN58333475,host_nonhuman,biosample host,Mus musculus
2026-10-08,PRJNA1105425,SAMN58333476,host_nonhuman,biosample host,Mus musculus
2026-10-08,PRJNA1105425,SAMN58333477,host_nonhuman,biosample host,Mus musculus
2026-10-08,PRJNA1105425,SAMN58333478,host_nonhuman,biosample host,Mus musculus
2026-10-08,PRJNA1105425,SAMN58333479,host_nonhuman,biosample host,Mus musculus
2026-10-08,PRJNA1105425,SAMN58333480,host_nonhuman,biosample host,Mus musculus
2026-10-08,PRJNA1105425,SAMN58333481,host_nonhuman,biosample host,Mus musculus
2026-10-08,PRJNA1105425,SAMN58333482,host_nonhuman,biosample host,Mus musculus
2026-10-08,PRJNA1207520,SAMN46135476,other,biosample strain,not applicable
2026-10-08,PRJNA1207520,SAMN46135477,other,biosample strain,not applicable
2026-10-08,PRJNA1230553,SAMN47181967,host_nonhuman,scientific_name,mouse gut metagenome
2026-10-08,PRJNA1230553,SAMN47181968,host_nonhuman,scientific_name,mouse gut metagenome
2026-10-08,PRJNA1230553,SAMN47181969,host_nonhuman,scientific_name,mouse gut metagenome
2026-10-08,PRJNA1230553,SAMN47181970,host_nonhuman,scientific_name,mouse gut metagenome
2026-10-08,PRJNA1230553,SAMN47181971,host_nonhuman,scientific_name,mouse gut metagenome
2026-10-08,PRJNA1230553,SAMN47181972,host_nonhuman,scientific_name,mouse gut metagenome
2026-10-08,PRJNA1230553,SAMN47181973,host_nonhuman,scientific_name,mouse gut metagenome
2026-10-08,PRJNA1230553,SAMN47181974,host_nonhuman,scientific_name,mouse gut metagenome
2026-10-08,PRJNA1230553,SAMN47181975,host_nonhuman,scientific_name,mouse gut metagenome
2026-10-08,PRJNA1230553,SAMN47181976,host_nonhuman,scientific_name,mouse gut metagenome
2026-10-08,PRJNA1230553,SAMN47181977,host_nonhuman,scientific_name,mouse gut metagenome
2026-10-08,PRJNA1230553,SAMN47181978,host_nonhuman,scientific_name,mouse gut metagenome
2026-10-08,PRJNA1230553,SAMN47181979,host_nonhuman,scientific_name,mouse gut metagenome
2026-10-08,PRJNA1230553,SAMN47181980,host_nonhuman,scientific_name,mouse gut metagenome
2026-10-08,PRJNA1230553,SAMN47181981,host_nonhuman,scientific_name,mouse gut metagenome
2026-10-08,PRJNA1230553,SAMN47181982,host_nonhuman,scientific_name,mouse gut metagenome
2026-10-08,PRJNA1230553,SAMN47181983,host_nonhuman,scientific_name,mouse gut metagenome
2026-10-08,PRJNA1230553,SAMN47181984,host_nonhuman,scientific_name,mouse gut metagenome
2026-10-08,PRJNA1230553,SAMN47181985,host_nonhuman,scientific_name,mouse gut metagenome
2026-10-08,PRJNA1230553,SAMN47181986,host_nonhuman,scientific_name,mouse gut metagenome
2026-10-08,PRJNA1230553,SAMN47181987,host_nonhuman,scientific_name,mouse gut metagenome
2026-10-08,PRJNA1230553,SAMN47181988,host_nonhuman,scientific_name,mouse gut metagenome
2026-10-08,PRJNA1230553,SAMN47181989,host_nonhuman,scientific_name,mouse gut metagenome
2026-10-08,PRJNA1230553,SAMN47181990,host_nonhuman,scientific_name,mouse gut metagenome
2026-10-08,PRJNA1230553,SAMN47181991,host_nonhuman,scientific_name,mouse gut metagenome
2026-10-08,PRJNA1230553,SAMN47181992,host_nonhuman,scientific_name,mouse gut metagenome
2026-10-08,PRJNA1230553,SAMN47181993,host_nonhuman,scientific_name,mouse gut metagenome
2026-10-08,PRJNA1230553,SAMN47181994,host_nonhuman,scientific_name,mouse gut metagenome
2026-10-08,PRJNA1230553,SAMN47181995,host_nonhuman,scientific_name,mouse gut metagenome
2026-10-08,PRJNA1230553,SAMN47181996,host_nonhuman,scientific_name,mouse gut metagenome
2026-10-08,PRJNA1230553,SAMN47181997,host_nonhuman,scientific_name,mouse gut metagenome
2026-10-08,PRJNA1230553,SAMN47181998,host_nonhuman,scientific_name,mouse gut metagenome
2026-10-08,PRJNA1230553,SAMN47181999,host_nonhuman,scientific_name,mouse gut metagenome
2026-10-08,PRJNA1230553,SAMN47182000,host_nonhuman,scientific_name,mouse gut metagenome
2026-10-08,PRJNA1230553,SAMN47182001,host_nonhuman,scientific_name,mouse gut metagenome
2026-10-08,PRJNA1230553,SAMN47182002,host_nonhuman,scientific_name,mouse gut metagenome
2026-10-08,PRJNA1230553,SAMN47182003,host_nonhuman,scientific_name,mouse gut metagenome
2026-10-08,PRJNA1230553,SAMN47182004,host_nonhuman,scientific_name,mouse gut metagenome
2026-10-08,PRJNA1230553,SAMN47182005,host_nonhuman,scientific_name,mouse gut metagenome
2026-10-08,PRJNA1230553,SAMN47182006,host_nonhuman,scientific_name,mouse gut metagenome
2026-10-08,PRJNA1230553,SAMN54466844,host_nonhuman,scientific_name,mouse gut metagenome
2026-10-08,PRJNA1230553,SAMN54466845,host_nonhuman,scientific_name,mouse gut metagenome
2026-10-08,PRJNA1230553,SAMN54466846,host_nonhuman,scientific_name,mouse gut metagenome
2026-10-08,PRJNA1230553,SAMN54466847,host_nonhuman,scientific_name,mouse gut metagenome
2026-10-08,PRJNA1230553,SAMN54466848,host_nonhuman,scientific_name,mouse gut metagenome
2026-10-08,PRJNA1230553,SAMN54466849,host_nonhuman,scientific_name,mouse gut metagenome
2026-10-08,PRJNA1230553,SAMN54466850,host_nonhuman,scientific_name,mouse gut metagenome
2026-10-08,PRJNA1230553,SAMN54466851,host_nonhuman,scientific_name,mouse gut metagenome
2026-10-08,PRJNA1230553,SAMN54466852,host_nonhuman,scientific_name,mouse gut metagenome
2026-10-08,PRJNA1230553,SAMN54466853,host_nonhuman,scientific_name,mouse gut metagenome
2026-10-08,PRJNA1230553,SAMN54466854,host_nonhuman,scientific_name,mouse gut metagenome
2026-10-08,PRJNA1230553,SAMN54466855,host_nonhuman,scientific_name,mouse gut metagenome
2026-10-08,PRJNA1230553,SAMN54466856,host_nonhuman,scientific_name,mouse gut metagenome
2026-10-08,PRJNA1230553,SAMN54466857,host_nonhuman,scientific_name,mouse gut metagenome
2026-10-08,PRJNA1230553,SAMN54466858,host_nonhuman,scientific_name,mouse gut metagenome
2026-10-08,PRJNA1230553,SAMN54466859,host_nonhuman,scientific_name,mouse gut metagenome
2026-10-08,PRJNA1230553,SAMN54466860,host_nonhuman,scientific_name,mouse gut metagenome
2026-10-08,PRJNA1230553,SAMN54466861,host_nonhuman,scientific_name,mouse gut metagenome
2026-10-08,PRJNA1230553,SAMN54466862,host_nonhuman,scientific_name,mouse gut metagenome
2026-10-08,PRJNA1230553,SAMN54466863,host_nonhuman,scientific_name,mouse gut metagenome
2026-10-08,PRJNA1230553,SAMN54466864,host_nonhuman,scientific_name,mouse gut metagenome
2026-10-08,PRJNA1230553,SAMN54466865,host_nonhuman,scientific_name,mouse gut metagenome
2026-10-08,PRJNA1230553,SAMN54466866,host_nonhuman,scientific_name,mouse gut metagenome
2026-10-08,PRJNA1230553,SAMN54466867,host_nonhuman,scientific_name,mouse gut metagenome
2026-10-08,PRJNA1230553,SAMN54466868,host_nonhuman,scientific_name,mouse gut metagenome
2026-10-08,PRJNA1230553,SAMN54466869,host_nonhuman,scientific_name,mouse gut metagenome
2026-10-08,PRJNA1230553,SAMN54466870,host_nonhuman,scientific_name,mouse gut metagenome
2026-10-08,PRJNA1230553,SAMN54466871,host_nonhuman,scientific_name,mouse gut metagenome
2026-10-08,PRJNA1230553,SAMN54466872,host_nonhuman,scientific_name,mouse gut metagenome
2026-10-08,PRJNA1230553,SAMN54466873,host_nonhuman,scientific_name,mouse gut metagenome
2026-10-08,PRJNA1230553,SAMN54466874,host_nonhuman,scientific_name,mouse gut metagenome
2026-10-08,PRJNA1230553,SAMN54466875,host_nonhuman,scientific_name,mouse gut metagenome
2026-10-08,PRJNA1230553,SAMN54466876,host_nonhuman,scientific_name,mouse gut metagenome
2026-10-08,PRJNA1230553,SAMN54466877,host_nonhuman,scientific_name,mouse gut metagenome
2026-10-08,PRJNA1230553,SAMN54466878,host_nonhuman,scientific_name,mouse gut metagenome
2026-10-08,PRJNA1230553,SAMN54466879,host_nonhuman,scientific_name,mouse gut metagenome
2026-10-08,PRJNA1230553,SAMN54466880,host_nonhuman,scientific_name,mouse gut metagenome
2026-10-08,PRJNA1230553,SAMN54466881,host_nonhuman,scientific_name,mouse gut metagenome
2026-10-08,PRJNA1230553,SAMN54466882,host_nonhuman,scientific_name,mouse gut metagenome
2026-10-08,PRJNA1230553,SAMN54466883,host_nonhuman,scientific_name,mouse gut metagenome
2026-10-08,PRJNA1230553,SAMN54466884,host_nonhuman,scientific_name,mouse gut metagenome
2026-10-08,PRJNA1230553,SAMN54466885,host_nonhuman,scientific_name,mouse gut metagenome
2026-10-08,PRJNA1230553,SAMN54466886,host_nonhuman,scientific_name,mouse gut metagenome
2026-10-08,PRJNA1230553,SAMN54466887,host_nonhuman,scientific_name,mouse gut metagenome
2026-10-08,PRJNA1230553,SAMN54466888,host_nonhuman,scientific_name,mouse gut metagenome
2026-10-08,PRJNA320015,SAMN04914393,host_nonhuman,host_scientific_name,Canis lupus familiaris
2026-10-08,PRJNA400628,SAMN07736287,site_not_gut,isolation_source,urine
2026-10-08,PRJNA400628,SAMN07736288,site_not_gut,isolation_source,urine
2026-10-08,PRJNA400628,SAMN07736289,site_not_gut,isolation_source,urine
2026-10-08,PRJNA400628,SAMN07736290,site_not_gut,isolation_source,urine
2026-10-08,PRJNA400628,SAMN07736291,site_not_gut,isolation_source,urine
2026-10-08,PRJNA400628,SAMN07736292,site_not_gut,isolation_source,urine
2026-10-08,PRJNA400628,SAMN07736293,site_not_gut,isolation_source,urine
2026-10-08,PRJNA400628,SAMN07736294,site_not_gut,isolation_source,urine
2026-10-08,PRJNA400628,SAMN07736295,site_not_gut,isolation_source,urine
2026-10-08,PRJNA400628,SAMN07736296,site_not_gut,isolation_source,urine
2026-10-08,PRJNA400628,SAMN07736297,site_not_gut,isolation_source,urine
2026-10-08,PRJNA400628,SAMN07736298,site_not_gut,isolation_source,urine
2026-10-08,PRJNA400628,SAMN07736299,site_not_gut,isolation_source,urine
2026-10-08,PRJNA400628,SAMN07736300,site_not_gut,isolation_source,urine
2026-10-08,PRJNA400628,SAMN07736301,site_not_gut,isolation_source,urine
2026-10-08,PRJNA400628,SAMN07736302,site_not_gut,isolation_source,urine
2026-10-08,PRJNA400628,SAMN07736303,site_not_gut,isolation_source,urine
2026-10-08,PRJNA400628,SAMN07736304,site_not_gut,isolation_source,urine
2026-10-08,PRJNA400628,SAMN07736305,site_not_gut,isolation_source,urine
2026-10-08,PRJNA400628,SAMN07736306,site_not_gut,isolation_source,urine
2026-10-08,PRJNA400628,SAMN07736307,site_not_gut,isolation_source,urine
2026-10-08,PRJNA400628,SAMN07736308,site_not_gut,isolation_source,urine
2026-10-08,PRJNA400628,SAMN07736309,site_not_gut,isolation_source,urine
2026-10-08,PRJNA400628,SAMN07736310,site_not_gut,isolation_source,urine
2026-10-08,PRJNA400628,SAMN07736311,site_not_gut,isolation_source,urine
2026-10-08,PRJNA400628,SAMN07736312,site_not_gut,isolation_source,urine
2026-10-08,PRJNA400628,SAMN07736313,site_not_gut,isolation_source,urine
2026-10-08,PRJNA400628,SAMN07736314,site_not_gut,isolation_source,urine
2026-10-08,PRJNA400628,SAMN07736315,site_not_gut,isolation_source,urine
2026-10-08,PRJNA400628,SAMN07736316,site_not_gut,isolation_source,urine
2026-10-08,PRJNA400628,SAMN07736317,site_not_gut,isolation_source,urine
2026-10-08,PRJNA400628,SAMN07736319,site_not_gut,isolation_source,urine
2026-10-08,PRJNA400628,SAMN07736320,site_not_gut,isolation_source,urine
2026-10-08,PRJNA400628,SAMN07736321,site_not_gut,isolation_source,urine
2026-10-08,PRJNA400628,SAMN07736322,site_not_gut,isolation_source,urine
2026-10-08,PRJNA400628,SAMN07736323,site_not_gut,isolation_source,urine
2026-10-08,PRJNA400628,SAMN07736324,site_not_gut,isolation_source,urine
2026-10-08,PRJNA400628,SAMN07736325,site_not_gut,isolation_source,urine
2026-10-08,PRJNA400628,SAMN07736326,site_not_gut,isolation_source,urine
2026-10-08,PRJNA400628,SAMN07736327,site_not_gut,isolation_source,urine
2026-10-08,PRJNA400628,SAMN07736328,site_not_gut,isolation_source,urine
2026-10-08,PRJNA400628,SAMN07736329,site_not_gut,isolation_source,urine
2026-10-08,PRJNA400628,SAMN07736330,site_not_gut,isolation_source,urine
2026-10-08,PRJNA400628,SAMN07736331,site_not_gut,isolation_source,urine
2026-10-08,PRJNA400628,SAMN07736332,site_not_gut,isolation_source,urine
2026-10-08,PRJNA400628,SAMN07736333,site_not_gut,isolation_source,urine
2026-10-08,PRJNA400628,SAMN07736334,site_not_gut,isolation_source,urine
2026-10-08,PRJNA400628,SAMN07736335,site_not_gut,isolation_source,urine
2026-10-08,PRJNA400628,SAMN07736336,site_not_gut,isolation_source,urine
2026-10-08,PRJNA400628,SAMN07736337,site_not_gut,isolation_source,urine
2026-10-08,PRJNA400628,SAMN07736338,site_not_gut,isolation_source,urine
2026-10-08,PRJNA400628,SAMN07736339,site_not_gut,isolation_source,urine
2026-10-08,PRJNA400628,SAMN07736340,site_not_gut,isolation_source,urine
2026-10-08,PRJNA400628,SAMN07736341,site_not_gut,isolation_source,urine
2026-10-08,PRJNA400628,SAMN07736342,site_not_gut,isolation_source,urine
2026-10-08,PRJNA400628,SAMN07736343,site_not_gut,isolation_source,urine
2026-10-08,PRJNA400628,SAMN07736344,site_not_gut,isolation_source,urine
2026-10-08,PRJNA400628,SAMN07736345,site_not_gut,isolation_source,urine
2026-10-08,PRJNA400628,SAMN07736346,site_not_gut,isolation_source,urine
2026-10-08,PRJNA400628,SAMN07736347,site_not_gut,isolation_source,urine
2026-10-08,PRJNA400628,SAMN07736348,site_not_gut,isolation_source,urine
2026-10-08,PRJNA400628,SAMN07736349,site_not_gut,isolation_source,urine
2026-10-08,PRJNA400628,SAMN07736350,site_not_gut,isolation_source,urine
2026-10-08,PRJNA400628,SAMN07736351,site_not_gut,isolation_source,urine
2026-10-08,PRJNA400628,SAMN07736352,site_not_gut,isolation_source,urine
2026-10-08,PRJNA400628,SAMN19697359,site_not_gut,isolation_source,urine
2026-10-08,PRJNA400628,SAMN19697360,site_not_gut,isolation_source,urine
2026-10-08,PRJNA400628,SAMN19697361,site_not_gut,isolation_source,urine
2026-10-08,PRJNA400628,SAMN19697362,site_not_gut,isolation_source,urine
2026-10-08,PRJNA400628,SAMN19697364,site_not_gut,isolation_source,urine
2026-10-08,PRJNA400628,SAMN19697365,site_not_gut,isolation_source,urine
2026-10-08,PRJNA400628,SAMN19697368,site_not_gut,isolation_source,urine
2026-10-08,PRJNA400628,SAMN19697369,site_not_gut,isolation_source,urine
2026-10-08,PRJNA400628,SAMN19697371,site_not_gut,isolation_source,urine
2026-10-08,PRJNA400628,SAMN19697373,site_not_gut,isolation_source,urine
2026-10-08,PRJNA400628,SAMN19697376,site_not_gut,isolation_source,urine
2026-10-08,PRJNA400628,SAMN19697377,site_not_gut,isolation_source,urine
2026-10-08,PRJNA400628,SAMN19697379,site_not_gut,isolation_source,urine
2026-10-08,PRJNA400628,SAMN19697382,site_not_gut,isolation_source,urine
2026-10-08,PRJNA400628,SAMN19697383,site_not_gut,isolation_source,urine
2026-10-08,PRJNA400628,SAMN19697384,site_not_gut,isolation_source,urine
2026-10-08,PRJNA400628,SAMN19697385,site_not_gut,isolation_source,urine
2026-10-08,PRJNA400628,SAMN19697386,site_not_gut,isolation_source,urine
2026-10-08,PRJNA400628,SAMN19697388,site_not_gut,isolation_source,urine
2026-10-08,PRJNA400628,SAMN19697389,site_not_gut,isolation_source,urine
2026-10-08,PRJNA400628,SAMN19697391,site_not_gut,isolation_source,urine
2026-10-08,PRJNA400628,SAMN19697392,site_not_gut,isolation_source,urine
2026-10-08,PRJNA400628,SAMN19697395,site_not_gut,isolation_source,urine
2026-10-08,PRJNA400628,SAMN19697396,site_not_gut,isolation_source,urine
2026-10-08,PRJNA400628,SAMN19697399,site_not_gut,isolation_source,urine
2026-10-08,PRJNA400628,SAMN19697402,site_not_gut,isolation_source,urine
2026-10-08,PRJNA400628,SAMN19697404,site_not_gut,isolation_source,urine
2026-10-08,PRJNA400628,SAMN19697406,site_not_gut,isolation_source,urine
2026-10-08,PRJNA506496,SAMN10461858,other,biosample substrate,WAX
2026-10-08,PRJNA506496,SAMN10461859,other,biosample substrate,WAX
2026-10-08,PRJNA506496,SAMN10461860,other,biosample substrate,WAX
2026-10-08,PRJNA506496,SAMN10461861,other,biosample substrate,XG
2026-10-08,PRJNA506496,SAMN10461862,other,biosample substrate,XG
2026-10-08,PRJNA506496,SAMN10461863,other,biosample substrate,XG
2026-10-08,PRJNA506496,SAMN10461864,host_nonhuman,biosample isolation_source,porcine feces
2026-10-08,PRJNA506496,SAMN10461865,host_nonhuman,biosample isolation_source,porcine feces
2026-10-08,PRJNA506496,SAMN10461866,host_nonhuman,biosample isolation_source,porcine feces
2026-10-08,PRJNA506496,SAMN10461867,host_nonhuman,biosample isolation_source,porcine feces
2026-10-08,PRJNA506496,SAMN10461868,host_nonhuman,biosample isolation_source,porcine feces
2026-10-08,PRJNA506496,SAMN10461869,host_nonhuman,biosample isolation_source,porcine feces
2026-10-08,PRJNA506496,SAMN10461870,host_nonhuman,biosample isolation_source,porcine feces
2026-10-08,PRJNA506496,SAMN10461871,host_nonhuman,biosample isolation_source,porcine feces
2026-10-08,PRJNA506496,SAMN10461872,host_nonhuman,biosample isolation_source,porcine feces
2026-10-08,PRJNA506496,SAMN10461873,host_nonhuman,biosample isolation_source,porcine feces
2026-10-08,PRJNA506496,SAMN10461874,host_nonhuman,biosample isolation_source,porcine feces
2026-10-08,PRJNA506496,SAMN10461875,host_nonhuman,biosample isolation_source,porcine feces
2026-10-08,PRJNA506496,SAMN10461876,host_nonhuman,biosample isolation_source,porcine feces
2026-10-08,PRJNA506496,SAMN10461877,host_nonhuman,biosample isolation_source,porcine feces
2026-10-08,PRJNA506496,SAMN10461878,host_nonhuman,biosample isolation_source,porcine feces
2026-10-08,PRJNA506496,SAMN10461879,host_nonhuman,biosample isolation_source,porcine feces
2026-10-08,PRJNA506496,SAMN10461880,host_nonhuman,biosample isolation_source,porcine feces
2026-10-08,PRJNA506496,SAMN10461881,host_nonhuman,biosample isolation_source,porcine feces
2026-10-08,PRJNA506496,SAMN10461882,host_nonhuman,biosample isolation_source,porcine feces
2026-10-08,PRJNA506496,SAMN10461883,host_nonhuman,biosample isolation_source,porcine feces
2026-10-08,PRJNA506496,SAMN10461884,host_nonhuman,biosample isolation_source,porcine feces
2026-10-08,PRJNA506496,SAMN10461885,host_nonhuman,biosample isolation_source,porcine feces
2026-10-08,PRJNA506496,SAMN10461886,host_nonhuman,biosample isolation_source,porcine feces
2026-10-08,PRJNA506496,SAMN10461887,host_nonhuman,biosample isolation_source,porcine feces
2026-10-08,PRJNA506496,SAMN10461888,host_nonhuman,biosample isolation_source,porcine feces
2026-10-08,PRJNA506496,SAMN10461889,host_nonhuman,biosample isolation_source,porcine feces
2026-10-08,PRJNA506496,SAMN10461890,host_nonhuman,biosample isolation_source,porcine feces
2026-10-08,PRJNA506496,SAMN10461891,host_nonhuman,biosample isolation_source,porcine feces
2026-10-08,PRJNA506496,SAMN10461892,host_nonhuman,biosample isolation_source,porcine feces
2026-10-08,PRJNA506496,SAMN10461893,host_nonhuman,biosample isolation_source,porcine feces
2026-10-08,PRJNA506496,SAMN10461894,host_nonhuman,biosample isolation_source,porcine feces
2026-10-08,PRJNA506496,SAMN10461895,host_nonhuman,biosample isolation_source,porcine feces
2026-10-08,PRJNA513350,SAMN10870909,site_not_gut,scientific_name,human skin metagenome
2026-10-08,PRJNA513350,SAMN10870911,site_not_gut,scientific_name,human skin metagenome
2026-10-08,PRJNA513350,SAMN10870913,site_not_gut,scientific_name,human skin metagenome
2026-10-08,PRJNA635116,SAMN15047017,host_nonhuman,biosample host,Gorilla1
2026-10-08,PRJNA635116,SAMN15047018,host_nonhuman,biosample host,Gorilla2
2026-10-08,PRJNA635116,SAMN15047019,host_nonhuman,biosample host,Gorilla3
2026-10-08,PRJNA635116,SAMN15047020,host_nonhuman,biosample host,Gorilla4
2026-10-08,PRJNA635116,SAMN15047021,host_nonhuman,biosample host,Gorilla5
2026-10-08,PRJNA635116,SAMN15047022,host_nonhuman,biosample host,Gorilla6
2026-10-08,PRJNA635116,SAMN15047023,host_nonhuman,biosample host,Gorilla7
2026-10-08,PRJNA635116,SAMN15047024,host_nonhuman,biosample host,Gorilla8
2026-10-08,PRJNA635116,SAMN15047025,host_nonhuman,biosample host,Gorilla9
2026-10-08,PRJNA635116,SAMN15047026,host_nonhuman,biosample host,Gorilla10
2026-10-08,PRJNA635116,SAMN15047027,host_nonhuman,biosample host,Gorilla11
2026-10-08,PRJNA635116,SAMN15047028,host_nonhuman,biosample host,Gorilla12
2026-10-08,PRJNA635116,SAMN15047029,host_nonhuman,biosample host,Gorilla13
2026-10-08,PRJNA635116,SAMN15047030,host_nonhuman,biosample host,Gorilla14
2026-10-08,PRJNA635116,SAMN15047031,host_nonhuman,biosample host,Gorilla15
2026-10-08,PRJNA635116,SAMN15047032,host_nonhuman,biosample host,Gorilla16
2026-10-08,PRJNA635116,SAMN15047033,host_nonhuman,biosample host,Gorilla17
2026-10-08,PRJNA635116,SAMN15047034,host_nonhuman,biosample host,Gorilla18
2026-10-08,PRJNA635116,SAMN15047035,host_nonhuman,biosample host,Gorilla19
2026-10-08,PRJNA635116,SAMN15047036,host_nonhuman,biosample host,Gorilla20
2026-10-08,PRJNA635116,SAMN15047037,host_nonhuman,biosample host,Gorilla21
2026-10-08,PRJNA635116,SAMN15047038,host_nonhuman,biosample host,Gorilla22
2026-10-08,PRJNA635116,SAMN15047039,host_nonhuman,biosample host,Gorilla23
2026-10-08,PRJNA639909,SAMN15293640,host_nonhuman,biosample host,Mus musculus
2026-10-08,PRJNA639909,SAMN15293641,host_nonhuman,biosample host,Mus musculus
2026-10-08,PRJNA639909,SAMN15293642,host_nonhuman,biosample host,Mus musculus
2026-10-08,PRJNA639909,SAMN15293643,host_nonhuman,biosample host,Mus musculus
2026-10-08,PRJNA639909,SAMN15293644,host_nonhuman,biosample host,Mus musculus
2026-10-08,PRJNA639909,SAMN15293645,host_nonhuman,biosample host,Mus musculus
2026-10-08,PRJNA639909,SAMN15293646,host_nonhuman,biosample host,Mus musculus
2026-10-08,PRJNA639909,SAMN15293647,host_nonhuman,biosample host,Mus musculus
2026-10-08,PRJNA678365,SAMN16794368,host_nonhuman,scientific_name,chicken gut metagenome
2026-10-08,PRJNA678365,SAMN16794369,host_nonhuman,scientific_name,chicken gut metagenome
2026-10-08,PRJNA678365,SAMN16794370,host_nonhuman,scientific_name,chicken gut metagenome
2026-10-08,PRJNA678365,SAMN16794371,host_nonhuman,scientific_name,chicken gut metagenome
2026-10-08,PRJNA678365,SAMN16794372,host_nonhuman,scientific_name,chicken gut metagenome
2026-10-08,PRJNA678365,SAMN16794373,host_nonhuman,scientific_name,chicken gut metagenome
2026-10-08,PRJNA678365,SAMN16794375,host_nonhuman,scientific_name,chicken gut metagenome
2026-10-08,PRJNA678365,SAMN16794376,host_nonhuman,scientific_name,chicken gut metagenome
2026-10-08,PRJNA678365,SAMN16794378,host_nonhuman,scientific_name,bovine metagenome
2026-10-08,PRJNA678365,SAMN16794379,host_nonhuman,scientific_name,bovine metagenome
2026-10-08,PRJNA678365,SAMN16794380,host_nonhuman,scientific_name,bovine metagenome
2026-10-08,PRJNA678365,SAMN16794381,host_nonhuman,scientific_name,bovine metagenome
2026-10-08,PRJNA678365,SAMN16794382,host_nonhuman,scientific_name,bovine metagenome
2026-10-08,PRJNA678365,SAMN16794383,host_nonhuman,scientific_name,bovine metagenome
2026-10-08,PRJNA678365,SAMN16794384,host_nonhuman,scientific_name,bovine metagenome
2026-10-08,PRJNA678365,SAMN16794385,host_nonhuman,scientific_name,bovine metagenome
2026-10-08,PRJNA685581,SAMN17133018,host_nonhuman,scientific_name,mouse gut metagenome
2026-10-08,PRJNA685581,SAMN17133019,host_nonhuman,scientific_name,mouse gut metagenome
2026-10-08,PRJNA685581,SAMN17133020,host_nonhuman,scientific_name,mouse gut metagenome
2026-10-08,PRJNA685581,SAMN17133021,host_nonhuman,scientific_name,mouse gut metagenome
2026-10-08,PRJNA685581,SAMN17133022,host_nonhuman,scientific_name,mouse gut metagenome
2026-10-08,PRJNA685581,SAMN17133023,host_nonhuman,scientific_name,mouse gut metagenome
2026-10-08,PRJNA685581,SAMN17133024,host_nonhuman,scientific_name,mouse gut metagenome
2026-10-08,PRJNA685581,SAMN17133025,host_nonhuman,scientific_name,mouse gut metagenome
2026-10-08,PRJNA685581,SAMN17133026,host_nonhuman,scientific_name,mouse gut metagenome
2026-10-08,PRJNA685581,SAMN17133027,host_nonhuman,scientific_name,mouse gut metagenome
2026-10-08,PRJNA685581,SAMN17133028,host_nonhuman,scientific_name,mouse gut metagenome
2026-10-08,PRJNA685581,SAMN17133029,host_nonhuman,scientific_name,mouse gut metagenome
2026-10-08,PRJNA685581,SAMN17133030,host_nonhuman,scientific_name,mouse gut metagenome
2026-10-08,PRJNA685581,SAMN17133031,host_nonhuman,scientific_name,mouse gut metagenome
2026-10-08,PRJNA685581,SAMN17133032,host_nonhuman,scientific_name,mouse gut metagenome
2026-10-08,PRJNA685581,SAMN17133033,host_nonhuman,scientific_name,mouse gut metagenome
2026-10-08,PRJNA685581,SAMN17133034,host_nonhuman,scientific_name,mouse gut metagenome
2026-10-08,PRJNA685581,SAMN17133035,host_nonhuman,scientific_name,mouse gut metagenome
2026-10-08,PRJNA685581,SAMN17133036,host_nonhuman,scientific_name,mouse gut metagenome
2026-10-08,PRJNA685581,SAMN17133037,host_nonhuman,scientific_name,mouse gut metagenome
2026-10-08,PRJNA705695,SAMN18096123,host_nonhuman,scientific_name,mouse gut metagenome
2026-10-08,PRJNA705695,SAMN18096124,host_nonhuman,scientific_name,mouse gut metagenome
2026-10-08,PRJNA705695,SAMN18096125,host_nonhuman,scientific_name,mouse gut metagenome
2026-10-08,PRJNA705695,SAMN18096126,host_nonhuman,scientific_name,mouse gut metagenome
2026-10-08,PRJNA705695,SAMN18096127,host_nonhuman,scientific_name,mouse gut metagenome
2026-10-08,PRJNA705695,SAMN18096128,host_nonhuman,scientific_name,mouse gut metagenome
2026-10-08,PRJNA705695,SAMN18096129,host_nonhuman,scientific_name,mouse gut metagenome
2026-10-08,PRJNA705695,SAMN18096130,host_nonhuman,scientific_name,mouse gut metagenome
2026-10-08,PRJNA705695,SAMN18096131,host_nonhuman,scientific_name,mouse gut metagenome
2026-10-08,PRJNA705695,SAMN18096132,host_nonhuman,scientific_name,mouse gut metagenome
2026-10-08,PRJNA705695,SAMN18096133,host_nonhuman,scientific_name,mouse gut metagenome
2026-10-08,PRJNA705695,SAMN18096134,host_nonhuman,scientific_name,mouse gut metagenome
2026-10-08,PRJNA705695,SAMN18096135,host_nonhuman,scientific_name,mouse gut metagenome
2026-10-08,PRJNA705695,SAMN18096136,host_nonhuman,scientific_name,mouse gut metagenome
2026-10-08,PRJNA705695,SAMN18096137,host_nonhuman,scientific_name,mouse gut metagenome
2026-10-08,PRJNA705695,SAMN18096138,host_nonhuman,scientific_name,mouse gut metagenome
2026-10-08,PRJNA705695,SAMN18096139,host_nonhuman,scientific_name,mouse gut metagenome
2026-10-08,PRJNA705695,SAMN18096140,host_nonhuman,scientific_name,mouse gut metagenome
2026-10-08,PRJNA705695,SAMN18096141,host_nonhuman,scientific_name,mouse gut metagenome
2026-10-08,PRJNA705695,SAMN18096142,host_nonhuman,scientific_name,mouse gut metagenome
2026-10-08,PRJNA705695,SAMN18096143,host_nonhuman,scientific_name,mouse gut metagenome
2026-10-08,PRJNA705695,SAMN18096144,host_nonhuman,scientific_name,mouse gut metagenome
2026-10-08,PRJNA705695,SAMN18096145,host_nonhuman,scientific_name,mouse gut metagenome
2026-10-08,PRJNA705695,SAMN18096146,host_nonhuman,scientific_name,mouse gut metagenome
2026-10-08,PRJNA705695,SAMN18096147,host_nonhuman,scientific_name,mouse gut metagenome
2026-10-08,PRJNA705695,SAMN18096148,host_nonhuman,scientific_name,mouse gut metagenome
2026-10-08,PRJNA705695,SAMN18096149,host_nonhuman,scientific_name,mouse gut metagenome
2026-10-08,PRJNA705695,SAMN18096150,host_nonhuman,scientific_name,mouse gut metagenome
2026-10-08,PRJNA705695,SAMN18096151,host_nonhuman,scientific_name,mouse gut metagenome
2026-10-08,PRJNA705695,SAMN18096152,host_nonhuman,scientific_name,mouse gut metagenome
2026-10-08,PRJNA705695,SAMN18096153,host_nonhuman,scientific_name,mouse gut metagenome
2026-10-08,PRJNA705695,SAMN18096154,host_nonhuman,scientific_name,mouse gut metagenome
2026-10-08,PRJNA705695,SAMN18096155,host_nonhuman,scientific_name,mouse gut metagenome
2026-10-08,PRJNA705695,SAMN18096156,host_nonhuman,scientific_name,mouse gut metagenome
2026-10-08,PRJNA705695,SAMN18096157,host_nonhuman,scientific_name,mouse gut metagenome
2026-10-08,PRJNA705695,SAMN18096158,host_nonhuman,scientific_name,mouse gut metagenome
2026-10-08,PRJNA705695,SAMN18096159,host_nonhuman,scientific_name,mouse gut metagenome
2026-10-08,PRJNA705695,SAMN18096160,host_nonhuman,scientific_name,mouse gut metagenome
2026-10-08,PRJNA705695,SAMN18096161,host_nonhuman,scientific_name,mouse gut metagenome
2026-10-08,PRJNA705695,SAMN18096162,host_nonhuman,scientific_name,mouse gut metagenome
2026-10-08,PRJNA705695,SAMN18096163,host_nonhuman,scientific_name,mouse gut metagenome
2026-10-08,PRJNA705695,SAMN18096164,host_nonhuman,scientific_name,mouse gut metagenome
2026-10-08,PRJNA705695,SAMN18096165,host_nonhuman,scientific_name,mouse gut metagenome
2026-10-08,PRJNA705695,SAMN18096166,host_nonhuman,scientific_name,mouse gut metagenome
2026-10-08,PRJNA705695,SAMN18096167,host_nonhuman,scientific_name,mouse gut metagenome
2026-10-08,PRJNA705695,SAMN18096168,host_nonhuman,scientific_name,mouse gut metagenome
2026-10-08,PRJNA705695,SAMN18096169,host_nonhuman,scientific_name,mouse gut metagenome
2026-10-08,PRJNA705695,SAMN18096170,host_nonhuman,scientific_name,mouse gut metagenome
2026-10-08,PRJNA705695,SAMN18096171,host_nonhuman,scientific_name,mouse gut metagenome
2026-10-08,PRJNA705695,SAMN18096172,host_nonhuman,scientific_name,mouse gut metagenome
2026-10-08,PRJNA705695,SAMN18096173,host_nonhuman,scientific_name,mouse gut metagenome
2026-10-08,PRJNA705695,SAMN18096174,host_nonhuman,scientific_name,mouse gut metagenome
2026-10-08,PRJNA705695,SAMN18096175,host_nonhuman,scientific_name,mouse gut metagenome
2026-10-08,PRJNA705695,SAMN18096176,host_nonhuman,scientific_name,mouse gut metagenome
2026-10-08,PRJNA705695,SAMN18096177,host_nonhuman,scientific_name,mouse gut metagenome
2026-10-08,PRJNA705695,SAMN18096178,host_nonhuman,scientific_name,mouse gut metagenome
2026-10-08,PRJNA705695,SAMN18096179,host_nonhuman,scientific_name,mouse gut metagenome
2026-10-08,PRJNA705695,SAMN18096180,host_nonhuman,scientific_name,mouse gut metagenome
2026-10-08,PRJNA705695,SAMN18096181,host_nonhuman,scientific_name,mouse gut metagenome
2026-10-08,PRJNA705695,SAMN18096182,host_nonhuman,scientific_name,mouse gut metagenome
2026-10-08,PRJNA705695,SAMN18096183,host_nonhuman,scientific_name,mouse gut metagenome
2026-10-08,PRJNA705695,SAMN18096184,host_nonhuman,scientific_name,mouse gut metagenome
2026-10-08,PRJNA705695,SAMN18096185,host_nonhuman,scientific_name,mouse gut metagenome
2026-10-08,PRJNA705695,SAMN18096186,host_nonhuman,scientific_name,mouse gut metagenome
2026-10-08,PRJNA705695,SAMN18096187,host_nonhuman,scientific_name,mouse gut metagenome
2026-10-08,PRJNA705695,SAMN18096188,host_nonhuman,scientific_name,mouse gut metagenome
2026-10-08,PRJNA705695,SAMN18096189,host_nonhuman,scientific_name,mouse gut metagenome
2026-10-08,PRJNA705695,SAMN18096190,host_nonhuman,scientific_name,mouse gut metagenome
2026-10-08,PRJNA705695,SAMN18096191,host_nonhuman,scientific_name,mouse gut metagenome
2026-10-08,PRJNA705695,SAMN18096192,host_nonhuman,scientific_name,mouse gut metagenome
2026-10-08,PRJNA705695,SAMN18096193,host_nonhuman,scientific_name,mouse gut metagenome
2026-10-08,PRJNA705695,SAMN18096194,host_nonhuman,scientific_name,mouse gut metagenome
2026-10-08,PRJNA705695,SAMN18096195,host_nonhuman,scientific_name,mouse gut metagenome
2026-10-08,PRJNA705695,SAMN18096196,host_nonhuman,scientific_name,mouse gut metagenome
2026-10-08,PRJNA705695,SAMN18096197,host_nonhuman,scientific_name,mouse gut metagenome
2026-10-08,PRJNA705695,SAMN18096198,host_nonhuman,scientific_name,mouse gut metagenome
2026-10-08,PRJNA705695,SAMN18096199,host_nonhuman,scientific_name,mouse gut metagenome
2026-10-08,PRJNA705695,SAMN18096200,host_nonhuman,scientific_name,mouse gut metagenome
2026-10-08,PRJNA705695,SAMN18096201,host_nonhuman,scientific_name,mouse gut metagenome
2026-10-08,PRJNA705695,SAMN18096202,host_nonhuman,scientific_name,mouse gut metagenome
2026-10-08,PRJNA705695,SAMN18096203,host_nonhuman,scientific_name,mouse gut metagenome
2026-10-08,PRJNA705695,SAMN18096204,host_nonhuman,scientific_name,mouse gut metagenome
2026-10-08,PRJNA705695,SAMN18096205,host_nonhuman,scientific_name,mouse gut metagenome
2026-10-08,PRJNA705695,SAMN18096206,host_nonhuman,scientific_name,mouse gut metagenome
2026-10-08,PRJNA705695,SAMN18096207,host_nonhuman,scientific_name,mouse gut metagenome
2026-10-08,PRJNA705695,SAMN18096208,host_nonhuman,scientific_name,mouse gut metagenome
2026-10-08,PRJNA705695,SAMN18096209,host_nonhuman,scientific_name,mouse gut metagenome
2026-10-08,PRJNA705695,SAMN18096210,host_nonhuman,scientific_name,mouse gut metagenome
2026-10-08,PRJNA705695,SAMN18096211,host_nonhuman,scientific_name,mouse gut metagenome
2026-10-08,PRJNA705695,SAMN18096212,host_nonhuman,scientific_name,mouse gut metagenome
2026-10-08,PRJNA705695,SAMN18096213,host_nonhuman,scientific_name,mouse gut metagenome
2026-10-08,PRJNA705695,SAMN18096214,host_nonhuman,scientific_name,mouse gut metagenome
2026-10-08,PRJNA705695,SAMN18096215,host_nonhuman,scientific_name,mouse gut metagenome
2026-10-08,PRJNA705695,SAMN18096216,host_nonhuman,scientific_name,mouse gut metagenome
2026-10-08,PRJNA705695,SAMN18096217,host_nonhuman,scientific_name,mouse gut metagenome
2026-10-08,PRJNA705695,SAMN18096218,host_nonhuman,scientific_name,mouse gut metagenome
2026-10-08,PRJNA705695,SAMN18096219,host_nonhuman,scientific_name,mouse gut metagenome
2026-10-08,PRJNA705695,SAMN18096220,host_nonhuman,scientific_name,mouse gut metagenome
2026-10-08,PRJNA705695,SAMN18096221,host_nonhuman,scientific_name,mouse gut metagenome
2026-10-08,PRJNA705695,SAMN18096222,host_nonhuman,scientific_name,mouse gut metagenome
2026-10-08,PRJNA705695,SAMN18096223,host_nonhuman,scientific_name,mouse gut metagenome
2026-10-08,PRJNA705695,SAMN18096224,host_nonhuman,scientific_name,mouse gut metagenome
2026-10-08,PRJNA705695,SAMN18096225,host_nonhuman,scientific_name,mouse gut metagenome
2026-10-08,PRJNA705695,SAMN18096226,host_nonhuman,scientific_name,mouse gut metagenome
2026-10-08,PRJNA705695,SAMN18096227,host_nonhuman,scientific_name,mouse gut metagenome
2026-10-08,PRJNA705695,SAMN18096228,host_nonhuman,scientific_name,mouse gut metagenome
2026-10-08,PRJNA705695,SAMN18096229,host_nonhuman,scientific_name,mouse gut metagenome
2026-10-08,PRJNA705695,SAMN18096230,host_nonhuman,scientific_name,mouse gut metagenome
2026-10-08,PRJNA705695,SAMN18096231,host_nonhuman,scientific_name,mouse gut metagenome
2026-10-08,PRJNA705695,SAMN18096232,host_nonhuman,scientific_name,mouse gut metagenome
2026-10-08,PRJNA705695,SAMN18096233,host_nonhuman,scientific_name,mouse gut metagenome
2026-10-08,PRJNA705695,SAMN18096234,host_nonhuman,scientific_name,mouse gut metagenome
2026-10-08,PRJNA705695,SAMN18096235,host_nonhuman,scientific_name,mouse gut metagenome
2026-10-08,PRJNA705695,SAMN18096236,host_nonhuman,scientific_name,mouse gut metagenome
2026-10-08,PRJNA705695,SAMN18096237,host_nonhuman,scientific_name,mouse gut metagenome
2026-10-08,PRJNA705695,SAMN18096238,host_nonhuman,scientific_name,mouse gut metagenome
2026-10-08,PRJNA705695,SAMN18096239,host_nonhuman,scientific_name,mouse gut metagenome
2026-10-08,PRJNA705695,SAMN18096240,host_nonhuman,scientific_name,mouse gut metagenome
2026-10-08,PRJNA705695,SAMN18096241,host_nonhuman,scientific_name,mouse gut metagenome
2026-10-08,PRJNA705695,SAMN18096242,host_nonhuman,scientific_name,mouse gut metagenome
2026-10-08,PRJNA705695,SAMN18096243,host_nonhuman,scientific_name,mouse gut metagenome
2026-10-08,PRJNA705695,SAMN18096244,host_nonhuman,scientific_name,mouse gut metagenome
2026-10-08,PRJNA705695,SAMN18096245,host_nonhuman,scientific_name,mouse gut metagenome
2026-10-08,PRJNA705695,SAMN18096246,host_nonhuman,scientific_name,mouse gut metagenome
2026-10-08,PRJNA705695,SAMN18096247,host_nonhuman,scientific_name,mouse gut metagenome
2026-10-08,PRJNA705695,SAMN18096248,host_nonhuman,scientific_name,mouse gut metagenome
2026-10-08,PRJNA705695,SAMN18096249,host_nonhuman,scientific_name,mouse gut metagenome
2026-10-08,PRJNA705695,SAMN18096250,host_nonhuman,scientific_name,mouse gut metagenome
2026-10-08,PRJNA705695,SAMN18096251,host_nonhuman,scientific_name,mouse gut metagenome
2026-10-08,PRJNA705695,SAMN18096252,host_nonhuman,scientific_name,mouse gut metagenome
2026-10-08,PRJNA705695,SAMN18096253,host_nonhuman,scientific_name,mouse gut metagenome
2026-10-08,PRJNA705695,SAMN18096254,host_nonhuman,scientific_name,mouse gut metagenome
2026-10-08,PRJNA705695,SAMN18096255,host_nonhuman,scientific_name,mouse gut metagenome
2026-10-08,PRJNA705695,SAMN18096256,host_nonhuman,scientific_name,mouse gut metagenome
2026-10-08,PRJNA705695,SAMN18096257,host_nonhuman,scientific_name,mouse gut metagenome
2026-10-08,PRJNA705695,SAMN18096258,host_nonhuman,scientific_name,mouse gut metagenome
2026-10-08,PRJNA705695,SAMN18096259,host_nonhuman,scientific_name,mouse gut metagenome
2026-10-08,PRJNA705695,SAMN18096260,host_nonhuman,scientific_name,mouse gut metagenome
2026-10-08,PRJNA705695,SAMN18096261,host_nonhuman,scientific_name,mouse gut metagenome
2026-10-08,PRJNA705695,SAMN18096262,host_nonhuman,scientific_name,mouse gut metagenome
2026-10-08,PRJNA705695,SAMN18096263,host_nonhuman,scientific_name,mouse gut metagenome
2026-10-08,PRJNA705695,SAMN18096264,host_nonhuman,scientific_name,mouse gut metagenome
2026-10-08,PRJNA705695,SAMN18096265,host_nonhuman,scientific_name,mouse gut metagenome
2026-10-08,PRJNA705695,SAMN18096266,host_nonhuman,scientific_name,mouse gut metagenome
2026-10-08,PRJNA705695,SAMN18096267,host_nonhuman,scientific_name,mouse gut metagenome
2026-10-08,PRJNA705695,SAMN18096268,host_nonhuman,scientific_name,mouse gut metagenome
2026-10-08,PRJNA705695,SAMN18096269,host_nonhuman,scientific_name,mouse gut metagenome
2026-10-08,PRJNA705695,SAMN18096270,host_nonhuman,scientific_name,mouse gut metagenome
2026-10-08,PRJNA705695,SAMN18096271,host_nonhuman,scientific_name,mouse gut metagenome
2026-10-08,PRJNA705695,SAMN18096272,host_nonhuman,scientific_name,mouse gut metagenome
2026-10-08,PRJNA705695,SAMN18096273,host_nonhuman,scientific_name,mouse gut metagenome
2026-10-08,PRJNA705695,SAMN18096274,host_nonhuman,scientific_name,mouse gut metagenome
2026-10-08,PRJNA705695,SAMN18096275,host_nonhuman,scientific_name,mouse gut metagenome
2026-10-08,PRJNA705695,SAMN18096276,host_nonhuman,scientific_name,mouse gut metagenome
2026-10-08,PRJNA705695,SAMN18096277,host_nonhuman,scientific_name,mouse gut metagenome
2026-10-08,PRJNA705695,SAMN18096278,host_nonhuman,scientific_name,mouse gut metagenome
2026-10-08,PRJNA705695,SAMN18096279,host_nonhuman,scientific_name,mouse gut metagenome
2026-10-08,PRJNA705695,SAMN18096280,host_nonhuman,scientific_name,mouse gut metagenome
2026-10-08,PRJNA705695,SAMN18096281,host_nonhuman,scientific_name,mouse gut metagenome
2026-10-08,PRJNA705695,SAMN18096282,host_nonhuman,scientific_name,mouse gut metagenome
2026-10-08,PRJNA705695,SAMN18096283,host_nonhuman,scientific_name,mouse gut metagenome
2026-10-08,PRJNA705695,SAMN18096284,host_nonhuman,scientific_name,mouse gut metagenome
2026-10-08,PRJNA705695,SAMN18096285,host_nonhuman,scientific_name,mouse gut metagenome
2026-10-08,PRJNA705695,SAMN18096286,host_nonhuman,scientific_name,mouse gut metagenome
2026-10-08,PRJNA705695,SAMN18096287,host_nonhuman,scientific_name,mouse gut metagenome
2026-10-08,PRJNA705695,SAMN18096288,host_nonhuman,scientific_name,mouse gut metagenome
2026-10-08,PRJNA705695,SAMN18096289,host_nonhuman,scientific_name,mouse gut metagenome
2026-10-08,PRJNA705695,SAMN18096290,host_nonhuman,scientific_name,mouse gut metagenome
2026-10-08,PRJNA705695,SAMN18096291,host_nonhuman,scientific_name,mouse gut metagenome
2026-10-08,PRJNA705695,SAMN18096292,host_nonhuman,scientific_name,mouse gut metagenome
2026-10-08,PRJNA705695,SAMN18096293,host_nonhuman,scientific_name,mouse gut metagenome
2026-10-08,PRJNA705695,SAMN18096294,host_nonhuman,scientific_name,mouse gut metagenome
2026-10-08,PRJNA705695,SAMN18096295,host_nonhuman,scientific_name,mouse gut metagenome
2026-10-08,PRJNA705695,SAMN18096296,host_nonhuman,scientific_name,mouse gut metagenome
2026-10-08,PRJNA705695,SAMN18096297,host_nonhuman,scientific_name,mouse gut metagenome
2026-10-08,PRJNA705695,SAMN18096298,host_nonhuman,scientific_name,mouse gut metagenome
2026-10-08,PRJNA705695,SAMN18096299,host_nonhuman,scientific_name,mouse gut metagenome
2026-10-08,PRJNA705695,SAMN18096300,host_nonhuman,scientific_name,mouse gut metagenome
2026-10-08,PRJNA705695,SAMN18096301,host_nonhuman,scientific_name,mouse gut metagenome
2026-10-08,PRJNA705695,SAMN18096302,host_nonhuman,scientific_name,mouse gut metagenome
2026-10-08,PRJNA721002,SAMN18688627,host_nonhuman,biosample replicate,owned dog replicate 1
2026-10-08,PRJNA721002,SAMN18688628,host_nonhuman,biosample replicate,owned dog replicate 2
2026-10-08,PRJNA721002,SAMN18688629,host_nonhuman,biosample replicate,owned dog replicate 3
2026-10-08,PRJNA721002,SAMN18688630,host_nonhuman,biosample replicate,owned dog replicate 4
2026-10-08,PRJNA721002,SAMN18688631,host_nonhuman,biosample replicate,owned dog replicate 5
2026-10-08,PRJNA721002,SAMN18688632,host_nonhuman,biosample replicate,owned dog replicate 6
2026-10-08,PRJNA721002,SAMN18688633,host_nonhuman,biosample replicate,owned dog replicate 7
2026-10-08,PRJNA721002,SAMN18688634,host_nonhuman,biosample replicate,owned dog replicate 8
2026-10-08,PRJNA721002,SAMN18688635,host_nonhuman,biosample replicate,owned dog replicate 9
2026-10-08,PRJNA721002,SAMN18688636,host_nonhuman,biosample replicate,owned dog replicate 10
2026-10-08,PRJNA721002,SAMN18688637,host_nonhuman,biosample replicate,owned dog replicate 11
2026-10-08,PRJNA721002,SAMN18688638,host_nonhuman,biosample replicate,owned dog replicate 12
2026-10-08,PRJNA721002,SAMN18688639,host_nonhuman,biosample replicate,owned dog replicate 13
2026-10-08,PRJNA721002,SAMN18688656,host_nonhuman,biosample replicate,kennel dog replicate 1
2026-10-08,PRJNA721002,SAMN18688657,host_nonhuman,biosample replicate,kennel dog replicate 2
2026-10-08,PRJNA721002,SAMN18688658,host_nonhuman,biosample replicate,kennel dog replicate 3
2026-10-08,PRJNA721002,SAMN18688659,host_nonhuman,biosample replicate,kennel dog replicate 4
2026-10-08,PRJNA721002,SAMN18688660,host_nonhuman,biosample replicate,kennel dog replicate 5
2026-10-08,PRJNA721002,SAMN18688661,host_nonhuman,biosample replicate,kennel dog replicate 6
2026-10-08,PRJNA721002,SAMN18688662,host_nonhuman,biosample replicate,kennel dog replicate 7
2026-10-08,PRJNA721002,SAMN18688663,host_nonhuman,biosample replicate,kennel dog replicate 8
2026-10-08,PRJNA721002,SAMN18688664,host_nonhuman,biosample replicate,kennel dog replicate 9
2026-10-08,PRJNA721002,SAMN18688665,host_nonhuman,biosample replicate,kennel dog replicate 10
2026-10-08,PRJNA721002,SAMN18688666,host_nonhuman,biosample replicate,kennel dog replicate 11
2026-10-08,PRJNA721002,SAMN18688667,host_nonhuman,biosample replicate,kennel dog replicate 12
2026-10-08,PRJNA721002,SAMN18688668,host_nonhuman,biosample replicate,kennel dog replicate 13
2026-10-08,PRJNA721002,SAMN18688669,host_nonhuman,biosample replicate,kennel dog replicate 14
2026-10-08,PRJNA721002,SAMN18688670,host_nonhuman,biosample replicate,kennel dog replicate 15
2026-10-08,PRJNA721002,SAMN18688671,host_nonhuman,biosample replicate,kennel dog replicate 16
2026-10-08,PRJNA721002,SAMN18688672,host_nonhuman,biosample replicate,kennel dog replicate 17
2026-10-08,PRJNA721002,SAMN18688673,host_nonhuman,biosample replicate,kennel dog replicate 18
2026-10-08,PRJNA721002,SAMN18688674,host_nonhuman,biosample replicate,kennel dog replicate 19
2026-10-08,PRJNA721002,SAMN18688675,host_nonhuman,biosample replicate,kennel dog replicate 20
2026-10-08,PRJNA721002,SAMN18688676,host_nonhuman,biosample replicate,kennel dog replicate 21
2026-10-08,PRJNA721002,SAMN18688677,host_nonhuman,biosample replicate,kennel dog replicate 22
2026-10-08,PRJNA832701,SAMN27917048,host_nonhuman,scientific_name,mouse gut metagenome
2026-10-08,PRJNA832701,SAMN27917049,host_nonhuman,scientific_name,mouse gut metagenome
2026-10-08,PRJNA832701,SAMN27917050,host_nonhuman,scientific_name,mouse gut metagenome
2026-10-08,PRJNA832701,SAMN27917051,host_nonhuman,scientific_name,mouse gut metagenome
2026-10-08,PRJNA832701,SAMN27917052,host_nonhuman,scientific_name,mouse gut metagenome
2026-10-08,PRJNA832701,SAMN27917053,host_nonhuman,scientific_name,mouse gut metagenome
2026-10-08,PRJNA832701,SAMN27917054,host_nonhuman,scientific_name,mouse gut metagenome
2026-10-08,PRJNA832701,SAMN27917055,host_nonhuman,scientific_name,mouse gut metagenome
2026-10-08,PRJNA832701,SAMN27917056,host_nonhuman,scientific_name,mouse gut metagenome
2026-10-08,PRJNA832701,SAMN27917058,host_nonhuman,scientific_name,mouse gut metagenome
2026-10-08,PRJNA832701,SAMN27917059,host_nonhuman,scientific_name,mouse gut metagenome
2026-10-08,PRJNA832701,SAMN27917060,host_nonhuman,scientific_name,mouse gut metagenome
2026-10-08,PRJNA832701,SAMN27917061,host_nonhuman,scientific_name,mouse gut metagenome
2026-10-08,PRJNA832701,SAMN27917062,host_nonhuman,scientific_name,mouse gut metagenome
2026-10-08,PRJNA832701,SAMN27917063,host_nonhuman,scientific_name,mouse gut metagenome
2026-10-08,PRJNA832701,SAMN27917064,host_nonhuman,scientific_name,mouse gut metagenome
2026-10-08,PRJNA832701,SAMN27917066,host_nonhuman,scientific_name,mouse gut metagenome
2026-10-08,PRJNA832701,SAMN27917067,host_nonhuman,scientific_name,mouse gut metagenome
2026-10-08,PRJNA852373,SAMN29159789,host_nonhuman,scientific_name,chicken gut metagenome
2026-10-08,PRJNA852373,SAMN29159797,host_nonhuman,scientific_name,chicken gut metagenome
2026-10-08,PRJNA852373,SAMN29160227,host_nonhuman,scientific_name,chicken gut metagenome
2026-10-08,PRJNA858101,SAMN29814383,host_nonhuman,scientific_name,mouse gut metagenome
2026-10-08,PRJNA858101,SAMN29814384,host_nonhuman,scientific_name,mouse gut metagenome
2026-10-08,PRJNA858101,SAMN29814385,host_nonhuman,scientific_name,mouse gut metagenome
2026-10-08,PRJNA858101,SAMN29814386,host_nonhuman,scientific_name,mouse gut metagenome
2026-10-08,PRJNA858101,SAMN29814387,host_nonhuman,scientific_name,mouse gut metagenome
2026-10-08,PRJNA858101,SAMN29814388,host_nonhuman,scientific_name,mouse gut metagenome
2026-10-08,PRJNA858101,SAMN29814389,host_nonhuman,scientific_name,mouse gut metagenome
2026-10-08,PRJNA858101,SAMN29814390,host_nonhuman,scientific_name,mouse gut metagenome
2026-10-08,PRJNA858101,SAMN29814391,host_nonhuman,scientific_name,mouse gut metagenome
2026-10-08,PRJNA858101,SAMN29814392,host_nonhuman,scientific_name,mouse gut metagenome
2026-10-08,PRJNA858101,SAMN29814393,host_nonhuman,scientific_name,mouse gut metagenome
2026-10-08,PRJNA858101,SAMN29814394,host_nonhuman,scientific_name,mouse gut metagenome
2026-10-08,PRJNA858101,SAMN29814395,host_nonhuman,scientific_name,mouse gut metagenome
2026-10-08,PRJNA858101,SAMN29814396,host_nonhuman,scientific_name,mouse gut metagenome
2026-10-08,PRJNA858101,SAMN29814397,host_nonhuman,scientific_name,mouse gut metagenome
2026-10-08,PRJNA858101,SAMN29814398,host_nonhuman,scientific_name,mouse gut metagenome
2026-10-08,PRJNA858101,SAMN29814399,host_nonhuman,scientific_name,mouse gut metagenome
2026-10-08,PRJNA858101,SAMN29814400,host_nonhuman,scientific_name,mouse gut metagenome
2026-10-08,PRJNA858101,SAMN29814401,host_nonhuman,scientific_name,mouse gut metagenome
2026-10-08,PRJNA858101,SAMN29814402,host_nonhuman,scientific_name,mouse gut metagenome
2026-10-08,PRJNA858101,SAMN29814403,host_nonhuman,scientific_name,mouse gut metagenome
2026-10-08,PRJNA858101,SAMN29814404,host_nonhuman,scientific_name,mouse gut metagenome
2026-10-08,PRJNA858101,SAMN29814405,host_nonhuman,scientific_name,mouse gut metagenome
2026-10-08,PRJNA858101,SAMN29814406,host_nonhuman,scientific_name,mouse gut metagenome
2026-10-08,PRJNA858101,SAMN29814407,host_nonhuman,scientific_name,mouse gut metagenome
2026-10-08,PRJNA858101,SAMN29814408,host_nonhuman,scientific_name,mouse gut metagenome
2026-10-08,PRJNA858101,SAMN29814409,host_nonhuman,scientific_name,mouse gut metagenome
2026-10-08,PRJNA858101,SAMN29814410,host_nonhuman,scientific_name,mouse gut metagenome
2026-10-08,PRJNA858101,SAMN29814411,host_nonhuman,scientific_name,mouse gut metagenome
2026-10-08,PRJNA858101,SAMN29814412,host_nonhuman,scientific_name,mouse gut metagenome
2026-10-08,PRJNA858101,SAMN29814413,host_nonhuman,scientific_name,mouse gut metagenome
2026-10-08,PRJNA858101,SAMN29814414,host_nonhuman,scientific_name,mouse gut metagenome
2026-10-08,PRJNA858101,SAMN29814415,host_nonhuman,scientific_name,mouse gut metagenome
2026-10-08,PRJNA858101,SAMN29814416,host_nonhuman,scientific_name,mouse gut metagenome
2026-10-08,PRJNA858101,SAMN29814417,host_nonhuman,scientific_name,mouse gut metagenome
2026-10-08,PRJNA858101,SAMN29814418,host_nonhuman,scientific_name,mouse gut metagenome
2026-10-08,PRJNA858101,SAMN29814419,host_nonhuman,scientific_name,mouse gut metagenome
2026-10-08,PRJNA858101,SAMN29814420,host_nonhuman,scientific_name,mouse gut metagenome
2026-10-08,PRJNA858101,SAMN29814421,host_nonhuman,scientific_name,mouse gut metagenome
2026-10-08,PRJNA858101,SAMN29814422,host_nonhuman,scientific_name,mouse gut metagenome
2026-10-08,PRJNA858101,SAMN29814423,host_nonhuman,scientific_name,mouse gut metagenome
2026-10-08,PRJNA858101,SAMN29814424,host_nonhuman,scientific_name,mouse gut metagenome
2026-10-08,PRJNA858101,SAMN29814425,host_nonhuman,scientific_name,mouse gut metagenome
2026-10-08,PRJNA858101,SAMN29814426,host_nonhuman,scientific_name,mouse gut metagenome
2026-10-08,PRJNA858101,SAMN29814427,host_nonhuman,scientific_name,mouse gut metagenome
2026-10-08,PRJNA858101,SAMN29814428,host_nonhuman,scientific_name,mouse gut metagenome
2026-10-08,PRJNA858101,SAMN29814429,host_nonhuman,scientific_name,mouse gut metagenome
2026-10-08,PRJNA858101,SAMN29814430,host_nonhuman,scientific_name,mouse gut metagenome
2026-10-08,PRJNA858101,SAMN29814431,host_nonhuman,scientific_name,mouse gut metagenome
2026-10-08,PRJNA858101,SAMN29814432,host_nonhuman,scientific_name,mouse gut metagenome
2026-10-08,PRJNA858101,SAMN29814433,host_nonhuman,scientific_name,mouse gut metagenome
2026-10-08,PRJNA858101,SAMN29814434,host_nonhuman,scientific_name,mouse gut metagenome
2026-10-08,PRJNA858101,SAMN29814435,host_nonhuman,scientific_name,mouse gut metagenome
2026-10-08,PRJNA858101,SAMN29814436,host_nonhuman,scientific_name,mouse gut metagenome
2026-10-08,PRJNA858101,SAMN29814437,host_nonhuman,scientific_name,mouse gut metagenome
2026-10-08,PRJNA858101,SAMN29814438,host_nonhuman,scientific_name,mouse gut metagenome
2026-10-08,PRJNA858101,SAMN29814439,host_nonhuman,scientific_name,mouse gut metagenome
2026-10-08,PRJNA858101,SAMN29814440,host_nonhuman,scientific_name,mouse gut metagenome
2026-10-08,PRJNA858101,SAMN29814441,host_nonhuman,scientific_name,mouse gut metagenome
2026-10-08,PRJNA858101,SAMN29814442,host_nonhuman,scientific_name,mouse gut metagenome
2026-10-08,PRJNA858101,SAMN29814443,host_nonhuman,scientific_name,mouse gut metagenome
2026-10-08,PRJNA858101,SAMN29814444,host_nonhuman,scientific_name,mouse gut metagenome
2026-10-08,PRJNA858101,SAMN29814445,host_nonhuman,scientific_name,mouse gut metagenome
2026-10-08,PRJNA858101,SAMN29814446,host_nonhuman,scientific_name,mouse gut metagenome
2026-10-08,PRJNA858101,SAMN29814447,host_nonhuman,scientific_name,mouse gut metagenome
2026-10-08,PRJNA858101,SAMN29814448,host_nonhuman,scientific_name,mouse gut metagenome
2026-10-08,PRJNA858101,SAMN29814449,host_nonhuman,scientific_name,mouse gut metagenome
2026-10-08,PRJNA858101,SAMN29814450,host_nonhuman,scientific_name,mouse gut metagenome
2026-10-08,PRJNA858101,SAMN29814451,host_nonhuman,scientific_name,mouse gut metagenome
2026-10-08,PRJNA858101,SAMN29814452,host_nonhuman,scientific_name,mouse gut metagenome
2026-10-08,PRJNA858101,SAMN29814453,host_nonhuman,scientific_name,mouse gut metagenome
2026-10-08,PRJNA858101,SAMN29814454,host_nonhuman,scientific_name,mouse gut metagenome
2026-10-08,PRJNA858101,SAMN29814455,host_nonhuman,scientific_name,mouse gut metagenome
2026-10-08,PRJNA858101,SAMN29814456,host_nonhuman,scientific_name,mouse gut metagenome
2026-10-08,PRJNA858101,SAMN29814457,host_nonhuman,scientific_name,mouse gut metagenome
2026-10-08,PRJNA858101,SAMN29814458,host_nonhuman,scientific_name,mouse gut metagenome
2026-10-08,PRJNA858101,SAMN29814459,host_nonhuman,scientific_name,mouse gut metagenome
2026-10-08,PRJNA858101,SAMN29814460,host_nonhuman,scientific_name,mouse gut metagenome
2026-10-08,PRJNA858101,SAMN29814461,host_nonhuman,scientific_name,mouse gut metagenome
2026-10-08,PRJNA858101,SAMN29814462,host_nonhuman,scientific_name,mouse gut metagenome
2026-10-08,PRJNA858101,SAMN29814463,host_nonhuman,scientific_name,mouse gut metagenome
2026-10-08,PRJNA858101,SAMN29814464,host_nonhuman,scientific_name,mouse gut metagenome
2026-10-08,PRJNA858101,SAMN29814465,host_nonhuman,scientific_name,mouse gut metagenome
2026-10-08,PRJNA858101,SAMN29814466,host_nonhuman,scientific_name,mouse gut metagenome
2026-10-08,PRJNA858101,SAMN29814467,host_nonhuman,scientific_name,mouse gut metagenome
2026-10-08,PRJNA858101,SAMN29814468,host_nonhuman,scientific_name,mouse gut metagenome
2026-10-08,PRJNA858101,SAMN29814469,host_nonhuman,scientific_name,mouse gut metagenome
2026-10-08,PRJNA858101,SAMN29814470,host_nonhuman,scientific_name,mouse gut metagenome
2026-10-08,PRJNA858101,SAMN29814471,host_nonhuman,scientific_name,mouse gut metagenome
2026-10-08,PRJNA858101,SAMN29814472,host_nonhuman,scientific_name,mouse gut metagenome
2026-10-08,PRJNA858101,SAMN29814473,host_nonhuman,scientific_name,mouse gut metagenome
2026-10-08,PRJNA858101,SAMN29814474,host_nonhuman,scientific_name,mouse gut metagenome
2026-10-08,PRJNA858101,SAMN29814475,host_nonhuman,scientific_name,mouse gut metagenome
2026-10-08,PRJNA858101,SAMN29814476,host_nonhuman,scientific_name,mouse gut metagenome
2026-10-08,PRJNA858101,SAMN29814477,host_nonhuman,scientific_name,mouse gut metagenome
2026-10-08,PRJNA858101,SAMN29814478,host_nonhuman,scientific_name,mouse gut metagenome
2026-10-08,PRJNA858101,SAMN29814479,host_nonhuman,scientific_name,mouse gut metagenome
2026-10-08,PRJNA858101,SAMN29814480,host_nonhuman,scientific_name,mouse gut metagenome
2026-10-08,PRJNA858101,SAMN29814481,host_nonhuman,scientific_name,mouse gut metagenome
2026-10-08,PRJNA858101,SAMN29814482,host_nonhuman,scientific_name,mouse gut metagenome
2026-10-08,PRJNA858101,SAMN29814483,host_nonhuman,scientific_name,mouse gut metagenome
2026-10-08,PRJNA858101,SAMN29814484,host_nonhuman,scientific_name,mouse gut metagenome
2026-10-08,PRJNA858101,SAMN29814485,host_nonhuman,scientific_name,mouse gut metagenome
2026-10-08,PRJNA858101,SAMN29814486,host_nonhuman,scientific_name,mouse gut metagenome
2026-10-08,PRJNA858101,SAMN29814487,host_nonhuman,scientific_name,mouse gut metagenome
2026-10-08,PRJNA858101,SAMN29814488,host_nonhuman,scientific_name,mouse gut metagenome
2026-10-08,PRJNA858101,SAMN29814489,host_nonhuman,scientific_name,mouse gut metagenome
2026-10-08,PRJNA858101,SAMN29814490,host_nonhuman,scientific_name,mouse gut metagenome
2026-10-08,PRJNA858101,SAMN29814491,host_nonhuman,scientific_name,mouse gut metagenome
2026-10-08,PRJNA858101,SAMN29814492,host_nonhuman,scientific_name,mouse gut metagenome
2026-10-08,PRJNA858101,SAMN29814493,host_nonhuman,scientific_name,mouse gut metagenome
2026-10-08,PRJNA858101,SAMN29814494,host_nonhuman,scientific_name,mouse gut metagenome
2026-10-08,PRJNA858101,SAMN29814495,host_nonhuman,scientific_name,mouse gut metagenome
2026-10-08,PRJNA858101,SAMN29814496,host_nonhuman,scientific_name,mouse gut metagenome
2026-10-08,PRJNA858101,SAMN29814497,host_nonhuman,scientific_name,mouse gut metagenome
2026-10-08,PRJNA858101,SAMN29814498,host_nonhuman,scientific_name,mouse gut metagenome
2026-10-08,PRJNA858101,SAMN29814499,host_nonhuman,scientific_name,mouse gut metagenome
2026-10-08,PRJNA858101,SAMN29814500,host_nonhuman,scientific_name,mouse gut metagenome
2026-10-08,PRJNA858101,SAMN29814501,host_nonhuman,scientific_name,mouse gut metagenome
2026-10-08,PRJNA858101,SAMN29814502,host_nonhuman,scientific_name,mouse gut metagenome
2026-10-08,PRJNA858101,SAMN29814503,host_nonhuman,scientific_name,mouse gut metagenome
2026-10-08,PRJNA858101,SAMN29814504,host_nonhuman,scientific_name,mouse gut metagenome
2026-10-08,PRJNA858101,SAMN29814505,host_nonhuman,scientific_name,mouse gut metagenome
2026-10-08,PRJNA858101,SAMN29814506,host_nonhuman,scientific_name,mouse gut metagenome
2026-10-08,PRJNA858101,SAMN29814507,host_nonhuman,scientific_name,mouse gut metagenome
2026-10-08,PRJNA858101,SAMN29814508,host_nonhuman,scientific_name,mouse gut metagenome
2026-10-08,PRJNA858101,SAMN29814509,host_nonhuman,scientific_name,mouse gut metagenome
2026-10-08,PRJNA858101,SAMN29814510,host_nonhuman,scientific_name,mouse gut metagenome
2026-10-08,PRJNA858101,SAMN29814511,host_nonhuman,scientific_name,mouse gut metagenome
2026-10-08,PRJNA858101,SAMN29814512,host_nonhuman,scientific_name,mouse gut metagenome
2026-10-08,PRJNA858101,SAMN29814513,host_nonhuman,scientific_name,mouse gut metagenome
2026-10-08,PRJNA858101,SAMN29814514,host_nonhuman,scientific_name,mouse gut metagenome
2026-10-08,PRJNA858101,SAMN29814515,host_nonhuman,scientific_name,mouse gut metagenome
2026-10-08,PRJNA858101,SAMN29814516,host_nonhuman,scientific_name,mouse gut metagenome
2026-10-08,PRJNA858101,SAMN29814517,host_nonhuman,scientific_name,mouse gut metagenome
2026-10-08,PRJNA858101,SAMN29814518,host_nonhuman,scientific_name,mouse gut metagenome
2026-10-08,PRJNA858101,SAMN29814519,host_nonhuman,scientific_name,mouse gut metagenome
2026-10-08,PRJNA858101,SAMN29814520,host_nonhuman,scientific_name,mouse gut metagenome
2026-10-08,PRJNA858101,SAMN29814521,host_nonhuman,scientific_name,mouse gut metagenome
2026-10-08,PRJNA858101,SAMN29814522,host_nonhuman,scientific_name,mouse gut metagenome
2026-10-08,PRJNA858101,SAMN29814523,host_nonhuman,scientific_name,mouse gut metagenome
2026-10-08,PRJNA858101,SAMN29814524,host_nonhuman,scientific_name,mouse gut metagenome
2026-10-08,PRJNA858101,SAMN29814525,host_nonhuman,scientific_name,mouse gut metagenome
2026-10-08,PRJNA858101,SAMN29814526,host_nonhuman,scientific_name,mouse gut metagenome
2026-10-08,PRJNA858101,SAMN29814527,host_nonhuman,scientific_name,mouse gut metagenome
2026-10-08,PRJNA858101,SAMN29814528,host_nonhuman,scientific_name,mouse gut metagenome
2026-10-08,PRJNA858101,SAMN29814529,host_nonhuman,scientific_name,mouse gut metagenome
2026-10-08,PRJNA858101,SAMN29814530,host_nonhuman,scientific_name,mouse gut metagenome
2026-10-08,PRJNA858101,SAMN29814531,host_nonhuman,scientific_name,mouse gut metagenome
2026-10-08,PRJNA858101,SAMN29814532,host_nonhuman,scientific_name,mouse gut metagenome
2026-10-08,PRJNA858101,SAMN29814533,host_nonhuman,scientific_name,mouse gut metagenome
2026-10-08,PRJNA858101,SAMN29814534,host_nonhuman,scientific_name,mouse gut metagenome
2026-10-08,PRJNA858101,SAMN29814535,host_nonhuman,scientific_name,mouse gut metagenome
2026-10-08,PRJNA858101,SAMN29814536,host_nonhuman,scientific_name,mouse gut metagenome
2026-10-08,PRJNA858101,SAMN29814537,host_nonhuman,scientific_name,mouse gut metagenome
2026-10-08,PRJNA858101,SAMN29814538,host_nonhuman,scientific_name,mouse gut metagenome
2026-10-08,PRJNA858101,SAMN29814539,host_nonhuman,scientific_name,mouse gut metagenome
2026-10-08,PRJNA858101,SAMN29814540,host_nonhuman,scientific_name,mouse gut metagenome
2026-10-08,PRJNA858101,SAMN29814541,host_nonhuman,scientific_name,mouse gut metagenome
2026-10-08,PRJNA858101,SAMN29814542,host_nonhuman,scientific_name,mouse gut metagenome
2026-10-08,PRJNA858101,SAMN29814543,host_nonhuman,scientific_name,mouse gut metagenome
2026-10-08,PRJNA858101,SAMN29814544,host_nonhuman,scientific_name,mouse gut metagenome
2026-10-08,PRJNA858101,SAMN29814545,host_nonhuman,scientific_name,mouse gut metagenome
2026-10-08,PRJNA858101,SAMN29814546,host_nonhuman,scientific_name,mouse gut metagenome
2026-10-08,PRJNA858101,SAMN29814547,host_nonhuman,scientific_name,mouse gut metagenome
2026-10-08,PRJNA858101,SAMN29814548,host_nonhuman,scientific_name,mouse gut metagenome
2026-10-08,PRJNA858101,SAMN29814549,host_nonhuman,scientific_name,mouse gut metagenome
2026-10-08,PRJNA858101,SAMN29814550,host_nonhuman,scientific_name,mouse gut metagenome
2026-10-08,PRJNA858101,SAMN29814551,host_nonhuman,scientific_name,mouse gut metagenome
2026-10-08,PRJNA858101,SAMN29814552,host_nonhuman,scientific_name,mouse gut metagenome
2026-10-08,PRJNA858101,SAMN29814553,host_nonhuman,scientific_name,mouse gut metagenome
2026-10-08,PRJNA858101,SAMN29814554,host_nonhuman,scientific_name,mouse gut metagenome
2026-10-08,PRJNA858101,SAMN29814555,host_nonhuman,scientific_name,mouse gut metagenome
2026-10-08,PRJNA858101,SAMN29814556,host_nonhuman,scientific_name,mouse gut metagenome
2026-10-08,PRJNA858101,SAMN29814557,host_nonhuman,scientific_name,mouse gut metagenome
2026-10-08,PRJNA858101,SAMN29814558,host_nonhuman,scientific_name,mouse gut metagenome
2026-10-08,PRJNA858101,SAMN29814559,host_nonhuman,scientific_name,mouse gut metagenome
2026-10-08,PRJNA858101,SAMN29814560,host_nonhuman,scientific_name,mouse gut metagenome
2026-10-08,PRJNA858101,SAMN29814561,host_nonhuman,scientific_name,mouse gut metagenome
2026-10-08,PRJNA858101,SAMN29814562,host_nonhuman,scientific_name,mouse gut metagenome
2026-10-08,PRJNA858101,SAMN29814563,host_nonhuman,scientific_name,mouse gut metagenome
2026-10-08,PRJNA858101,SAMN29814564,host_nonhuman,scientific_name,mouse gut metagenome
2026-10-08,PRJNA858101,SAMN29814565,host_nonhuman,scientific_name,mouse gut metagenome
2026-10-08,PRJNA858101,SAMN29814566,host_nonhuman,scientific_name,mouse gut metagenome
2026-10-08,PRJNA858101,SAMN29814567,host_nonhuman,scientific_name,mouse gut metagenome
2026-10-08,PRJNA858101,SAMN29814568,host_nonhuman,scientific_name,mouse gut metagenome
2026-10-08,PRJNA858101,SAMN29814569,host_nonhuman,scientific_name,mouse gut metagenome
2026-10-08,PRJNA858101,SAMN29814570,host_nonhuman,scientific_name,mouse gut metagenome
2026-10-08,PRJNA858101,SAMN29814571,host_nonhuman,scientific_name,mouse gut metagenome
2026-10-08,PRJNA858101,SAMN29814572,host_nonhuman,scientific_name,mouse gut metagenome
2026-10-08,PRJNA858101,SAMN29814573,host_nonhuman,scientific_name,mouse gut metagenome
2026-10-08,PRJNA858101,SAMN29814574,host_nonhuman,scientific_name,mouse gut metagenome
2026-10-08,PRJNA858101,SAMN29814575,host_nonhuman,scientific_name,mouse gut metagenome
2026-10-08,PRJNA858101,SAMN29814576,host_nonhuman,scientific_name,mouse gut metagenome
2026-10-08,PRJNA858101,SAMN29814577,host_nonhuman,scientific_name,mouse gut metagenome
2026-10-08,PRJNA858101,SAMN29814578,host_nonhuman,scientific_name,mouse gut metagenome
2026-10-08,PRJNA858101,SAMN29814579,host_nonhuman,scientific_name,mouse gut metagenome
2026-10-08,PRJNA858101,SAMN29814580,host_nonhuman,scientific_name,mouse gut metagenome
2026-10-08,PRJNA858101,SAMN29814581,host_nonhuman,scientific_name,mouse gut metagenome
2026-10-08,PRJNA858101,SAMN29814582,host_nonhuman,scientific_name,mouse gut metagenome
2026-10-08,PRJNA858101,SAMN29814583,host_nonhuman,scientific_name,mouse gut metagenome
2026-10-08,PRJNA858101,SAMN29814584,host_nonhuman,scientific_name,mouse gut metagenome
2026-10-08,PRJNA858101,SAMN29814585,host_nonhuman,scientific_name,mouse gut metagenome
2026-10-08,PRJNA858101,SAMN29814586,host_nonhuman,scientific_name,mouse gut metagenome
2026-10-08,PRJNA858101,SAMN29814587,host_nonhuman,scientific_name,mouse gut metagenome
2026-10-08,PRJNA858101,SAMN29814588,host_nonhuman,scientific_name,mouse gut metagenome
2026-10-08,PRJNA858101,SAMN29814589,host_nonhuman,scientific_name,mouse gut metagenome
2026-10-08,PRJNA858101,SAMN29814590,host_nonhuman,scientific_name,mouse gut metagenome
2026-10-08,PRJNA858101,SAMN29814591,host_nonhuman,scientific_name,mouse gut metagenome
2026-10-08,PRJNA858101,SAMN29814592,host_nonhuman,scientific_name,mouse gut metagenome
2026-10-08,PRJNA858101,SAMN29814593,host_nonhuman,scientific_name,mouse gut metagenome
2026-10-08,PRJNA858101,SAMN29814594,host_nonhuman,scientific_name,mouse gut metagenome
2026-10-08,PRJNA858101,SAMN29814595,host_nonhuman,scientific_name,mouse gut metagenome
2026-10-08,PRJNA858101,SAMN29814596,host_nonhuman,scientific_name,mouse gut metagenome
2026-10-08,PRJNA858101,SAMN29814597,host_nonhuman,scientific_name,mouse gut metagenome
2026-10-08,PRJNA858101,SAMN29814598,host_nonhuman,scientific_name,mouse gut metagenome
2026-10-08,PRJNA858101,SAMN29814599,host_nonhuman,scientific_name,mouse gut metagenome
2026-10-08,PRJNA858101,SAMN29814600,host_nonhuman,scientific_name,mouse gut metagenome
2026-10-08,PRJNA858101,SAMN29814601,host_nonhuman,scientific_name,mouse gut metagenome
2026-10-08,PRJNA858101,SAMN29814602,host_nonhuman,scientific_name,mouse gut metagenome
2026-10-08,PRJNA858101,SAMN29814603,host_nonhuman,scientific_name,mouse gut metagenome
2026-10-08,PRJNA858101,SAMN29814604,host_nonhuman,scientific_name,mouse gut metagenome
2026-10-08,PRJNA858101,SAMN29814605,host_nonhuman,scientific_name,mouse gut metagenome
2026-10-08,PRJNA858101,SAMN29814606,host_nonhuman,scientific_name,mouse gut metagenome
2026-10-08,PRJNA858101,SAMN29814607,host_nonhuman,scientific_name,mouse gut metagenome
2026-10-08,PRJNA858101,SAMN29814608,host_nonhuman,scientific_name,mouse gut metagenome
2026-10-08,PRJNA858101,SAMN29814609,host_nonhuman,scientific_name,mouse gut metagenome
2026-10-08,PRJNA858101,SAMN29814610,host_nonhuman,scientific_name,mouse gut metagenome
2026-10-08,PRJNA858101,SAMN29814611,host_nonhuman,scientific_name,mouse gut metagenome
2026-10-08,PRJNA858101,SAMN29814612,host_nonhuman,scientific_name,mouse gut metagenome
2026-10-08,PRJNA858101,SAMN29814613,host_nonhuman,scientific_name,mouse gut metagenome
2026-10-08,PRJNA858101,SAMN29814614,host_nonhuman,scientific_name,mouse gut metagenome
2026-10-08,PRJNA858101,SAMN29814615,host_nonhuman,scientific_name,mouse gut metagenome
2026-10-08,PRJNA858101,SAMN29814616,host_nonhuman,scientific_name,mouse gut metagenome
2026-10-08,PRJNA858101,SAMN29814617,host_nonhuman,scientific_name,mouse gut metagenome
2026-10-08,PRJNA858101,SAMN29814618,host_nonhuman,scientific_name,mouse gut metagenome
2026-10-08,PRJNA858101,SAMN29814619,host_nonhuman,scientific_name,mouse gut metagenome
2026-10-08,PRJNA858101,SAMN29814620,host_nonhuman,scientific_name,mouse gut metagenome
2026-10-08,PRJNA858101,SAMN29814621,host_nonhuman,scientific_name,mouse gut metagenome
2026-10-08,PRJNA858101,SAMN29814622,host_nonhuman,scientific_name,mouse gut metagenome
2026-10-08,PRJNA858101,SAMN29814623,host_nonhuman,scientific_name,mouse gut metagenome
2026-10-08,PRJNA858101,SAMN29814624,host_nonhuman,scientific_name,mouse gut metagenome
2026-10-08,PRJNA858101,SAMN29814625,host_nonhuman,scientific_name,mouse gut metagenome
2026-10-08,PRJNA858101,SAMN29814626,host_nonhuman,scientific_name,mouse gut metagenome
2026-10-08,PRJNA858101,SAMN29814627,host_nonhuman,scientific_name,mouse gut metagenome
2026-10-08,PRJNA858101,SAMN29814628,host_nonhuman,scientific_name,mouse gut metagenome
2026-10-08,PRJNA858101,SAMN29814629,host_nonhuman,scientific_name,mouse gut metagenome
2026-10-08,PRJNA858101,SAMN29814630,host_nonhuman,scientific_name,mouse gut metagenome
2026-10-08,PRJNA858101,SAMN29814631,host_nonhuman,scientific_name,mouse gut metagenome
2026-10-08,PRJNA858101,SAMN29814632,host_nonhuman,scientific_name,mouse gut metagenome
2026-10-08,PRJNA858101,SAMN29814633,host_nonhuman,scientific_name,mouse gut metagenome
2026-10-08,PRJNA858101,SAMN29814634,host_nonhuman,scientific_name,mouse gut metagenome
2026-10-08,PRJNA858101,SAMN29814635,host_nonhuman,scientific_name,mouse gut metagenome
2026-10-08,PRJNA858101,SAMN29814636,host_nonhuman,scientific_name,mouse gut metagenome
2026-10-08,PRJNA858101,SAMN29814637,host_nonhuman,scientific_name,mouse gut metagenome
2026-10-08,PRJNA858101,SAMN29814638,host_nonhuman,scientific_name,mouse gut metagenome
2026-10-08,PRJNA858101,SAMN29814639,host_nonhuman,scientific_name,mouse gut metagenome
2026-10-08,PRJNA858101,SAMN29814640,host_nonhuman,scientific_name,mouse gut metagenome
2026-10-08,PRJNA858101,SAMN29814641,host_nonhuman,scientific_name,mouse gut metagenome
2026-10-08,PRJNA858101,SAMN29814642,host_nonhuman,scientific_name,mouse gut metagenome
2026-10-08,PRJNA858101,SAMN29814643,host_nonhuman,scientific_name,mouse gut metagenome
2026-10-08,PRJNA858101,SAMN29814644,host_nonhuman,scientific_name,mouse gut metagenome
2026-10-08,PRJNA858101,SAMN29814645,host_nonhuman,scientific_name,mouse gut metagenome
2026-10-08,PRJNA858101,SAMN29814646,host_nonhuman,scientific_name,mouse gut metagenome
2026-10-08,PRJNA858101,SAMN29814647,host_nonhuman,scientific_name,mouse gut metagenome
2026-10-08,PRJNA858101,SAMN29814648,host_nonhuman,scientific_name,mouse gut metagenome
2026-10-08,PRJNA858101,SAMN29814649,host_nonhuman,scientific_name,mouse gut metagenome
2026-10-08,PRJNA858101,SAMN29814650,host_nonhuman,scientific_name,mouse gut metagenome
2026-10-08,PRJNA858101,SAMN29814651,host_nonhuman,scientific_name,mouse gut metagenome
2026-10-08,PRJNA858101,SAMN29814652,host_nonhuman,scientific_name,mouse gut metagenome
2026-10-08,PRJNA858101,SAMN29814653,host_nonhuman,scientific_name,mouse gut metagenome
2026-10-08,PRJNA858101,SAMN29814654,host_nonhuman,scientific_name,mouse gut metagenome
2026-10-08,PRJNA858101,SAMN29814655,host_nonhuman,scientific_name,mouse gut metagenome
2026-10-08,PRJNA858101,SAMN29814656,host_nonhuman,scientific_name,mouse gut metagenome
2026-10-08,PRJNA858101,SAMN29814657,host_nonhuman,scientific_name,mouse gut metagenome
2026-10-08,PRJNA858101,SAMN29814658,host_nonhuman,scientific_name,mouse gut metagenome
2026-10-08,PRJNA858101,SAMN29814659,host_nonhuman,scientific_name,mouse gut metagenome
2026-10-08,PRJNA858101,SAMN29814660,host_nonhuman,scientific_name,mouse gut metagenome
2026-10-08,PRJNA858101,SAMN29814661,host_nonhuman,scientific_name,mouse gut metagenome
2026-10-08,PRJNA858101,SAMN29814662,host_nonhuman,scientific_name,mouse gut metagenome
2026-10-08,PRJNA858101,SAMN29814663,host_nonhuman,scientific_name,mouse gut metagenome
2026-10-08,PRJNA858101,SAMN29814664,host_nonhuman,scientific_name,mouse gut metagenome
2026-10-08,PRJNA858101,SAMN29814665,host_nonhuman,scientific_name,mouse gut metagenome
2026-10-08,PRJNA858101,SAMN29814666,host_nonhuman,scientific_name,mouse gut metagenome
2026-10-08,PRJNA858101,SAMN29814667,host_nonhuman,scientific_name,mouse gut metagenome
2026-10-08,PRJNA858101,SAMN29814668,host_nonhuman,scientific_name,mouse gut metagenome
2026-10-08,PRJNA858101,SAMN29814669,host_nonhuman,scientific_name,mouse gut metagenome
2026-10-08,PRJNA858101,SAMN29814670,host_nonhuman,scientific_name,mouse gut metagenome
2026-10-08,PRJNA858101,SAMN29814671,host_nonhuman,scientific_name,mouse gut metagenome
2026-10-08,PRJNA858101,SAMN29814672,host_nonhuman,scientific_name,mouse gut metagenome
2026-10-08,PRJNA858101,SAMN29814673,host_nonhuman,scientific_name,mouse gut metagenome
2026-10-08,PRJNA858101,SAMN29814674,host_nonhuman,scientific_name,mouse gut metagenome
2026-10-08,PRJNA858101,SAMN29814675,host_nonhuman,scientific_name,mouse gut metagenome
2026-10-08,PRJNA858101,SAMN29814676,host_nonhuman,scientific_name,mouse gut metagenome
2026-10-08,PRJNA858101,SAMN29814677,host_nonhuman,scientific_name,mouse gut metagenome
2026-10-08,PRJNA858101,SAMN29814678,host_nonhuman,scientific_name,mouse gut metagenome
2026-10-08,PRJNA858101,SAMN29814679,host_nonhuman,scientific_name,mouse gut metagenome
2026-10-08,PRJNA858101,SAMN29814680,host_nonhuman,scientific_name,mouse gut metagenome
2026-10-08,PRJNA858101,SAMN29814681,host_nonhuman,scientific_name,mouse gut metagenome
2026-10-08,PRJNA858101,SAMN29814682,host_nonhuman,scientific_name,mouse gut metagenome
2026-10-08,PRJNA858101,SAMN29814683,host_nonhuman,scientific_name,mouse gut metagenome
2026-10-08,PRJNA858101,SAMN29814684,host_nonhuman,scientific_name,mouse gut metagenome
2026-10-08,PRJNA858101,SAMN29814685,host_nonhuman,scientific_name,mouse gut metagenome
2026-10-08,PRJNA858101,SAMN29814686,host_nonhuman,scientific_name,mouse gut metagenome
2026-10-08,PRJNA858101,SAMN29814687,host_nonhuman,scientific_name,mouse gut metagenome
2026-10-08,PRJNA858101,SAMN29814688,host_nonhuman,scientific_name,mouse gut metagenome
2026-10-08,PRJNA858101,SAMN29814689,host_nonhuman,scientific_name,mouse gut metagenome
2026-10-08,PRJNA858101,SAMN29814690,host_nonhuman,scientific_name,mouse gut metagenome
2026-10-08,PRJNA858101,SAMN29814691,host_nonhuman,scientific_name,mouse gut metagenome
2026-10-08,PRJNA858101,SAMN29814692,host_nonhuman,scientific_name,mouse gut metagenome
2026-10-08,PRJNA858101,SAMN29814693,host_nonhuman,scientific_name,mouse gut metagenome
2026-10-08,PRJNA858101,SAMN29814694,host_nonhuman,scientific_name,mouse gut metagenome
2026-10-08,PRJNA858101,SAMN29814695,host_nonhuman,scientific_name,mouse gut metagenome
2026-10-08,PRJNA858101,SAMN29814696,host_nonhuman,scientific_name,mouse gut metagenome
2026-10-08,PRJNA858101,SAMN29814697,host_nonhuman,scientific_name,mouse gut metagenome
2026-10-08,PRJNA858101,SAMN29814698,host_nonhuman,scientific_name,mouse gut metagenome
2026-10-08,PRJNA858101,SAMN29814699,host_nonhuman,scientific_name,mouse gut metagenome
2026-10-08,PRJNA858101,SAMN29814700,host_nonhuman,scientific_name,mouse gut metagenome
2026-10-08,PRJNA858101,SAMN29814701,host_nonhuman,scientific_name,mouse gut metagenome
2026-10-08,PRJNA858101,SAMN29814702,host_nonhuman,scientific_name,mouse gut metagenome
2026-10-08,PRJNA858101,SAMN29814703,host_nonhuman,scientific_name,mouse gut metagenome
2026-10-08,PRJNA858101,SAMN29814704,host_nonhuman,scientific_name,mouse gut metagenome
2026-10-08,PRJNA858101,SAMN29814705,host_nonhuman,scientific_name,mouse gut metagenome
2026-10-08,PRJNA858101,SAMN29814706,host_nonhuman,scientific_name,mouse gut metagenome
2026-10-08,PRJNA858101,SAMN29814707,host_nonhuman,scientific_name,mouse gut metagenome
2026-10-08,PRJNA858101,SAMN29814708,host_nonhuman,scientific_name,mouse gut metagenome
2026-10-08,PRJNA858101,SAMN29814709,host_nonhuman,scientific_name,mouse gut metagenome
2026-10-08,PRJNA858101,SAMN29814710,host_nonhuman,scientific_name,mouse gut metagenome
2026-10-08,PRJNA858101,SAMN29814711,host_nonhuman,scientific_name,mouse gut metagenome
2026-10-08,PRJNA858101,SAMN29814712,host_nonhuman,scientific_name,mouse gut metagenome
2026-10-08,PRJNA858101,SAMN29814713,host_nonhuman,scientific_name,mouse gut metagenome
2026-10-08,PRJNA858101,SAMN29814714,host_nonhuman,scientific_name,mouse gut metagenome
2026-10-08,PRJNA858101,SAMN29814715,host_nonhuman,scientific_name,mouse gut metagenome
2026-10-08,PRJNA858101,SAMN29814716,host_nonhuman,scientific_name,mouse gut metagenome
2026-10-08,PRJNA858101,SAMN29814717,host_nonhuman,scientific_name,mouse gut metagenome
2026-10-08,PRJNA858101,SAMN29814718,host_nonhuman,scientific_name,mouse gut metagenome
2026-10-08,PRJNA858101,SAMN29814719,host_nonhuman,scientific_name,mouse gut metagenome
2026-10-08,PRJNA858101,SAMN29814720,host_nonhuman,scientific_name,mouse gut metagenome
2026-10-08,PRJNA858101,SAMN29814721,host_nonhuman,scientific_name,mouse gut metagenome
2026-10-08,PRJNA858101,SAMN29814722,host_nonhuman,scientific_name,mouse gut metagenome
2026-10-08,PRJNA858101,SAMN29814723,host_nonhuman,scientific_name,mouse gut metagenome
2026-10-08,PRJNA858101,SAMN29814724,host_nonhuman,scientific_name,mouse gut metagenome
2026-10-08,PRJNA858101,SAMN29814725,host_nonhuman,scientific_name,mouse gut metagenome
2026-10-08,PRJNA858101,SAMN29814726,host_nonhuman,scientific_name,mouse gut metagenome
2026-10-08,PRJNA858101,SAMN29814727,host_nonhuman,scientific_name,mouse gut metagenome
2026-10-08,PRJNA858101,SAMN29814728,host_nonhuman,scientific_name,mouse gut metagenome
2026-10-08,PRJNA858101,SAMN29814729,host_nonhuman,scientific_name,mouse gut metagenome
2026-10-08,PRJNA858101,SAMN29814730,host_nonhuman,scientific_name,mouse gut metagenome
2026-10-08,PRJNA858101,SAMN29814731,host_nonhuman,scientific_name,mouse gut metagenome
2026-10-08,PRJNA858101,SAMN29814732,host_nonhuman,scientific_name,mouse gut metagenome
2026-10-08,PRJNA858101,SAMN29814733,host_nonhuman,scientific_name,mouse gut metagenome
2026-10-08,PRJNA858101,SAMN29814734,host_nonhuman,scientific_name,mouse gut metagenome
2026-10-08,PRJNA858101,SAMN29814735,host_nonhuman,scientific_name,mouse gut metagenome
2026-10-08,PRJNA858101,SAMN29814736,host_nonhuman,scientific_name,mouse gut metagenome
2026-10-08,PRJNA858101,SAMN29814737,host_nonhuman,scientific_name,mouse gut metagenome
2026-10-08,PRJNA858101,SAMN29814738,host_nonhuman,scientific_name,mouse gut metagenome
2026-10-08,PRJNA858101,SAMN29814739,host_nonhuman,scientific_name,mouse gut metagenome
2026-10-08,PRJNA858101,SAMN29814740,host_nonhuman,scientific_name,mouse gut metagenome
2026-10-08,PRJNA858101,SAMN29814741,host_nonhuman,scientific_name,mouse gut metagenome
2026-10-08,PRJNA858101,SAMN29814742,host_nonhuman,scientific_name,mouse gut metagenome
2026-10-08,PRJNA858101,SAMN29814743,host_nonhuman,scientific_name,mouse gut metagenome
2026-10-08,PRJNA858101,SAMN29814744,host_nonhuman,scientific_name,mouse gut metagenome
2026-10-08,PRJNA858101,SAMN29814745,host_nonhuman,scientific_name,mouse gut metagenome
2026-10-08,PRJNA858101,SAMN29814746,host_nonhuman,scientific_name,mouse gut metagenome
2026-10-08,PRJNA858101,SAMN29814747,host_nonhuman,scientific_name,mouse gut metagenome
2026-10-08,PRJNA858101,SAMN29814748,host_nonhuman,scientific_name,mouse gut metagenome
2026-10-08,PRJNA858101,SAMN29814749,host_nonhuman,scientific_name,mouse gut metagenome
2026-10-08,PRJNA858101,SAMN29814750,host_nonhuman,scientific_name,mouse gut metagenome
2026-10-08,PRJNA858101,SAMN29814751,host_nonhuman,scientific_name,mouse gut metagenome
2026-10-08,PRJNA858101,SAMN29814752,host_nonhuman,scientific_name,mouse gut metagenome
2026-10-08,PRJNA858101,SAMN29814753,host_nonhuman,scientific_name,mouse gut metagenome
2026-10-08,PRJNA858101,SAMN29814754,host_nonhuman,scientific_name,mouse gut metagenome
2026-10-08,PRJNA858101,SAMN29814755,host_nonhuman,scientific_name,mouse gut metagenome
2026-10-08,PRJNA858101,SAMN29814756,host_nonhuman,scientific_name,mouse gut metagenome
2026-10-08,PRJNA858101,SAMN29814757,host_nonhuman,scientific_name,mouse gut metagenome
2026-10-08,PRJNA858101,SAMN29814758,host_nonhuman,scientific_name,mouse gut metagenome
2026-10-08,PRJNA858101,SAMN29814759,host_nonhuman,scientific_name,mouse gut metagenome
2026-10-08,PRJNA858101,SAMN29814760,host_nonhuman,scientific_name,mouse gut metagenome
2026-10-08,PRJNA858101,SAMN29814761,host_nonhuman,scientific_name,mouse gut metagenome
2026-10-08,PRJNA858101,SAMN29814762,host_nonhuman,scientific_name,mouse gut metagenome
2026-10-08,PRJNA858101,SAMN29814763,host_nonhuman,scientific_name,mouse gut metagenome
2026-10-08,PRJNA858101,SAMN29814764,host_nonhuman,scientific_name,mouse gut metagenome
2026-10-08,PRJNA858101,SAMN29814765,host_nonhuman,scientific_name,mouse gut metagenome
2026-10-08,PRJNA858101,SAMN29814766,host_nonhuman,scientific_name,mouse gut metagenome
2026-10-08,PRJNA858101,SAMN29814767,host_nonhuman,scientific_name,mouse gut metagenome
2026-10-08,PRJNA858101,SAMN29814768,host_nonhuman,scientific_name,mouse gut metagenome
2026-10-08,PRJNA858101,SAMN29814769,host_nonhuman,scientific_name,mouse gut metagenome
2026-10-08,PRJNA858101,SAMN29814770,host_nonhuman,scientific_name,mouse gut metagenome
2026-10-08,PRJNA858101,SAMN29814771,host_nonhuman,scientific_name,mouse gut metagenome
2026-10-08,PRJNA858101,SAMN29814772,host_nonhuman,scientific_name,mouse gut metagenome
2026-10-08,PRJNA858101,SAMN29814773,host_nonhuman,scientific_name,mouse gut metagenome
2026-10-08,PRJNA858101,SAMN31202591,assay_isolate_genome,sample_title,A.muciniphila.jax mouse isolate.DNA illumina
2026-10-08,PRJNA902368,SAMN31758551,host_nonhuman,host_scientific_name,Mus musculus
2026-10-08,PRJNA902368,SAMN31758552,host_nonhuman,host_scientific_name,Mus musculus
2026-10-08,PRJNA902368,SAMN31758553,host_nonhuman,host_scientific_name,Mus musculus
2026-10-08,PRJNA902368,SAMN31758554,host_nonhuman,host_scientific_name,Mus musculus
2026-10-08,PRJNA902368,SAMN31758555,host_nonhuman,host_scientific_name,Mus musculus
2026-10-08,PRJNA902368,SAMN31758556,host_nonhuman,host_scientific_name,Mus musculus
2026-10-08,PRJNA902368,SAMN31758557,host_nonhuman,host_scientific_name,Mus musculus
2026-10-08,PRJNA902368,SAMN31758558,host_nonhuman,host_scientific_name,Mus musculus
2026-10-08,PRJNA902368,SAMN31758559,host_nonhuman,host_scientific_name,Mus musculus
2026-10-08,PRJNA902368,SAMN31758560,host_nonhuman,host_scientific_name,Mus musculus
2026-10-08,PRJNA902368,SAMN31758561,host_nonhuman,host_scientific_name,Mus musculus
2026-10-08,PRJNA902368,SAMN31758562,host_nonhuman,host_scientific_name,Mus musculus
2026-10-08,PRJNA902368,SAMN31758563,host_nonhuman,host_scientific_name,Mus musculus
2026-10-08,PRJNA902368,SAMN31758564,host_nonhuman,host_scientific_name,Mus musculus
2026-10-08,PRJNA902368,SAMN31758565,host_nonhuman,host_scientific_name,Mus musculus
2026-10-08,PRJNA902368,SAMN31758566,host_nonhuman,host_scientific_name,Mus musculus
2026-10-08,PRJNA902368,SAMN31758567,host_nonhuman,host_scientific_name,Mus musculus
2026-10-08,PRJNA902368,SAMN31758568,host_nonhuman,host_scientific_name,Mus musculus
2026-10-08,PRJNA902368,SAMN31758569,host_nonhuman,host_scientific_name,Mus musculus
2026-10-08,PRJNA902368,SAMN31758570,host_nonhuman,host_scientific_name,Mus musculus
2026-10-08,PRJNA902368,SAMN31758571,host_nonhuman,host_scientific_name,Mus musculus
2026-10-08,PRJNA902368,SAMN31758572,host_nonhuman,host_scientific_name,Mus musculus
2026-10-08,PRJNA902368,SAMN31758573,host_nonhuman,host_scientific_name,Mus musculus
2026-10-08,PRJNA902368,SAMN31758574,host_nonhuman,host_scientific_name,Mus musculus
2026-10-08,PRJNA902368,SAMN31758575,host_nonhuman,host_scientific_name,Mus musculus
2026-10-08,PRJNA902368,SAMN31758576,host_nonhuman,host_scientific_name,Mus musculus
2026-10-08,PRJNA902368,SAMN31758577,host_nonhuman,host_scientific_name,Mus musculus
2026-10-08,PRJNA902368,SAMN31758578,host_nonhuman,host_scientific_name,Mus musculus
2026-10-08,PRJNA902368,SAMN31758579,host_nonhuman,host_scientific_name,Mus musculus
2026-10-08,PRJNA902368,SAMN31758580,host_nonhuman,host_scientific_name,Mus musculus
2026-10-08,PRJNA902368,SAMN31758581,host_nonhuman,host_scientific_name,Mus musculus
2026-10-08,PRJNA902368,SAMN31758582,host_nonhuman,host_scientific_name,Mus musculus
2026-10-08,PRJNA902368,SAMN31758583,host_nonhuman,host_scientific_name,Mus musculus
2026-10-08,PRJNA902368,SAMN31758584,host_nonhuman,host_scientific_name,Mus musculus
2026-10-08,PRJNA902368,SAMN31758585,host_nonhuman,host_scientific_name,Mus musculus
2026-10-08,PRJNA902368,SAMN31758586,host_nonhuman,host_scientific_name,Mus musculus
2026-10-08,PRJNA902368,SAMN31758587,host_nonhuman,host_scientific_name,Mus musculus
2026-10-08,PRJNA902368,SAMN31758588,host_nonhuman,host_scientific_name,Mus musculus
2026-10-08,PRJNA902368,SAMN31758589,host_nonhuman,host_scientific_name,Mus musculus
2026-10-08,PRJNA902368,SAMN31758590,host_nonhuman,host_scientific_name,Mus musculus
2026-10-08,PRJNA902368,SAMN31758591,host_nonhuman,host_scientific_name,Mus musculus
2026-10-08,PRJNA902368,SAMN31758592,host_nonhuman,host_scientific_name,Mus musculus
2026-10-08,PRJNA902368,SAMN31758593,host_nonhuman,host_scientific_name,Mus musculus
2026-10-08,PRJNA902368,SAMN31758594,host_nonhuman,host_scientific_name,Mus musculus
2026-10-08,SRP006081,SAMN00618965,other,biosample title,Default Sample from the Gordon Lab
2026-10-08,SRP006081,SAMN00622396,other,biosample title,Sample 6 from Cultured Plate (human) sample.
2026-10-08,SRP006081,SAMN00622397,host_nonhuman,biosample title,Sample 66-70 from Uncultured Fecal (mouse) sample on LF/PP diet
2026-10-08,SRP006081,SAMN00622398,host_nonhuman,biosample title,Sample 265-268 from Uncultured Fecal (mouse) sample on Western diet
2026-10-08,SRP006081,SAMN00622399,host_nonhuman,biosample title,Sample 74-78 from Cultured Fecal (mouse) sample on LF/PP diet
2026-10-08,SRP006081,SAMN00622400,host_nonhuman,biosample title,Sample 272-276 from Cultured Fecal (mouse) sample on Western diet
2026-10-08,SRP006081,SAMN00622402,other,biosample title,Sample 3 from Cultured Plate (human) sample.
2026-10-08,SRP006081,SAMN00622403,host_nonhuman,biosample title,Sample 61-65 from Uncultured Fecal (mouse) sample on LF/PP diet
2026-10-08,SRP006081,SAMN00622404,host_nonhuman,biosample title,Sample 261-263 from Uncultured Fecal (mouse) sample on Western diet
2026-10-08,SRP006081,SAMN00622405,host_nonhuman,biosample title,Sample 71-73 from Cultured Fecal (mouse) sample on LF/PP diet
2026-10-08,SRP006081,SAMN00622406,host_nonhuman,biosample title,Sample 269-271 from Cultured Fecal (mouse) sample on Western diet
2026-10-08,PRJEB6358,SAMEA2554852,host_nonhuman,scientific_name,mouse gut metagenome
2026-10-08,PRJEB6358,SAMEA2554853,host_nonhuman,scientific_name,mouse gut metagenome
2026-10-08,PRJEB6358,SAMEA2554854,host_nonhuman,scientific_name,mouse gut metagenome
2026-10-08,PRJEB6358,SAMEA2554855,host_nonhuman,scientific_name,mouse gut metagenome
2026-10-08,PRJEB6358,SAMEA2554856,host_nonhuman,scientific_name,mouse gut metagenome
2026-10-08,PRJEB6358,SAMEA2554857,host_nonhuman,scientific_name,mouse gut metagenome
2026-10-08,PRJEB6358,SAMEA2554858,host_nonhuman,scientific_name,mouse gut metagenome
2026-10-08,PRJEB6358,SAMEA2554859,host_nonhuman,scientific_name,mouse gut metagenome
2026-10-08,PRJEB6358,SAMEA2554860,host_nonhuman,scientific_name,mouse gut metagenome
2026-10-08,PRJEB6358,SAMEA2554861,host_nonhuman,scientific_name,mouse gut metagenome
2026-10-08,PRJEB6358,SAMEA2554862,host_nonhuman,scientific_name,mouse gut metagenome
2026-10-08,PRJEB6358,SAMEA2554863,host_nonhuman,scientific_name,mouse gut metagenome
2026-10-08,PRJEB6358,SAMEA2554864,host_nonhuman,scientific_name,mouse gut metagenome
2026-10-08,PRJEB6358,SAMEA2554865,host_nonhuman,scientific_name,mouse gut metagenome
2026-10-08,PRJEB6358,SAMEA2554866,host_nonhuman,scientific_name,mouse gut metagenome
2026-10-08,PRJEB6358,SAMEA2554867,host_nonhuman,scientific_name,mouse gut metagenome
2026-10-08,PRJEB6358,SAMEA2554868,host_nonhuman,scientific_name,mouse gut metagenome
2026-10-08,PRJEB6358,SAMEA2554869,host_nonhuman,scientific_name,mouse gut metagenome
2026-10-08,PRJEB6358,SAMEA2554870,host_nonhuman,scientific_name,mouse gut metagenome
2026-10-08,PRJEB6358,SAMEA2554871,host_nonhuman,scientific_name,mouse gut metagenome
2026-10-08,PRJEB6358,SAMEA2554872,host_nonhuman,scientific_name,mouse gut metagenome
2026-10-08,PRJEB6358,SAMEA2554873,host_nonhuman,scientific_name,mouse gut metagenome
2026-10-08,PRJEB6358,SAMEA2554874,host_nonhuman,scientific_name,mouse gut metagenome
2026-10-08,PRJEB6358,SAMEA2554875,host_nonhuman,scientific_name,mouse gut metagenome
2026-10-08,PRJEB6358,SAMEA2554876,host_nonhuman,scientific_name,mouse gut metagenome
2026-10-08,PRJEB6358,SAMEA2554877,host_nonhuman,scientific_name,mouse gut metagenome
2026-10-08,PRJEB6358,SAMEA2554878,host_nonhuman,scientific_name,mouse gut metagenome
2026-10-08,PRJEB6358,SAMEA2554879,host_nonhuman,scientific_name,mouse gut metagenome
2026-10-08,PRJEB6358,SAMEA2554880,host_nonhuman,scientific_name,mouse gut metagenome
2026-10-08,PRJEB6358,SAMEA2554881,host_nonhuman,scientific_name,mouse gut metagenome
2026-10-08,PRJEB6358,SAMEA2554882,host_nonhuman,scientific_name,mouse gut metagenome
2026-10-08,PRJEB6358,SAMEA2554883,host_nonhuman,scientific_name,mouse gut metagenome
2026-10-08,PRJEB6358,SAMEA2554884,host_nonhuman,scientific_name,mouse gut metagenome
2026-10-08,PRJEB6358,SAMEA2554885,host_nonhuman,scientific_name,mouse gut metagenome
2026-10-08,PRJEB6358,SAMEA2554886,host_nonhuman,scientific_name,mouse gut metagenome
2026-10-08,PRJEB6358,SAMEA2554887,host_nonhuman,scientific_name,mouse gut metagenome
2026-10-08,PRJEB6358,SAMEA2554888,host_nonhuman,scientific_name,mouse gut metagenome
2026-10-08,PRJEB6358,SAMEA2554889,host_nonhuman,scientific_name,mouse gut metagenome
2026-10-08,PRJEB6358,SAMEA2554890,host_nonhuman,scientific_name,mouse gut metagenome
2026-10-08,PRJEB6358,SAMEA2554891,host_nonhuman,scientific_name,mouse gut metagenome
2026-10-08,PRJEB6358,SAMEA2554892,host_nonhuman,scientific_name,mouse gut metagenome
2026-10-08,PRJEB6358,SAMEA2554893,host_nonhuman,scientific_name,mouse gut metagenome
2026-10-08,PRJEB6358,SAMEA2554894,host_nonhuman,scientific_name,mouse gut metagenome
2026-10-08,PRJEB6358,SAMEA2554895,host_nonhuman,scientific_name,mouse gut metagenome
2026-10-08,PRJEB6358,SAMEA2554896,host_nonhuman,scientific_name,mouse gut metagenome
2026-10-08,PRJEB6358,SAMEA2554897,host_nonhuman,scientific_name,mouse gut metagenome
2026-10-08,PRJEB6358,SAMEA2554898,host_nonhuman,scientific_name,mouse gut metagenome
2026-10-08,PRJEB6358,SAMEA2554899,host_nonhuman,scientific_name,mouse gut metagenome
2026-10-08,PRJEB6358,SAMEA2554900,host_nonhuman,scientific_name,mouse gut metagenome
2026-10-08,PRJEB6358,SAMEA2554901,host_nonhuman,scientific_name,mouse gut metagenome
2026-10-08,PRJEB6358,SAMEA2554902,host_nonhuman,scientific_name,mouse gut metagenome
2026-10-08,PRJEB6358,SAMEA2554903,host_nonhuman,scientific_name,mouse gut metagenome
2026-10-08,PRJEB6358,SAMEA2554904,host_nonhuman,scientific_name,mouse gut metagenome
2026-10-08,PRJEB6358,SAMEA2554905,host_nonhuman,scientific_name,mouse gut metagenome
2026-10-08,PRJEB6358,SAMEA2554906,host_nonhuman,scientific_name,mouse gut metagenome
2026-10-08,PRJEB6358,SAMEA2554907,host_nonhuman,scientific_name,mouse gut metagenome
2026-10-08,PRJEB6358,SAMEA2554908,host_nonhuman,scientific_name,mouse gut metagenome
2026-10-08,PRJEB6358,SAMEA2554909,host_nonhuman,scientific_name,mouse gut metagenome
2026-10-08,PRJEB6358,SAMEA2554910,host_nonhuman,scientific_name,mouse gut metagenome
2026-10-08,PRJEB6358,SAMEA2554911,host_nonhuman,scientific_name,mouse gut metagenome
2026-10-08,PRJEB6358,SAMEA2554912,host_nonhuman,scientific_name,mouse gut metagenome
2026-10-08,PRJEB6358,SAMEA2554913,host_nonhuman,scientific_name,mouse gut metagenome
2026-10-08,PRJEB6358,SAMEA2554914,host_nonhuman,scientific_name,mouse gut metagenome
2026-10-08,PRJEB6358,SAMEA2554915,host_nonhuman,scientific_name,mouse gut metagenome
2026-10-08,PRJEB6358,SAMEA2554916,host_nonhuman,scientific_name,mouse gut metagenome
2026-10-08,PRJEB6358,SAMEA2554917,host_nonhuman,scientific_name,mouse gut metagenome
2026-10-08,PRJEB6358,SAMEA2554918,host_nonhuman,scientific_name,mouse gut metagenome
2026-10-08,PRJEB6358,SAMEA2554919,host_nonhuman,scientific_name,mouse gut metagenome
2026-10-08,PRJEB6358,SAMEA2554920,host_nonhuman,scientific_name,mouse gut metagenome
2026-10-08,PRJEB6358,SAMEA2554921,host_nonhuman,scientific_name,mouse gut metagenome
2026-10-08,PRJEB6358,SAMEA2554922,host_nonhuman,scientific_name,mouse gut metagenome
2026-10-08,PRJEB6358,SAMEA2554923,host_nonhuman,scientific_name,mouse gut metagenome
2026-10-08,PRJEB6358,SAMEA2554924,host_nonhuman,scientific_name,mouse gut metagenome
2026-10-08,PRJEB6358,SAMEA2554925,host_nonhuman,scientific_name,mouse gut metagenome
2026-10-08,PRJEB6358,SAMEA2554926,host_nonhuman,scientific_name,mouse gut metagenome
2026-10-08,PRJEB6358,SAMEA2554927,host_nonhuman,scientific_name,mouse gut metagenome
2026-10-08,PRJEB6358,SAMEA2554928,host_nonhuman,scientific_name,mouse gut metagenome
2026-10-08,PRJEB6358,SAMEA2554929,host_nonhuman,scientific_name,mouse gut metagenome
2026-10-08,PRJEB6358,SAMEA2554930,host_nonhuman,scientific_name,mouse gut metagenome
2026-10-08,PRJEB6358,SAMEA2554931,host_nonhuman,scientific_name,mouse gut metagenome
2026-10-08,PRJEB6358,SAMEA2554932,host_nonhuman,scientific_name,mouse gut metagenome
2026-10-08,PRJEB6358,SAMEA2554933,host_nonhuman,scientific_name,mouse gut metagenome
2026-10-08,PRJEB6358,SAMEA2554934,host_nonhuman,scientific_name,mouse gut metagenome
2026-10-08,PRJEB6358,SAMEA2554935,host_nonhuman,scientific_name,mouse gut metagenome
2026-10-08,PRJEB6358,SAMEA2554936,host_nonhuman,scientific_name,mouse gut metagenome
2026-10-08,PRJEB6358,SAMEA2554937,host_nonhuman,scientific_name,mouse gut metagenome
2026-10-08,PRJEB6358,SAMEA2554938,host_nonhuman,scientific_name,mouse gut metagenome
2026-10-08,PRJEB6358,SAMEA2554939,host_nonhuman,scientific_name,mouse gut metagenome
2026-10-08,PRJEB6358,SAMEA2554940,host_nonhuman,scientific_name,mouse gut metagenome
2026-10-08,PRJEB6358,SAMEA2554941,host_nonhuman,scientific_name,mouse gut metagenome
2026-10-08,PRJEB6358,SAMEA2554942,host_nonhuman,scientific_name,mouse gut metagenome
2026-10-08,PRJEB6358,SAMEA2554943,host_nonhuman,scientific_name,mouse gut metagenome
2026-10-08,PRJEB6358,SAMEA2554944,host_nonhuman,scientific_name,mouse gut metagenome
2026-10-08,PRJEB6358,SAMEA2554945,host_nonhuman,scientific_name,mouse gut metagenome
2026-10-08,PRJEB6358,SAMEA2554946,host_nonhuman,scientific_name,mouse gut metagenome
2026-10-08,PRJEB6358,SAMEA2554947,host_nonhuman,scientific_name,mouse gut metagenome
2026-10-08,PRJEB6358,SAMEA2554948,host_nonhuman,scientific_name,mouse gut metagenome
2026-10-08,PRJEB6358,SAMEA2554949,host_nonhuman,scientific_name,mouse gut metagenome
2026-10-08,PRJEB6358,SAMEA2554950,host_nonhuman,scientific_name,mouse gut metagenome
2026-10-08,PRJEB6358,SAMEA2554951,host_nonhuman,scientific_name,mouse gut metagenome
2026-10-08,PRJEB6358,SAMEA2554952,host_nonhuman,scientific_name,mouse gut metagenome
2026-10-08,PRJEB6358,SAMEA2554953,host_nonhuman,scientific_name,mouse gut metagenome
2026-10-08,PRJEB6358,SAMEA2554954,host_nonhuman,scientific_name,mouse gut metagenome
2026-10-08,PRJEB6358,SAMEA2554955,host_nonhuman,scientific_name,mouse gut metagenome
2026-10-08,PRJEB6358,SAMEA2554956,host_nonhuman,scientific_name,mouse gut metagenome
2026-10-08,PRJEB6358,SAMEA2554957,host_nonhuman,scientific_name,mouse gut metagenome
2026-10-08,PRJEB6358,SAMEA2554958,host_nonhuman,scientific_name,mouse gut metagenome
2026-10-08,PRJEB6358,SAMEA2554959,host_nonhuman,scientific_name,mouse gut metagenome
2026-10-08,PRJEB6358,SAMEA2554960,host_nonhuman,scientific_name,mouse gut metagenome
2026-10-08,PRJEB6358,SAMEA2554961,host_nonhuman,scientific_name,mouse gut metagenome
2026-10-08,PRJEB6358,SAMEA2554962,host_nonhuman,scientific_name,mouse gut metagenome
2026-10-08,PRJEB6358,SAMEA2554963,host_nonhuman,scientific_name,mouse gut metagenome
2026-10-08,PRJEB6358,SAMEA2554964,host_nonhuman,scientific_name,mouse gut metagenome
2026-10-08,PRJEB6358,SAMEA2554965,host_nonhuman,scientific_name,mouse gut metagenome
2026-10-08,PRJEB6358,SAMEA2554966,host_nonhuman,scientific_name,mouse gut metagenome
2026-10-08,PRJEB6358,SAMEA2554967,host_nonhuman,scientific_name,mouse gut metagenome
2026-10-08,PRJEB6358,SAMEA2554968,host_nonhuman,scientific_name,mouse gut metagenome
2026-10-08,PRJEB6358,SAMEA2554969,host_nonhuman,scientific_name,mouse gut metagenome
2026-10-08,PRJEB6358,SAMEA2554970,host_nonhuman,scientific_name,mouse gut metagenome
2026-10-08,PRJEB6358,SAMEA2554971,host_nonhuman,scientific_name,mouse gut metagenome
2026-10-08,PRJEB6358,SAMEA2554972,host_nonhuman,scientific_name,mouse gut metagenome
2026-10-08,PRJEB6358,SAMEA2554973,host_nonhuman,scientific_name,mouse gut metagenome
2026-10-08,PRJEB6358,SAMEA2554974,host_nonhuman,scientific_name,mouse gut metagenome
2026-10-08,PRJEB6358,SAMEA2554975,host_nonhuman,scientific_name,mouse gut metagenome
2026-10-08,PRJEB6358,SAMEA2554976,host_nonhuman,scientific_name,mouse gut metagenome
2026-10-08,PRJEB6358,SAMEA2554977,host_nonhuman,scientific_name,mouse gut metagenome
2026-10-08,PRJEB6358,SAMEA2554978,host_nonhuman,scientific_name,mouse gut metagenome
2026-10-08,PRJEB6358,SAMEA2554979,host_nonhuman,scientific_name,mouse gut metagenome
2026-10-08,PRJEB6358,SAMEA2554980,host_nonhuman,scientific_name,mouse gut metagenome
2026-10-08,PRJEB6358,SAMEA2554981,host_nonhuman,scientific_name,mouse gut metagenome
2026-10-08,PRJEB6358,SAMEA2554982,host_nonhuman,scientific_name,mouse gut metagenome
2026-10-08,PRJEB6358,SAMEA2554983,host_nonhuman,scientific_name,mouse gut metagenome
2026-10-08,PRJEB6358,SAMEA2554984,host_nonhuman,scientific_name,mouse gut metagenome
2026-10-08,PRJEB6358,SAMEA2554985,host_nonhuman,scientific_name,mouse gut metagenome
2026-10-08,PRJEB6358,SAMEA2554986,host_nonhuman,scientific_name,mouse gut metagenome
2026-10-08,PRJEB6358,SAMEA2554987,host_nonhuman,scientific_name,mouse gut metagenome
2026-10-08,PRJEB6358,SAMEA2554988,host_nonhuman,scientific_name,mouse gut metagenome
2026-10-08,PRJEB6358,SAMEA2554989,host_nonhuman,scientific_name,mouse gut metagenome
2026-10-08,PRJEB6358,SAMEA2554990,host_nonhuman,scientific_name,mouse gut metagenome
2026-10-08,PRJEB6358,SAMEA2554991,host_nonhuman,scientific_name,mouse gut metagenome
2026-10-08,PRJEB6358,SAMEA2554992,host_nonhuman,scientific_name,mouse gut metagenome
2026-10-08,PRJEB6358,SAMEA2554993,host_nonhuman,scientific_name,mouse gut metagenome
2026-10-08,PRJEB6358,SAMEA2554994,host_nonhuman,scientific_name,mouse gut metagenome
2026-10-08,PRJEB6358,SAMEA2554995,host_nonhuman,scientific_name,mouse gut metagenome
2026-10-08,PRJEB6358,SAMEA2554996,host_nonhuman,scientific_name,mouse gut metagenome
2026-10-08,PRJEB6358,SAMEA2554997,host_nonhuman,scientific_name,mouse gut metagenome
2026-10-08,PRJEB6358,SAMEA2554998,host_nonhuman,scientific_name,mouse gut metagenome
2026-10-08,PRJEB6358,SAMEA2554999,host_nonhuman,scientific_name,mouse gut metagenome
2026-10-08,PRJEB6358,SAMEA2555000,host_nonhuman,scientific_name,mouse gut metagenome
2026-10-08,PRJEB6358,SAMEA2555001,host_nonhuman,scientific_name,mouse gut metagenome
2026-10-08,PRJEB6358,SAMEA2555002,host_nonhuman,scientific_name,mouse gut metagenome
2026-10-08,PRJEB6358,SAMEA2555003,host_nonhuman,scientific_name,mouse gut metagenome
2026-10-08,PRJEB6358,SAMEA2555004,host_nonhuman,scientific_name,mouse gut metagenome
2026-10-08,PRJEB6358,SAMEA2555005,host_nonhuman,scientific_name,mouse gut metagenome
2026-10-08,PRJEB6358,SAMEA2555006,host_nonhuman,scientific_name,mouse gut metagenome
2026-10-08,PRJEB6358,SAMEA2555007,host_nonhuman,scientific_name,mouse gut metagenome
2026-10-08,PRJEB6358,SAMEA2555008,host_nonhuman,scientific_name,mouse gut metagenome
2026-10-08,PRJEB6358,SAMEA2555009,host_nonhuman,scientific_name,mouse gut metagenome
2026-10-08,PRJEB6358,SAMEA2555010,host_nonhuman,scientific_name,mouse gut metagenome
2026-10-09,PRJNA539933,SAMN11515213,host_nonhuman,host,Pan troglodytes troglodytes
2026-10-09,PRJNA1209134,SAMN46208680,host_nonhuman,host,mouse
2026-10-09,PRJNA770295,SAMN25811409,host_nonhuman,host,Mus musculus
2026-10-09,PRJNA770295,SAMN22252815,host_nonhuman,host,Mus musculus
2026-10-09,PRJNA450709,SAMN08958604,host_nonhuman,host,mouse
2026-10-09,PRJNA1124507,SAMN41855791,host_nonhuman,host,MOUSE
2026-10-09,PRJNA1137057,SAMN42568879,host_nonhuman,host,Mus musculus
2026-10-09,PRJNA1137057,SAMN42568891,host_nonhuman,host,Mus musculus
2026-10-09,PRJNA1137057,SAMN42568854,host_nonhuman,host,Mus musculus
2026-10-09,PRJNA678871,SAMN16825122,host_nonhuman,host,Chicken
2026-10-09,PRJNA732769,SAMN19340535,host_nonhuman,host,C57/BL6 mouse
2026-10-09,PRJNA942264,SAMN33681721,other,host,synthetic
2026-10-09,PRJNA1137057,SAMN42564853,host_nonhuman,host,Mus musculus
2026-10-09,PRJNA942264,SAMN33681810,other,host,synthetic
2026-10-09,PRJNA1115089,SAMN41576890,host_nonhuman,host,Mus musculus
2026-10-09,PRJNA964705,SAMN34496356,host_nonhuman,host,Bos taurus
2026-10-09,PRJNA1155655,SAMN43463068,host_nonhuman,host,mouse
2026-10-09,PRJNA1238458,SAMN47793456,host_nonhuman,host,Mus musculus
2026-10-09,PRJNA1137057,SAMN42568575,host_nonhuman,host,Mus musculus
2026-10-09,PRJNA878528,SAMN54929691,host_nonhuman,host,Mus musculus
2026-10-09,PRJNA997572,SAMN36682524,host_nonhuman,host,Mus musculus
2026-10-09,PRJNA684454,SAMN17062673,host_nonhuman,host,Bos taurus
2026-10-09,PRJNA1137057,SAMN42568798,host_nonhuman,host,Mus musculus
2026-10-09,PRJNA1137057,SAMN42569035,host_nonhuman,host,Mus musculus
2026-10-09,PRJNA678871,SAMN16825097,host_nonhuman,host,Chicken
2026-10-09,PRJEB58441,SAMEA112254539,host_nonhuman,host,Pan troglodytes
2026-10-09,PRJNA964705,SAMN34495819,host_nonhuman,host,Bos taurus
2026-10-09,PRJNA1137057,SAMN42565436,host_nonhuman,host,Mus musculus
2026-10-09,PRJEB58441,SAMEA112254521,host_nonhuman,host,Pan troglodytes
2026-10-09,PRJNA1337640,SAMN52380195,host_nonhuman,host,Mus musculus
2026-10-09,PRJNA612780,SAMN14381383,host_nonhuman,host,Gallus gallus domesticus
2026-10-09,PRJNA595966,SAMN13578139,host_nonhuman,host,Mus musculus
2026-10-09,PRJNA1238458,SAMN47793427,host_nonhuman,host,Mus musculus
2026-10-09,PRJNA769748,SAMN22169229,host_nonhuman,host,mouse
2026-10-09,PRJNA1137057,SAMN42565347,host_nonhuman,host,Mus musculus
2026-10-09,PRJNA1137057,SAMN42565217,host_nonhuman,host,Mus musculus
2026-10-09,PRJNA1137057,SAMN42564907,host_nonhuman,host,Mus musculus
2026-10-09,PRJNA595966,SAMN13578161,host_nonhuman,host,Mus musculus
2026-10-09,PRJNA596121,SAMN13613335,host_nonhuman,host,Mouse
2026-10-09,PRJNA1137057,SAMN42565133,host_nonhuman,host,Mus musculus
2026-10-09,PRJNA1137057,SAMN42568735,host_nonhuman,host,Mus musculus
2026-10-09,PRJNA1137057,SAMN42565068,host_nonhuman,host,Mus musculus
2026-10-09,PRJNA684454,SAMN17215486,host_nonhuman,host,Sus scrofa
2026-10-09,PRJNA1137057,SAMN42568558,host_nonhuman,host,Mus musculus
2026-10-09,PRJNA1137057,SAMN42568849,host_nonhuman,host,Mus musculus
2026-10-09,PRJNA684454,SAMN17215535,host_nonhuman,host,Sus scrofa
2026-10-09,PRJNA1137057,SAMN42564934,host_nonhuman,host,Mus musculus
2026-10-09,PRJNA1137057,SAMN42568984,host_nonhuman,host,Mus musculus
2026-10-09,PRJNA1183628,SAMN44631356,host_nonhuman,host,Rattus norvegicus
2026-10-09,PRJNA1268608,SAMN56631115,host_nonhuman,host,Mus musculus
2026-10-09,PRJNA1137057,SAMN42565063,host_nonhuman,host,Mus musculus
2026-10-09,PRJNA450709,SAMN08964103,host_nonhuman,host,mouse
2026-10-09,PRJNA1209134,SAMN46208695,host_nonhuman,host,mouse
2026-10-09,PRJNA964705,SAMN34495692,host_nonhuman,host,Bos taurus
2026-10-09,PRJNA732769,SAMN19340503,host_nonhuman,host,C57/BL6 mouse
2026-10-09,PRJNA732769,SAMN19340520,host_nonhuman,host,C57/BL6 mouse
2026-10-09,PRJNA1137057,SAMN42568951,host_nonhuman,host,Mus musculus
2026-10-09,PRJNA539933,SAMN11515241,host_nonhuman,host,Gorilla gorilla gorilla
2026-10-09,PRJNA1137057,SAMN42565714,host_nonhuman,host,Mus musculus
2026-10-09,PRJNA1137057,SAMN42568872,host_nonhuman,host,Mus musculus
2026-10-09,PRJNA1268608,SAMN56631153,host_nonhuman,host,Mus musculus
2026-10-09,PRJNA575186,SAMN12879243,host_nonhuman,host,Mouse
2026-10-09,PRJNA450709,SAMN08958606,host_nonhuman,host,mouse
2026-10-09,PRJNA942264,SAMN33681786,other,host,synthetic
2026-10-09,PRJNA450709,SAMN08958715,host_nonhuman,host,mouse
2026-10-09,PRJNA942264,SAMN33681718,other,host,synthetic
2026-10-09,PRJNA1137057,SAMN42564931,host_nonhuman,host,Mus musculus
2026-10-09,PRJNA964705,SAMN34496395,host_nonhuman,host,Bos taurus
2026-10-09,PRJNA684454,SAMN17215441,host_nonhuman,host,Gallus gallus
2026-10-09,PRJNA595966,SAMN13578144,host_nonhuman,host,Mus musculus
2026-10-09,PRJNA769748,SAMN22169211,host_nonhuman,host,mouse
2026-10-09,PRJNA684454,SAMN17215541,host_nonhuman,host,Sus scrofa
2026-10-09,PRJNA678871,SAMN16825137,host_nonhuman,host,Chicken
2026-10-09,PRJNA761454,SAMN21349073,other,host,water control
2026-10-09,PRJNA982563,SAMN35710537,host_nonhuman,host,Sus scrofa
2026-10-09,PRJNA1137057,SAMN42565020,host_nonhuman,host,Mus musculus
2026-10-09,PRJNA539933,SAMN11515184,host_nonhuman,host,Gorilla gorilla gorilla
2026-10-09,PRJNA1137057,SAMN42568967,host_nonhuman,host,Mus musculus
2026-10-09,PRJNA942264,SAMN33681725,other,host,synthetic
2026-10-09,PRJEB58441,SAMEA112254656,host_nonhuman,host,Pan troglodytes
2026-10-09,PRJNA450709,SAMN08958602,host_nonhuman,host,mouse
2026-10-09,PRJNA1137057,SAMN42565341,host_nonhuman,host,Mus musculus
2026-10-09,PRJNA964705,SAMN34496056,host_nonhuman,host,Bos taurus
2026-10-09,PRJNA831236,SAMN27749384,host_nonhuman,host,Mus musculus
2026-10-09,PRJNA596121,SAMN13613318,host_nonhuman,host,Mouse
2026-10-09,PRJNA1137057,SAMN42565210,host_nonhuman,host,Mus musculus
2026-10-09,PRJNA1219628,SAMN47247324,host_nonhuman,host,Mus musculus
2026-10-09,PRJNA1137057,SAMN42564994,host_nonhuman,host,Mus musculus
2026-10-09,PRJNA427653,SAMN08242253,other,host,Soil
2026-10-09,PRJNA942264,SAMN33681778,other,host,synthetic
2026-10-09,PRJNA1137057,SAMN42565214,host_nonhuman,host,Mus musculus
2026-10-09,PRJNA964705,SAMN34495976,host_nonhuman,host,Bos taurus
2026-10-09,PRJNA595966,SAMN13578051,host_nonhuman,host,Mus musculus
2026-10-09,PRJEB58441,SAMEA112254392,host_nonhuman,host,Pan troglodytes
2026-10-09,PRJNA1137057,SAMN42568860,host_nonhuman,host,Mus musculus
2026-10-09,PRJNA1155655,SAMN43463095,host_nonhuman,host,mouse
2026-10-09,PRJNA964705,SAMN34496362,host_nonhuman,host,Bos taurus
2026-10-09,PRJNA450709,SAMN08958662,host_nonhuman,host,mouse
2026-10-09,PRJNA769748,SAMN22169237,host_nonhuman,host,mouse
2026-10-09,PRJNA427653,SAMN08242306,other,host,Soil
2026-10-09,PRJNA964705,SAMN34496251,host_nonhuman,host,Bos taurus
2026-10-09,PRJNA942264,SAMN33681678,other,host,synthetic
2026-10-09,PRJNA1137057,SAMN42568980,host_nonhuman,host,Mus musculus
2026-10-09,PRJNA450709,SAMN08958646,host_nonhuman,host,mouse
2026-10-09,PRJEB58441,SAMEA112254670,host_nonhuman,host,Pan troglodytes
2026-10-09,PRJNA1137057,SAMN42564985,host_nonhuman,host,Mus musculus
2026-10-09,PRJNA1137057,SAMN42565393,host_nonhuman,host,Mus musculus
2026-10-09,PRJNA964705,SAMN34496148,host_nonhuman,host,Bos taurus
2026-10-09,PRJNA684454,SAMN17279163,host_nonhuman,host,Bos taurus
2026-10-09,PRJNA1219628,SAMN47247317,host_nonhuman,host,Mus musculus
2026-10-09,PRJNA1000750,SAMN36779484,host_nonhuman,host,Mus musculus
2026-10-09,PRJNA1137057,SAMN42568464,host_nonhuman,host,Mus musculus
2026-10-09,PRJNA678871,SAMN16825112,host_nonhuman,host,Chicken
2026-10-09,PRJNA678871,SAMN16825130,host_nonhuman,host,Chicken
2026-10-09,PRJNA450709,SAMN08958682,host_nonhuman,host,mouse
2026-10-09,PRJNA1137057,SAMN42568861,host_nonhuman,host,Mus musculus
2026-10-09,PRJNA767648,SAMN21923146,host_nonhuman,host,Mus musculus
2026-10-09,PRJNA1137057,SAMN42568989,host_nonhuman,host,Mus musculus
2026-10-09,PRJNA1009084,SAMN37145910,host_nonhuman,host,Mus musculus
2026-10-09,PRJNA539933,SAMN11515238,host_nonhuman,host,Gorilla gorilla gorilla
2026-10-09,PRJNA1137057,SAMN42564991,host_nonhuman,host,Mus musculus
2026-10-09,PRJNA1137057,SAMN42568851,host_nonhuman,host,Mus musculus
2026-10-09,PRJNA1137057,SAMN42564788,host_nonhuman,host,Mus musculus
2026-10-09,PRJNA1137057,SAMN42568795,host_nonhuman,host,Mus musculus
2026-10-09,PRJNA1137057,SAMN42565665,host_nonhuman,host,Mus musculus
2026-10-09,PRJNA1137057,SAMN42565686,host_nonhuman,host,Mus musculus
2026-10-09,PRJNA678871,SAMN16825126,host_nonhuman,host,Chicken
2026-10-09,PRJNA684454,SAMN17215495,host_nonhuman,host,Sus scrofa
2026-10-09,PRJNA831236,SAMN27749372,host_nonhuman,host,Mus musculus
2026-10-09,PRJNA1115089,SAMN41576914,host_nonhuman,host,Mus musculus
2026-10-09,PRJNA1137057,SAMN42565637,host_nonhuman,host,Mus musculus
2026-10-09,PRJNA1137057,SAMN42564955,host_nonhuman,host,Mus musculus
2026-10-09,PRJNA1137057,SAMN42565155,host_nonhuman,host,Mus musculus
2026-10-09,PRJNA767648,SAMN21923134,host_nonhuman,host,Mus musculus
2026-10-09,PRJNA942264,SAMN33681679,other,host,synthetic
2026-10-09,PRJNA964705,SAMN34495717,host_nonhuman,host,Bos taurus
2026-10-09,PRJNA1137057,SAMN42565039,host_nonhuman,host,Mus musculus
2026-10-09,PRJNA964705,SAMN34496225,host_nonhuman,host,Bos taurus
2026-10-09,PRJNA1137057,SAMN42565018,host_nonhuman,host,Mus musculus
2026-10-09,PRJNA964705,SAMN34495912,host_nonhuman,host,Bos taurus
2026-10-09,PRJNA539933,SAMN11515202,host_nonhuman,host,Pan troglodytes troglodytes
2026-10-09,PRJNA1137057,SAMN42565755,host_nonhuman,host,Mus musculus
2026-10-09,PRJNA767648,SAMN21923133,host_nonhuman,host,Mus musculus
2026-10-09,PRJNA1137057,SAMN42565012,host_nonhuman,host,Mus musculus
2026-10-09,PRJEB58441,SAMEA112254404,host_nonhuman,host,Pan troglodytes
2026-10-09,PRJNA1137057,SAMN42565695,host_nonhuman,host,Mus musculus
2026-10-09,PRJNA1137057,SAMN42565464,host_nonhuman,host,Mus musculus
2026-10-09,PRJNA1137057,SAMN42565251,host_nonhuman,host,Mus musculus
2026-10-09,PRJNA1137057,SAMN42568840,host_nonhuman,host,Mus musculus
2026-10-09,PRJNA1268608,SAMN48758743,host_nonhuman,host,Mus musculus
2026-10-09,PRJNA769748,SAMN22169241,host_nonhuman,host,mouse
2026-10-09,PRJNA1137057,SAMN42565570,host_nonhuman,host,Mus musculus
2026-10-09,PRJNA684454,SAMN17279145,host_nonhuman,host,Bos taurus
2026-10-09,PRJNA831236,SAMN27749391,host_nonhuman,host,Mus musculus
2026-10-09,PRJNA1137057,SAMN42568969,host_nonhuman,host,Mus musculus
2026-10-09,PRJNA769748,SAMN22169216,host_nonhuman,host,mouse
2026-10-09,PRJNA450709,SAMN08958782,host_nonhuman,host,mouse
2026-10-09,PRJNA1238458,SAMN47793443,host_nonhuman,host,Mus musculus
2026-10-09,PRJNA964705,SAMN34496258,host_nonhuman,host,Bos taurus
2026-10-09,PRJNA539933,SAMN11515203,host_nonhuman,host,Pan troglodytes troglodytes
2026-10-09,PRJNA450709,SAMN08958631,host_nonhuman,host,mouse
2026-10-09,PRJNA595966,SAMN13578061,host_nonhuman,host,Mus musculus
2026-10-09,PRJNA1137057,SAMN42565294,host_nonhuman,host,Mus musculus
2026-10-09,PRJNA595966,SAMN13578142,host_nonhuman,host,Mus musculus
2026-10-09,PRJNA678871,SAMN16825060,host_nonhuman,host,Chicken
2026-10-09,PRJNA964705,SAMN34495831,host_nonhuman,host,Bos taurus
2026-10-09,PRJNA450709,SAMN08958650,host_nonhuman,host,mouse
2026-10-09,PRJNA1137057,SAMN42565254,host_nonhuman,host,Mus musculus
2026-10-09,PRJNA1137057,SAMN42564790,host_nonhuman,host,Mus musculus
2026-10-09,PRJNA1137057,SAMN42565698,host_nonhuman,host,Mus musculus
2026-10-09,PRJNA942264,SAMN57334963,host_nonhuman,host,Mus musculus
2026-10-09,PRJNA1268608,SAMN56631122,host_nonhuman,host,Mus musculus
2026-10-09,PRJNA1137057,SAMN42565160,host_nonhuman,host,Mus musculus
2026-10-09,PRJNA997572,SAMN36682509,host_nonhuman,host,Mus musculus
2026-10-09,PRJEB58441,SAMEA112254141,host_nonhuman,host,Pan troglodytes
2026-10-09,PRJNA1337640,SAMN52380202,host_nonhuman,host,Mus musculus
2026-10-09,PRJNA1137057,SAMN42568504,host_nonhuman,host,Mus musculus
2026-10-09,PRJNA1137057,SAMN42564940,host_nonhuman,host,Mus musculus
2026-10-09,PRJNA684454,SAMN17062627,host_nonhuman,host,Sus scrofa
2026-10-09,PRJNA732769,SAMN19340523,host_nonhuman,host,C57/BL6 mouse
2026-10-09,PRJNA1137057,SAMN42565617,host_nonhuman,host,Mus musculus
2026-10-09,PRJNA964705,SAMN34495691,host_nonhuman,host,Bos taurus
2026-10-09,PRJNA450709,SAMN08958804,host_nonhuman,host,mouse
2026-10-09,PRJNA684454,SAMN17215503,host_nonhuman,host,Gallus gallus
2026-10-09,PRJNA1219628,SAMN47247295,host_nonhuman,host,Mus musculus
2026-10-09,PRJNA637878,SAMN15803874,host_nonhuman,host,Mus musculus
2026-10-09,PRJNA1137057,SAMN42565612,host_nonhuman,host,Mus musculus
2026-10-09,PRJNA1137057,SAMN42565567,host_nonhuman,host,Mus musculus
2026-10-09,PRJNA1183628,SAMN44631362,host_nonhuman,host,Rattus norvegicus
2026-10-09,PRJNA1137057,SAMN42568542,host_nonhuman,host,Mus musculus
2026-10-09,PRJNA1155655,SAMN43463027,host_nonhuman,host,mouse
2026-10-09,PRJNA684454,SAMN17062633,host_nonhuman,host,Bos taurus
2026-10-09,PRJNA761454,SAMN21349081,other,host,water control
2026-10-09,PRJNA1137057,SAMN42568555,host_nonhuman,host,Mus musculus
2026-10-09,PRJNA1137057,SAMN42565701,host_nonhuman,host,Mus musculus
2026-10-09,PRJNA770295,SAMN25811380,host_nonhuman,host,Mus musculus
2026-10-09,PRJNA561510,SAMN12619385,other,host,Soil
2026-10-09,PRJNA1115089,SAMN41661982,host_nonhuman,host,Mus musculus
2026-10-09,PRJNA732769,SAMN19340519,host_nonhuman,host,C57/BL6 mouse
2026-10-09,PRJNA964705,SAMN34495930,host_nonhuman,host,Bos taurus
2026-10-09,PRJEB58441,SAMEA112254408,host_nonhuman,host,Pan troglodytes
2026-10-09,PRJNA1137057,SAMN42568973,host_nonhuman,host,Mus musculus
2026-10-09,PRJNA684454,SAMN17279164,host_nonhuman,host,Bos taurus
2026-10-09,PRJNA684454,SAMN17215437,host_nonhuman,host,Sus scrofa
2026-10-09,PRJNA1137057,SAMN42565325,host_nonhuman,host,Mus musculus
2026-10-09,PRJNA770295,SAMN22581325,host_nonhuman,host,Mus musculus
2026-10-09,PRJNA1137057,SAMN42568731,host_nonhuman,host,Mus musculus
2026-10-09,PRJNA684454,SAMN17062686,host_nonhuman,host,Bos taurus
2026-10-09,PRJNA1137057,SAMN42568632,host_nonhuman,host,Mus musculus
2026-10-09,PRJNA1137057,SAMN42568965,host_nonhuman,host,Mus musculus
2026-10-09,PRJNA397664,SAMN07490691,host_nonhuman,host,Mus musculus
2026-10-09,PRJNA450709,SAMN08958678,host_nonhuman,host,mouse
2026-10-09,PRJNA1137057,SAMN42565535,host_nonhuman,host,Mus musculus
2026-10-09,PRJNA450709,SAMN08958778,host_nonhuman,host,mouse
2026-10-09,PRJNA1137057,SAMN42564875,host_nonhuman,host,Mus musculus
2026-10-09,PRJNA595966,SAMN13578171,host_nonhuman,host,Mus musculus
2026-10-09,PRJNA1137057,SAMN42564891,host_nonhuman,host,Mus musculus
2026-10-09,PRJNA1137057,SAMN42565658,host_nonhuman,host,Mus musculus
2026-10-09,PRJNA1137057,SAMN42564972,host_nonhuman,host,Mus musculus
2026-10-09,PRJNA1115089,SAMN41576903,host_nonhuman,host,Mus musculus
2026-10-09,PRJNA770295,SAMN25811401,host_nonhuman,host,Mus musculus
2026-10-09,PRJNA1219628,SAMN47247287,host_nonhuman,host,Mus musculus
2026-10-09,PRJNA1209134,SAMN46208664,host_nonhuman,host,mouse
2026-10-09,PRJNA831236,SAMN27749388,host_nonhuman,host,Mus musculus
2026-10-09,PRJNA964705,SAMN34496029,host_nonhuman,host,Bos taurus
2026-10-09,PRJNA1025016,SAMN37722417,host_nonhuman,host,Mus musculus
2026-10-09,PRJNA1268608,SAMN48758747,host_nonhuman,host,Mus musculus
2026-10-09,PRJNA595966,SAMN13578044,host_nonhuman,host,Mus musculus
2026-10-09,PRJNA1115089,SAMN41661967,host_nonhuman,host,Mus musculus
2026-10-09,PRJNA1183628,SAMN44631365,host_nonhuman,host,Rattus norvegicus
2026-10-09,PRJNA450709,SAMN08958713,host_nonhuman,host,mouse
2026-10-09,PRJNA684454,SAMN17279159,host_nonhuman,host,Gallus gallus
2026-10-09,PRJNA1115089,SAMN41661961,host_nonhuman,host,Mus musculus
2026-10-09,PRJNA450709,SAMN08958807,host_nonhuman,host,mouse
2026-10-09,PRJNA1209134,SAMN46208683,host_nonhuman,host,mouse
2026-10-09,PRJNA1268608,SAMN56631140,host_nonhuman,host,Mus musculus
2026-10-09,PRJNA1137057,SAMN42565571,host_nonhuman,host,Mus musculus
2026-10-09,PRJNA964705,SAMN34496086,host_nonhuman,host,Bos taurus
2026-10-09,PRJNA450709,SAMN08958740,host_nonhuman,host,mouse
2026-10-09,PRJNA1137057,SAMN42565569,host_nonhuman,host,Mus musculus
2026-10-09,PRJEB58441,SAMEA112254519,host_nonhuman,host,Pan troglodytes
2026-10-09,PRJNA1137057,SAMN42565284,host_nonhuman,host,Mus musculus
2026-10-09,PRJNA1209134,SAMN46208693,host_nonhuman,host,mouse
2026-10-09,PRJNA1137057,SAMN42565163,host_nonhuman,host,Mus musculus
2026-10-09,PRJNA1137057,SAMN42565082,host_nonhuman,host,Mus musculus
2026-10-09,PRJNA770295,SAMN25811394,host_nonhuman,host,Mus musculus
2026-10-09,PRJNA678871,SAMN16825139,other,host,Soil
2026-10-09,PRJNA732769,SAMN19340502,host_nonhuman,host,C57/BL6 mouse
2026-10-09,PRJNA1137057,SAMN42565669,host_nonhuman,host,Mus musculus
2026-10-09,PRJNA1219628,SAMN47247288,host_nonhuman,host,Mus musculus
2026-10-09,PRJNA964705,SAMN34495776,host_nonhuman,host,Bos taurus
2026-10-09,PRJNA1137057,SAMN42568624,host_nonhuman,host,Mus musculus
2026-10-09,PRJNA964705,SAMN34496134,host_nonhuman,host,Bos taurus
2026-10-09,PRJNA1137057,SAMN42565497,host_nonhuman,host,Mus musculus
2026-10-09,PRJNA1155655,SAMN43463058,host_nonhuman,host,mouse
2026-10-09,PRJNA427653,SAMN08242263,host_nonhuman,host,Horse
2026-10-09,PRJEB58441,SAMEA112254549,host_nonhuman,host,Pan troglodytes
2026-10-09,PRJNA1155655,SAMN43463088,host_nonhuman,host,mouse
2026-10-09,PRJNA1137057,SAMN42565171,host_nonhuman,host,Mus musculus
2026-10-09,PRJNA1137057,SAMN42568495,host_nonhuman,host,Mus musculus
2026-10-09,PRJNA1137057,SAMN42565525,host_nonhuman,host,Mus musculus
2026-10-09,PRJNA831236,SAMN27749402,host_nonhuman,host,Mus musculus
2026-10-09,PRJNA1124507,SAMN41855785,host_nonhuman,host,MOUSE
2026-10-09,PRJNA1137057,SAMN42565185,host_nonhuman,host,Mus musculus
2026-10-09,PRJNA878528,SAMN54929675,host_nonhuman,host,Mus musculus
2026-10-09,PRJNA450709,SAMN08958800,host_nonhuman,host,mouse
2026-10-09,PRJNA1131085,SAMN42240272,host_nonhuman,host,Mus musculus
2026-10-09,PRJNA1137057,SAMN42565049,host_nonhuman,host,Mus musculus
2026-10-09,PRJNA1137057,SAMN42564894,host_nonhuman,host,Mus musculus
2026-10-09,PRJNA1137057,SAMN42564798,host_nonhuman,host,Mus musculus
2026-10-09,PRJNA1268608,SAMN48758693,host_nonhuman,host,Mus musculus
2026-10-09,PRJNA767648,SAMN21923158,host_nonhuman,host,Mus musculus
2026-10-09,PRJNA878528,SAMN54929669,host_nonhuman,host,Mus musculus
2026-10-09,PRJNA1137057,SAMN42565207,host_nonhuman,host,Mus musculus
2026-10-09,PRJNA1137057,SAMN42565122,host_nonhuman,host,Mus musculus
2026-10-09,PRJNA1209134,SAMN46208666,host_nonhuman,host,mouse
2026-10-09,PRJNA450709,SAMN08958775,host_nonhuman,host,mouse
2026-10-09,PRJNA450709,SAMN08958723,host_nonhuman,host,mouse
2026-10-09,PRJNA991155,SAMN37147988,host_nonhuman,host,Mus musculus
2026-10-09,PRJNA942264,SAMN33681783,other,host,synthetic
2026-10-09,PRJNA1137057,SAMN42565625,host_nonhuman,host,Mus musculus
2026-10-09,PRJNA678871,SAMN16825066,host_nonhuman,host,Chicken
2026-10-09,PRJNA1268608,SAMN48758707,host_nonhuman,host,Mus musculus
2026-10-09,PRJNA964705,SAMN34496279,host_nonhuman,host,Bos taurus
2026-10-09,PRJNA450709,SAMN08958781,host_nonhuman,host,mouse
2026-10-09,PRJNA1209134,SAMN46208663,host_nonhuman,host,mouse
2026-10-09,PRJNA1137057,SAMN42568655,host_nonhuman,host,Mus musculus
2026-10-09,PRJNA1137057,SAMN42569041,host_nonhuman,host,Mus musculus
2026-10-09,PRJNA678871,SAMN16825134,host_nonhuman,host,Chicken
2026-10-09,PRJNA684454,SAMN17062668,host_nonhuman,host,Bos taurus
2026-10-09,PRJNA450709,SAMN08964106,host_nonhuman,host,mouse
2026-10-09,PRJNA1115089,SAMN41576884,host_nonhuman,host,Mus musculus
2026-10-09,PRJNA1137057,SAMN42565729,host_nonhuman,host,Mus musculus
2026-10-09,PRJNA450709,SAMN08964116,host_nonhuman,host,mouse
2026-10-09,PRJNA684454,SAMN17215496,host_nonhuman,host,Sus scrofa
2026-10-09,PRJNA684454,SAMN17279160,host_nonhuman,host,Gallus gallus
2026-10-09,PRJNA1137057,SAMN42564890,host_nonhuman,host,Mus musculus
2026-10-09,PRJEB58441,SAMEA112254140,host_nonhuman,host,Pan troglodytes
2026-10-09,PRJNA684454,SAMN17279166,host_nonhuman,host,Bos taurus
2026-10-09,PRJNA964705,SAMN34495911,host_nonhuman,host,Bos taurus
2026-10-09,PRJNA595966,SAMN13578129,host_nonhuman,host,Mus musculus
2026-10-09,PRJEB58441,SAMEA112254661,host_nonhuman,host,Pan troglodytes
2026-10-09,PRJNA1137057,SAMN42565403,host_nonhuman,host,Mus musculus
2026-10-09,PRJNA1137057,SAMN42565677,host_nonhuman,host,Mus musculus
2026-10-09,PRJNA1025016,SAMN37722406,host_nonhuman,host,Mus musculus
2026-10-09,PRJNA1268608,SAMN48758731,host_nonhuman,host,Mus musculus
2026-10-09,PRJNA1137057,SAMN42568626,host_nonhuman,host,Mus musculus
2026-10-09,PRJNA539933,SAMN11515172,host_nonhuman,host,Pan troglodytes
2026-10-09,PRJNA942264,SAMN57334958,host_nonhuman,host,Mus musculus
2026-10-09,PRJNA612780,SAMN14381380,host_nonhuman,host,Gallus gallus domesticus
2026-10-09,PRJNA450709,SAMN08958790,host_nonhuman,host,mouse
2026-10-09,PRJNA964705,SAMN34495842,host_nonhuman,host,Bos taurus
2026-10-09,PRJNA678871,SAMN16825100,host_nonhuman,host,Chicken
2026-10-09,PRJNA595966,SAMN13578147,host_nonhuman,host,Mus musculus
2026-10-09,PRJNA1183628,SAMN44631367,host_nonhuman,host,Rattus norvegicus
2026-10-09,PRJNA942264,SAMN33681759,other,host,synthetic
2026-10-09,PRJNA1137057,SAMN42565060,host_nonhuman,host,Mus musculus
2026-10-09,PRJNA1137057,SAMN42565132,host_nonhuman,host,Mus musculus
2026-10-09,PRJNA1137057,SAMN42565509,host_nonhuman,host,Mus musculus
2026-10-09,PRJNA1137057,SAMN42565557,host_nonhuman,host,Mus musculus
2026-10-09,PRJNA678871,SAMN16825065,host_nonhuman,host,Chicken
2026-10-09,PRJNA1137057,SAMN42565323,host_nonhuman,host,Mus musculus
2026-10-09,PRJNA942264,SAMN33681733,other,host,synthetic
2026-10-09,PRJNA1137057,SAMN42568587,host_nonhuman,host,Mus musculus
2026-10-09,PRJNA942264,SAMN33681799,other,host,synthetic
2026-10-09,PRJNA1137057,SAMN42565498,host_nonhuman,host,Mus musculus
2026-10-09,PRJNA964705,SAMN34495730,host_nonhuman,host,Bos taurus
2026-10-09,PRJNA1137057,SAMN42564915,host_nonhuman,host,Mus musculus
2026-10-09,PRJEB58441,SAMEA112254390,host_nonhuman,host,Pan troglodytes
2026-10-09,PRJNA1137057,SAMN42568954,host_nonhuman,host,Mus musculus
2026-10-09,PRJNA678871,SAMN16825111,host_nonhuman,host,Chicken
2026-10-09,PRJNA964705,SAMN34496290,host_nonhuman,host,Bos taurus
2026-10-09,PRJNA450709,SAMN08958745,host_nonhuman,host,mouse
2026-10-09,PRJNA964705,SAMN34496188,host_nonhuman,host,Bos taurus
2026-10-09,PRJNA595966,SAMN13578069,host_nonhuman,host,Mus musculus
2026-10-09,PRJNA964705,SAMN34496017,host_nonhuman,host,Bos taurus
2026-10-09,PRJNA1137057,SAMN42564900,host_nonhuman,host,Mus musculus
2026-10-09,PRJNA1137057,SAMN42565759,host_nonhuman,host,Mus musculus
2026-10-09,PRJNA942264,SAMN33681727,other,host,synthetic
2026-10-09,PRJNA1137057,SAMN42568540,host_nonhuman,host,Mus musculus
2026-10-09,PRJNA678871,SAMN16825049,host_nonhuman,host,Chicken
2026-10-09,PRJNA1137057,SAMN42565704,host_nonhuman,host,Mus musculus
2026-10-09,PRJNA1137057,SAMN42568481,host_nonhuman,host,Mus musculus
2026-10-09,PRJNA678871,SAMN16825125,host_nonhuman,host,Chicken
2026-10-09,PRJNA539933,SAMN11515217,host_nonhuman,host,Gorilla gorilla gorilla
2026-10-09,PRJNA1115089,SAMN41576891,host_nonhuman,host,Mus musculus
2026-10-09,PRJNA595966,SAMN13578155,host_nonhuman,host,Mus musculus
2026-10-09,PRJNA1268608,SAMN56631112,host_nonhuman,host,Mus musculus
2026-10-09,PRJNA450709,SAMN08964097,host_nonhuman,host,mouse
2026-10-09,PRJNA1137057,SAMN42565514,host_nonhuman,host,Mus musculus
2026-10-09,PRJNA1137057,SAMN42565419,host_nonhuman,host,Mus musculus
2026-10-09,PRJNA767648,SAMN21923124,host_nonhuman,host,Mus musculus
2026-10-09,PRJNA1137057,SAMN42565732,host_nonhuman,host,Mus musculus
2026-10-09,PRJNA1137057,SAMN42565671,host_nonhuman,host,Mus musculus
2026-10-09,PRJNA770295,SAMN25811374,host_nonhuman,host,Mus musculus
2026-10-09,PRJNA770295,SAMN25811385,host_nonhuman,host,Mus musculus
2026-10-09,PRJNA1137057,SAMN42568760,host_nonhuman,host,Mus musculus
2026-10-09,PRJNA1137057,SAMN42565113,host_nonhuman,host,Mus musculus
2026-10-09,PRJNA942264,SAMN33681693,other,host,synthetic
2026-10-09,PRJNA964705,SAMN34496391,host_nonhuman,host,Bos taurus
2026-10-09,PRJNA1137057,SAMN42568554,host_nonhuman,host,Mus musculus
2026-10-09,PRJEB58441,SAMEA112254395,host_nonhuman,host,Pan troglodytes
2026-10-09,PRJNA595966,SAMN13578043,host_nonhuman,host,Mus musculus
2026-10-09,PRJNA1137057,SAMN42565211,host_nonhuman,host,Mus musculus
2026-10-09,PRJNA684454,SAMN17215465,host_nonhuman,host,Gallus gallus
2026-10-09,PRJNA595966,SAMN13578126,host_nonhuman,host,Mus musculus
2026-10-09,PRJNA1137057,SAMN42564829,host_nonhuman,host,Mus musculus
2026-10-09,PRJNA1115089,SAMN41576913,host_nonhuman,host,Mus musculus
2026-10-09,PRJNA942264,SAMN33681700,other,host,synthetic
2026-10-09,PRJNA964705,SAMN34496008,host_nonhuman,host,Bos taurus
2026-10-09,PRJNA1155655,SAMN43463065,host_nonhuman,host,mouse
2026-10-09,PRJNA1137057,SAMN42565487,host_nonhuman,host,Mus musculus
2026-10-09,PRJEB58441,SAMEA112254138,host_nonhuman,host,Pan troglodytes
2026-10-09,PRJNA964705,SAMN34496084,host_nonhuman,host,Bos taurus
2026-10-09,PRJNA1025016,SAMN37722349,host_nonhuman,host,Mus musculus
2026-10-09,PRJNA1137057,SAMN42568647,host_nonhuman,host,Mus musculus
2026-10-09,PRJNA1137057,SAMN42564777,host_nonhuman,host,Mus musculus
2026-10-09,PRJNA678871,SAMN16825143,other,host,Soil
2026-10-09,PRJNA770295,SAMN22581322,host_nonhuman,host,Mus musculus
2026-10-09,PRJNA1025016,SAMN37722414,host_nonhuman,host,Mus musculus
2026-10-09,PRJNA1137057,SAMN42565597,host_nonhuman,host,Mus musculus
2026-10-09,PRJEB58441,SAMEA112254536,host_nonhuman,host,Pan troglodytes
2026-10-09,PRJNA450709,SAMN08958751,host_nonhuman,host,mouse
2026-10-09,PRJNA964705,SAMN34495735,host_nonhuman,host,Bos taurus
2026-10-09,PRJNA1137057,SAMN42565182,host_nonhuman,host,Mus musculus
2026-10-09,PRJNA1137057,SAMN42564962,host_nonhuman,host,Mus musculus
2026-10-09,PRJNA964705,SAMN34496394,host_nonhuman,host,Bos taurus
2026-10-09,PRJNA596121,SAMN13613325,host_nonhuman,host,Mouse
2026-10-09,PRJNA1137057,SAMN42565382,host_nonhuman,host,Mus musculus
2026-10-09,PRJNA450709,SAMN08964094,host_nonhuman,host,mouse
2026-10-09,PRJNA1124507,SAMN41855788,host_nonhuman,host,MOUSE
2026-10-09,PRJNA450709,SAMN08958797,host_nonhuman,host,mouse
2026-10-09,PRJNA964705,SAMN34495797,host_nonhuman,host,Bos taurus
2026-10-09,PRJNA450709,SAMN08958639,host_nonhuman,host,mouse
2026-10-09,PRJNA595966,SAMN13578119,host_nonhuman,host,Mus musculus
2026-10-09,PRJNA1137057,SAMN42565501,host_nonhuman,host,Mus musculus
2026-10-09,PRJNA770295,SAMN22581319,host_nonhuman,host,Mus musculus
2026-10-09,PRJNA1157403,SAMN43512652,host_nonhuman,host,Mus musculus
2026-10-09,PRJNA450709,SAMN08964093,host_nonhuman,host,mouse
2026-10-09,PRJNA1137057,SAMN42568756,host_nonhuman,host,Mus musculus
2026-10-09,PRJNA1137057,SAMN42568820,host_nonhuman,host,Mus musculus
2026-10-09,PRJNA964705,SAMN34496159,host_nonhuman,host,Bos taurus
2026-10-09,PRJNA450709,SAMN08958706,host_nonhuman,host,mouse
2026-10-09,PRJNA637878,SAMN15803876,host_nonhuman,host,Mus musculus
2026-10-09,PRJNA1137057,SAMN42565310,host_nonhuman,host,Mus musculus
2026-10-09,PRJNA1137057,SAMN42568975,host_nonhuman,host,Mus musculus
2026-10-09,PRJNA595966,SAMN13578038,host_nonhuman,host,Mus musculus
2026-10-09,PRJNA732769,SAMN19340500,host_nonhuman,host,C57/BL6 mouse
2026-10-09,PRJNA1137057,SAMN42568799,host_nonhuman,host,Mus musculus
2026-10-09,PRJNA1137057,SAMN42568459,host_nonhuman,host,Mus musculus
2026-10-09,PRJNA1137057,SAMN42565022,host_nonhuman,host,Mus musculus
2026-10-09,PRJNA595966,SAMN13578107,host_nonhuman,host,Mus musculus
2026-10-09,PRJNA1137057,SAMN42565360,host_nonhuman,host,Mus musculus
2026-10-09,PRJNA1219628,SAMN47247313,host_nonhuman,host,Mus musculus
2026-10-09,PRJNA769748,SAMN22169192,host_nonhuman,host,mouse
2026-10-09,PRJNA1115089,SAMN41576889,host_nonhuman,host,Mus musculus
2026-10-09,PRJNA561510,SAMN12619383,other,host,Soil
2026-10-09,PRJNA450709,SAMN08958749,host_nonhuman,host,mouse
2026-10-09,PRJNA1066070,SAMN39458696,host_nonhuman,host,Mus musculus
2026-10-09,PRJNA964705,SAMN34495883,host_nonhuman,host,Bos taurus
2026-10-09,PRJNA964705,SAMN34495806,host_nonhuman,host,Bos taurus
2026-10-09,PRJNA1219628,SAMN47247336,host_nonhuman,host,Mus musculus
2026-10-09,PRJNA1137057,SAMN42565342,host_nonhuman,host,Mus musculus
2026-10-09,PRJNA450709,SAMN08958799,host_nonhuman,host,mouse
2026-10-09,PRJNA942264,SAMN33681682,other,host,synthetic
2026-10-09,PRJNA595966,SAMN13578057,host_nonhuman,host,Mus musculus
2026-10-09,PRJNA1137057,SAMN42568774,host_nonhuman,host,Mus musculus
2026-10-09,PRJNA942264,SAMN33681773,other,host,synthetic
2026-10-09,PRJNA450709,SAMN08958739,host_nonhuman,host,mouse
2026-10-09,PRJNA595966,SAMN13578054,host_nonhuman,host,Mus musculus
2026-10-09,PRJNA1137057,SAMN42568983,host_nonhuman,host,Mus musculus
2026-10-09,PRJNA964705,SAMN34496204,host_nonhuman,host,Bos taurus
2026-10-09,PRJNA1137057,SAMN42564996,host_nonhuman,host,Mus musculus
2026-10-09,PRJNA1137057,SAMN42564887,host_nonhuman,host,Mus musculus
2026-10-09,PRJNA1025016,SAMN37722375,host_nonhuman,host,Mus musculus
2026-10-09,PRJNA1137057,SAMN42565008,host_nonhuman,host,Mus musculus
2026-10-09,PRJNA1137057,SAMN42564825,host_nonhuman,host,Mus musculus
2026-10-09,PRJNA1066070,SAMN39458706,host_nonhuman,host,Mus musculus
2026-10-09,PRJNA450709,SAMN08958694,host_nonhuman,host,mouse
2026-10-09,PRJNA964705,SAMN34496093,host_nonhuman,host,Bos taurus
2026-10-09,PRJNA732769,SAMN19340549,host_nonhuman,host,C57/BL6 mouse
2026-10-09,PRJNA684454,SAMN17279155,host_nonhuman,host,Sus scrofa
2026-10-09,PRJNA1183628,SAMN44631358,host_nonhuman,host,Rattus norvegicus
2026-10-09,PRJNA684454,SAMN17215434,host_nonhuman,host,Bos taurus
2026-10-09,PRJNA942264,SAMN33681675,other,host,synthetic
2026-10-09,PRJNA769748,SAMN22169221,host_nonhuman,host,mouse
2026-10-09,PRJNA1137057,SAMN42564997,host_nonhuman,host,Mus musculus
2026-10-09,PRJNA964705,SAMN34495722,host_nonhuman,host,Bos taurus
2026-10-09,PRJNA769748,SAMN22169242,host_nonhuman,host,mouse
2026-10-09,PRJNA1137057,SAMN42568548,host_nonhuman,host,Mus musculus
2026-10-09,PRJNA539933,SAMN11515216,host_nonhuman,host,Gorilla gorilla gorilla
2026-10-09,PRJNA761454,SAMN21349077,other,host,water control
2026-10-09,PRJNA595966,SAMN13578052,host_nonhuman,host,Mus musculus
2026-10-09,PRJNA964705,SAMN34496000,host_nonhuman,host,Bos taurus
2026-10-09,PRJNA769748,SAMN22169257,host_nonhuman,host,mouse
2026-10-09,PRJNA678871,SAMN16825096,host_nonhuman,host,Chicken
2026-10-09,PRJNA732769,SAMN19340509,host_nonhuman,host,C57/BL6 mouse
2026-10-09,PRJNA1137057,SAMN42568689,host_nonhuman,host,Mus musculus
2026-10-09,PRJNA1137057,SAMN42565747,host_nonhuman,host,Mus musculus
2026-10-09,PRJNA1268608,SAMN48758749,host_nonhuman,host,Mus musculus
2026-10-09,PRJNA684454,SAMN17215519,host_nonhuman,host,Sus scrofa
2026-10-09,PRJNA767648,SAMN21923149,host_nonhuman,host,Mus musculus
2026-10-09,PRJNA1183628,SAMN44631352,host_nonhuman,host,Rattus norvegicus
2026-10-09,PRJNA1137057,SAMN42565021,host_nonhuman,host,Mus musculus
2026-10-09,PRJNA1137057,SAMN42565312,host_nonhuman,host,Mus musculus
2026-10-09,PRJNA1137057,SAMN42565646,host_nonhuman,host,Mus musculus
2026-10-09,PRJNA1137057,SAMN42565743,host_nonhuman,host,Mus musculus
2026-10-09,PRJNA450709,SAMN08958746,host_nonhuman,host,mouse
2026-10-09,PRJNA1209134,SAMN46208710,host_nonhuman,host,mouse
2026-10-09,PRJNA1137057,SAMN42568476,host_nonhuman,host,Mus musculus
2026-10-09,PRJNA1137057,SAMN42568900,host_nonhuman,host,Mus musculus
2026-10-09,PRJNA1137057,SAMN42565458,host_nonhuman,host,Mus musculus
2026-10-09,PRJNA1137057,SAMN42565181,host_nonhuman,host,Mus musculus
2026-10-09,PRJNA1137057,SAMN42565411,host_nonhuman,host,Mus musculus
2026-10-09,PRJNA942264,SAMN33681763,other,host,synthetic
2026-10-09,PRJNA732769,SAMN19340518,host_nonhuman,host,C57/BL6 mouse
2026-10-09,PRJNA1115089,SAMN41576897,host_nonhuman,host,Mus musculus
2026-10-09,PRJNA1137057,SAMN42568525,host_nonhuman,host,Mus musculus
2026-10-09,PRJNA1137057,SAMN42568640,host_nonhuman,host,Mus musculus
2026-10-09,PRJNA1137057,SAMN42564818,host_nonhuman,host,Mus musculus
2026-10-09,PRJNA964705,SAMN34495906,host_nonhuman,host,Bos taurus
2026-10-09,PRJNA1137057,SAMN42565366,host_nonhuman,host,Mus musculus
2026-10-09,PRJNA1137057,SAMN42569036,host_nonhuman,host,Mus musculus
2026-10-09,PRJNA1137057,SAMN42568561,host_nonhuman,host,Mus musculus
2026-10-09,PRJNA1268608,SAMN56631143,host_nonhuman,host,Mus musculus
2026-10-09,PRJNA575186,SAMN12879236,host_nonhuman,host,Mouse
2026-10-09,PRJNA831236,SAMN27749387,host_nonhuman,host,Mus musculus
2026-10-09,PRJNA964705,SAMN34496109,host_nonhuman,host,Bos taurus
2026-10-09,PRJNA1137057,SAMN42564950,host_nonhuman,host,Mus musculus
2026-10-09,PRJNA1115089,SAMN41661983,host_nonhuman,host,Mus musculus
2026-10-09,PRJNA964705,SAMN34496393,host_nonhuman,host,Bos taurus
2026-10-09,PRJNA1137057,SAMN42565075,host_nonhuman,host,Mus musculus
2026-10-09,PRJNA1115089,SAMN41661991,host_nonhuman,host,Mus musculus
2026-10-09,PRJNA1219628,SAMN47247334,host_nonhuman,host,Mus musculus
2026-10-09,PRJNA1209134,SAMN46208681,host_nonhuman,host,mouse
2026-10-09,PRJNA770295,SAMN25811389,host_nonhuman,host,Mus musculus
2026-10-09,PRJNA1009084,SAMN37145912,host_nonhuman,host,Mus musculus
2026-10-09,PRJNA767648,SAMN21923141,host_nonhuman,host,Mus musculus
2026-10-09,PRJNA878528,SAMN54929674,host_nonhuman,host,Mus musculus
2026-10-09,PRJNA684454,SAMN17279178,host_nonhuman,host,Sus scrofa
2026-10-09,PRJNA1268608,SAMN56631138,host_nonhuman,host,Mus musculus
2026-10-09,PRJNA1268608,SAMN56631119,host_nonhuman,host,Mus musculus
2026-10-09,PRJNA942264,SAMN33681731,other,host,synthetic
2026-10-09,PRJNA1137057,SAMN42568823,host_nonhuman,host,Mus musculus
2026-10-09,PRJNA1009084,SAMN37145886,host_nonhuman,host,Mus musculus
2026-10-09,PRJNA450709,SAMN08958752,host_nonhuman,host,mouse
2026-10-09,PRJNA539933,SAMN11515181,host_nonhuman,host,Gorilla gorilla gorilla
2026-10-09,PRJNA539933,SAMN11515230,host_nonhuman,host,Gorilla gorilla gorilla
2026-10-09,PRJNA684454,SAMN17279146,host_nonhuman,host,Bos taurus
2026-10-09,PRJNA1009084,SAMN37145903,host_nonhuman,host,Mus musculus
2026-10-09,PRJNA769748,SAMN22169245,host_nonhuman,host,mouse
2026-10-09,PRJNA1066070,SAMN39458694,host_nonhuman,host,Mus musculus
2026-10-09,PRJNA450709,SAMN08958695,host_nonhuman,host,mouse
2026-10-09,PRJNA1137057,SAMN42568511,host_nonhuman,host,Mus musculus
2026-10-09,PRJNA1137057,SAMN42564817,host_nonhuman,host,Mus musculus
2026-10-09,PRJNA678871,SAMN16825102,host_nonhuman,host,Chicken
2026-10-09,PRJNA1137057,SAMN42565737,host_nonhuman,host,Mus musculus
2026-10-09,PRJNA1137057,SAMN42565556,host_nonhuman,host,Mus musculus
2026-10-09,PRJNA1137057,SAMN42565266,host_nonhuman,host,Mus musculus
2026-10-09,PRJNA1155655,SAMN43463081,host_nonhuman,host,mouse
2026-10-09,PRJNA595966,SAMN13578094,host_nonhuman,host,Mus musculus
2026-10-09,PRJNA1137057,SAMN42565345,host_nonhuman,host,Mus musculus
2026-10-09,PRJNA964705,SAMN34495977,host_nonhuman,host,Bos taurus
2026-10-09,PRJNA454826,SAMN13091320,host_nonhuman,host,Mus musculus
2026-10-09,PRJNA1137057,SAMN42568698,host_nonhuman,host,Mus musculus
2026-10-09,PRJNA964705,SAMN34496370,host_nonhuman,host,Bos taurus
2026-10-09,PRJNA942264,SAMN33681705,other,host,synthetic
2026-10-09,PRJNA1137057,SAMN42569006,host_nonhuman,host,Mus musculus
2026-10-09,PRJNA770295,SAMN22581310,host_nonhuman,host,Mus musculus
2026-10-09,PRJNA1025016,SAMN37722410,host_nonhuman,host,Mus musculus
2026-10-09,PRJNA1137057,SAMN42565705,host_nonhuman,host,Mus musculus
2026-10-09,PRJNA1137057,SAMN42568607,host_nonhuman,host,Mus musculus
2026-10-09,PRJNA450709,SAMN08958616,host_nonhuman,host,mouse
2026-10-09,PRJNA678871,SAMN16825068,host_nonhuman,host,Chicken
2026-10-09,PRJNA1209134,SAMN46208686,host_nonhuman,host,mouse
2026-10-09,PRJNA1157403,SAMN43512650,host_nonhuman,host,Mus musculus
2026-10-09,PRJNA964705,SAMN34495872,host_nonhuman,host,Bos taurus
2026-10-09,PRJNA1137057,SAMN42564815,host_nonhuman,host,Mus musculus
2026-10-09,PRJNA1137057,SAMN42565546,host_nonhuman,host,Mus musculus
2026-10-09,PRJNA770295,SAMN22581316,host_nonhuman,host,Mus musculus
2026-10-09,PRJNA595966,SAMN13578074,host_nonhuman,host,Mus musculus
2026-10-09,PRJEB58441,SAMEA112254405,host_nonhuman,host,Pan troglodytes
2026-10-09,PRJNA539933,SAMN11515164,host_nonhuman,host,Pan troglodytes
2026-10-09,PRJNA1137057,SAMN42565286,host_nonhuman,host,Mus musculus
2026-10-09,PRJNA1268608,SAMN56631100,host_nonhuman,host,Mus musculus
2026-10-09,PRJNA1137057,SAMN42565359,host_nonhuman,host,Mus musculus
2026-10-09,PRJNA510571,SAMN10715793,host_nonhuman,host,Gorilla beringei graueri sample 3
2026-10-09,PRJNA427653,SAMN08242273,host_nonhuman,host,Sheep
2026-10-09,PRJNA732769,SAMN19340504,host_nonhuman,host,C57/BL6 mouse
2026-10-09,PRJNA942264,SAMN57334962,host_nonhuman,host,Mus musculus
2026-10-09,PRJNA678871,SAMN16825089,host_nonhuman,host,Chicken
2026-10-09,PRJNA684454,SAMN17215461,host_nonhuman,host,Gallus gallus
2026-10-09,PRJNA561510,SAMN12619384,other,host,Soil
2026-10-09,PRJNA539933,SAMN11515195,host_nonhuman,host,Gorilla gorilla gorilla
2026-10-09,PRJNA1025016,SAMN37722346,host_nonhuman,host,Mus musculus
2026-10-09,PRJNA595966,SAMN13578088,host_nonhuman,host,Mus musculus
2026-10-09,PRJNA770295,SAMN25811356,host_nonhuman,host,Mus musculus
2026-10-09,PRJNA1137057,SAMN42565175,host_nonhuman,host,Mus musculus
2026-10-09,PRJNA1137057,SAMN42565391,host_nonhuman,host,Mus musculus
2026-10-09,PRJNA1137057,SAMN42568486,host_nonhuman,host,Mus musculus
2026-10-09,PRJNA1137057,SAMN42568549,host_nonhuman,host,Mus musculus
2026-10-09,PRJNA1268608,SAMN56631091,host_nonhuman,host,Mus musculus
2026-10-09,PRJNA1137057,SAMN42568614,host_nonhuman,host,Mus musculus
2026-10-09,PRJNA732769,SAMN19340527,host_nonhuman,host,C57/BL6 mouse
2026-10-09,PRJNA964705,SAMN34496291,host_nonhuman,host,Bos taurus
2026-10-09,PRJNA1137057,SAMN42565192,host_nonhuman,host,Mus musculus
2026-10-09,PRJNA770295,SAMN22581328,host_nonhuman,host,Mus musculus
2026-10-09,PRJNA1209134,SAMN46208713,host_nonhuman,host,mouse
2026-10-09,PRJNA770295,SAMN22252822,host_nonhuman,host,Mus musculus
2026-10-09,PRJNA1137057,SAMN42565463,host_nonhuman,host,Mus musculus
2026-10-09,PRJNA1157403,SAMN43512654,host_nonhuman,host,Mus musculus
2026-10-09,PRJNA767648,SAMN21923143,host_nonhuman,host,Mus musculus
2026-10-09,PRJNA1268608,SAMN56631097,host_nonhuman,host,Mus musculus
2026-10-09,PRJNA1066070,SAMN39458702,host_nonhuman,host,Mus musculus
2026-10-09,PRJNA1137057,SAMN42568679,host_nonhuman,host,Mus musculus
2026-10-09,PRJNA1025016,SAMN37722337,host_nonhuman,host,Mus musculus
2026-10-09,PRJNA964705,SAMN34496078,host_nonhuman,host,Bos taurus
2026-10-09,PRJNA1137057,SAMN42565736,host_nonhuman,host,Mus musculus
2026-10-09,PRJNA1137057,SAMN42565576,host_nonhuman,host,Mus musculus
2026-10-09,PRJNA450709,SAMN08964101,host_nonhuman,host,mouse
2026-10-09,PRJNA1137057,SAMN42565056,host_nonhuman,host,Mus musculus
2026-10-09,PRJNA964705,SAMN34496336,host_nonhuman,host,Bos taurus
2026-10-09,PRJNA1137057,SAMN42564951,host_nonhuman,host,Mus musculus
2026-10-09,PRJNA732769,SAMN19340496,host_nonhuman,host,C57/BL6 mouse
2026-10-09,PRJNA942264,SAMN33681722,other,host,synthetic
2026-10-09,PRJNA878528,SAMN54929673,host_nonhuman,host,Mus musculus
2026-10-09,PRJNA1137057,SAMN42565741,host_nonhuman,host,Mus musculus
2026-10-09,PRJNA1009084,SAMN37145925,host_nonhuman,host,Mus musculus
2026-10-09,PRJNA450709,SAMN08958791,host_nonhuman,host,mouse
2026-10-09,PRJNA595966,SAMN13578045,host_nonhuman,host,Mus musculus
2026-10-09,PRJNA1137057,SAMN42565542,host_nonhuman,host,Mus musculus
2026-10-09,PRJNA1025016,SAMN37722355,host_nonhuman,host,Mus musculus
2026-10-09,PRJNA678871,SAMN16825106,host_nonhuman,host,Chicken
2026-10-09,PRJNA1137057,SAMN42568692,host_nonhuman,host,Mus musculus
2026-10-09,PRJNA1337640,SAMN52380198,host_nonhuman,host,Mus musculus
2026-10-09,PRJNA964705,SAMN34495715,host_nonhuman,host,Bos taurus
2026-10-09,PRJNA1137057,SAMN42568650,host_nonhuman,host,Mus musculus
2026-10-09,PRJNA1137057,SAMN42564898,host_nonhuman,host,Mus musculus
2026-10-09,PRJNA769748,SAMN22169253,host_nonhuman,host,mouse
2026-10-09,PRJNA1137057,SAMN42568843,host_nonhuman,host,Mus musculus
2026-10-09,PRJNA770295,SAMN25811412,host_nonhuman,host,Mus musculus
2026-10-09,PRJNA942264,SAMN57334951,host_nonhuman,host,Mus musculus
2026-10-09,PRJNA450709,SAMN08958603,host_nonhuman,host,mouse
2026-10-09,PRJNA1137057,SAMN42568564,host_nonhuman,host,Mus musculus
2026-10-09,PRJNA770295,SAMN22581348,host_nonhuman,host,Mus musculus
2026-10-09,PRJNA1238458,SAMN47793449,host_nonhuman,host,Mus musculus
2026-10-09,PRJNA769748,SAMN22169251,host_nonhuman,host,mouse
2026-10-09,PRJNA964705,SAMN34496245,host_nonhuman,host,Bos taurus
2026-10-09,PRJNA1137057,SAMN42564935,host_nonhuman,host,Mus musculus
2026-10-09,PRJNA942264,SAMN33681702,other,host,synthetic
2026-10-09,PRJNA427653,SAMN08242260,host_nonhuman,host,Horse
2026-10-09,PRJNA732769,SAMN19340551,host_nonhuman,host,C57/BL6 mouse
2026-10-09,PRJNA942264,SAMN33681764,other,host,synthetic
2026-10-09,PRJNA767648,SAMN21923144,host_nonhuman,host,Mus musculus
2026-10-09,PRJNA964705,SAMN34495704,host_nonhuman,host,Bos taurus
2026-10-09,PRJNA964705,SAMN34495927,host_nonhuman,host,Bos taurus
2026-10-09,PRJNA1157403,SAMN43512659,host_nonhuman,host,Mus musculus
2026-10-09,PRJNA678871,SAMN16825136,host_nonhuman,host,Chicken
2026-10-09,PRJNA997572,SAMN36682522,host_nonhuman,host,Mus musculus
2026-10-09,PRJNA1137057,SAMN42565194,host_nonhuman,host,Mus musculus
2026-10-09,PRJNA450709,SAMN08958764,host_nonhuman,host,mouse
2026-10-09,PRJNA964705,SAMN34495996,host_nonhuman,host,Bos taurus
2026-10-09,PRJNA1137057,SAMN42565632,host_nonhuman,host,Mus musculus
2026-10-09,PRJNA1137057,SAMN42568982,host_nonhuman,host,Mus musculus
2026-10-09,PRJNA964705,SAMN34495924,host_nonhuman,host,Bos taurus
2026-10-09,PRJNA1155655,SAMN43463060,host_nonhuman,host,mouse
2026-10-09,PRJNA770295,SAMN22581307,host_nonhuman,host,Mus musculus
2026-10-09,PRJNA1025016,SAMN37722379,host_nonhuman,host,Mus musculus
2026-10-09,PRJNA1209134,SAMN46208717,host_nonhuman,host,mouse
2026-10-09,PRJNA1137057,SAMN42565091,host_nonhuman,host,Mus musculus
2026-10-09,PRJNA1155655,SAMN43463073,host_nonhuman,host,mouse
2026-10-09,PRJNA575186,SAMN12879235,host_nonhuman,host,Mouse
2026-10-09,PRJNA964705,SAMN34495922,host_nonhuman,host,Bos taurus
2026-10-09,PRJNA684454,SAMN17215488,host_nonhuman,host,Bos taurus
2026-10-09,PRJNA1137057,SAMN42565726,host_nonhuman,host,Mus musculus
2026-10-09,PRJNA964705,SAMN34496235,host_nonhuman,host,Bos taurus
2026-10-09,PRJNA1137057,SAMN42565449,host_nonhuman,host,Mus musculus
2026-10-09,PRJNA1219628,SAMN47247333,host_nonhuman,host,Mus musculus
2026-10-09,PRJNA964705,SAMN34495861,host_nonhuman,host,Bos taurus
2026-10-09,PRJNA678871,SAMN16825088,host_nonhuman,host,Chicken
2026-10-09,PRJNA450709,SAMN08958679,host_nonhuman,host,mouse
2026-10-09,PRJNA1238458,SAMN47793457,host_nonhuman,host,Mus musculus
2026-10-09,PRJNA450709,SAMN08958608,host_nonhuman,host,mouse
2026-10-09,PRJNA1009084,SAMN37145909,host_nonhuman,host,Mus musculus
2026-10-09,PRJNA1137057,SAMN42568617,host_nonhuman,host,Mus musculus
2026-10-09,PRJNA595966,SAMN13578152,host_nonhuman,host,Mus musculus
2026-10-09,PRJNA964705,SAMN34496039,host_nonhuman,host,Bos taurus
2026-10-09,PRJNA964705,SAMN34495764,host_nonhuman,host,Bos taurus
2026-10-09,PRJNA964705,SAMN34496092,host_nonhuman,host,Bos taurus
2026-10-09,PRJNA964705,SAMN34496294,host_nonhuman,host,Bos taurus
2026-10-09,PRJEB58441,SAMEA112254547,host_nonhuman,host,Pan troglodytes
2026-10-09,PRJNA1137057,SAMN42565238,host_nonhuman,host,Mus musculus
2026-10-09,PRJEB58441,SAMEA112254397,host_nonhuman,host,Pan troglodytes
2026-10-09,PRJEB58441,SAMEA112254669,host_nonhuman,host,Pan troglodytes
2026-10-09,PRJNA1268608,SAMN48758750,host_nonhuman,host,Mus musculus
2026-10-09,PRJNA1137057,SAMN42568706,host_nonhuman,host,Mus musculus
2026-10-09,PRJEB58441,SAMEA112254534,host_nonhuman,host,Pan troglodytes
2026-10-09,PRJNA595966,SAMN13578101,host_nonhuman,host,Mus musculus
2026-10-09,PRJNA964705,SAMN34496278,host_nonhuman,host,Bos taurus
2026-10-09,PRJNA1115089,SAMN41661972,host_nonhuman,host,Mus musculus
2026-10-09,PRJNA1137057,SAMN42565470,host_nonhuman,host,Mus musculus
2026-10-09,PRJNA1219628,SAMN47247331,host_nonhuman,host,Mus musculus
2026-10-09,PRJNA1268608,SAMN48758713,host_nonhuman,host,Mus musculus
2026-10-09,PRJNA1137057,SAMN42568595,host_nonhuman,host,Mus musculus
2026-10-09,PRJNA770295,SAMN25811357,host_nonhuman,host,Mus musculus
2026-10-09,PRJNA769748,SAMN22169212,host_nonhuman,host,mouse
2026-10-09,PRJNA539933,SAMN11515221,host_nonhuman,host,Gorilla gorilla gorilla
2026-10-09,PRJNA1137057,SAMN42565678,host_nonhuman,host,Mus musculus
2026-10-09,PRJNA964705,SAMN34496010,host_nonhuman,host,Bos taurus
2026-10-09,PRJNA684454,SAMN17279149,host_nonhuman,host,Bos taurus
2026-10-09,PRJNA1137057,SAMN42565174,host_nonhuman,host,Mus musculus
2026-10-09,PRJNA964705,SAMN34496369,host_nonhuman,host,Bos taurus
2026-10-09,PRJNA942264,SAMN57334972,other,host,synthetic
2026-10-09,PRJNA767648,SAMN21923127,host_nonhuman,host,Mus musculus
2026-10-09,PRJNA1009084,SAMN37145877,host_nonhuman,host,Mus musculus
2026-10-09,PRJNA595966,SAMN13578149,host_nonhuman,host,Mus musculus
2026-10-09,PRJNA1137057,SAMN42569026,host_nonhuman,host,Mus musculus
2026-10-09,PRJNA684454,SAMN17279181,host_nonhuman,host,Gallus gallus
2026-10-09,PRJNA1137057,SAMN42568471,host_nonhuman,host,Mus musculus
2026-10-09,PRJNA1137057,SAMN42564811,host_nonhuman,host,Mus musculus
2026-10-09,PRJNA450709,SAMN08958734,host_nonhuman,host,mouse
2026-10-09,PRJNA769748,SAMN22169193,host_nonhuman,host,mouse
2026-10-09,PRJNA964705,SAMN34496136,host_nonhuman,host,Bos taurus
2026-10-09,PRJNA1025016,SAMN37722398,host_nonhuman,host,Mus musculus
2026-10-09,PRJNA450709,SAMN08958666,host_nonhuman,host,mouse
2026-10-09,PRJNA454826,SAMN13091333,host_nonhuman,host,Mus musculus
2026-10-09,PRJNA1137057,SAMN42568724,host_nonhuman,host,Mus musculus
2026-10-09,PRJNA942264,SAMN33681816,other,host,synthetic
2026-10-09,PRJNA1137057,SAMN42568567,host_nonhuman,host,Mus musculus
2026-10-09,PRJNA450709,SAMN08958773,host_nonhuman,host,mouse
2026-10-09,PRJNA770295,SAMN22252788,host_nonhuman,host,Mus musculus
2026-10-09,PRJNA964705,SAMN34495723,host_nonhuman,host,Bos taurus
2026-10-09,PRJNA1115089,SAMN41661981,host_nonhuman,host,Mus musculus
2026-10-09,PRJNA397664,SAMN07490675,host_nonhuman,host,Mus musculus
2026-10-09,PRJNA684454,SAMN17215483,host_nonhuman,host,Sus scrofa
2026-10-09,PRJNA1137057,SAMN42564933,host_nonhuman,host,Mus musculus
2026-10-09,PRJNA1155655,SAMN43463084,host_nonhuman,host,mouse
2026-10-09,PRJEB58441,SAMEA112254391,host_nonhuman,host,Pan troglodytes
2026-10-09,PRJNA1155655,SAMN43463070,host_nonhuman,host,mouse
2026-10-09,PRJNA1137057,SAMN42568490,host_nonhuman,host,Mus musculus
2026-10-09,PRJNA1000750,SAMN36779496,host_nonhuman,host,Canis lupus familiaris
2026-10-09,PRJNA1268608,SAMN56631150,host_nonhuman,host,Mus musculus
2026-10-09,PRJEB58441,SAMEA112254136,host_nonhuman,host,Pan troglodytes
2026-10-09,PRJNA1155655,SAMN43463053,host_nonhuman,host,mouse
2026-10-09,PRJNA684454,SAMN17279158,host_nonhuman,host,Gallus gallus
2026-10-09,PRJNA1238458,SAMN47793451,host_nonhuman,host,Mus musculus
2026-10-09,PRJNA1137057,SAMN42565394,host_nonhuman,host,Mus musculus
2026-10-09,PRJNA1137057,SAMN42565651,host_nonhuman,host,Mus musculus
2026-10-09,PRJNA678871,SAMN16825147,other,host,Soil
2026-10-09,PRJNA678871,SAMN16825087,host_nonhuman,host,Chicken
2026-10-09,PRJNA450709,SAMN08958658,host_nonhuman,host,mouse
2026-10-09,PRJNA1115089,SAMN41661965,host_nonhuman,host,Mus musculus
2026-10-09,PRJNA964705,SAMN34495938,host_nonhuman,host,Bos taurus
2026-10-09,PRJNA595966,SAMN13578066,host_nonhuman,host,Mus musculus
2026-10-09,PRJNA1137057,SAMN42568804,host_nonhuman,host,Mus musculus
2026-10-09,PRJNA450709,SAMN08958672,host_nonhuman,host,mouse
2026-10-09,PRJNA1137057,SAMN42565380,host_nonhuman,host,Mus musculus
2026-10-09,PRJNA1137057,SAMN42568515,host_nonhuman,host,Mus musculus
2026-10-09,PRJNA684454,SAMN17215436,host_nonhuman,host,Bos taurus
2026-10-09,PRJNA1137057,SAMN42568955,host_nonhuman,host,Mus musculus
2026-10-09,PRJNA1137057,SAMN42565220,host_nonhuman,host,Mus musculus
2026-10-09,PRJNA1137057,SAMN42565002,host_nonhuman,host,Mus musculus
2026-10-09,PRJEB58441,SAMEA112254108,host_nonhuman,host,Pan troglodytes
2026-10-09,PRJNA450709,SAMN08958756,host_nonhuman,host,mouse
2026-10-09,PRJNA1157403,SAMN43512648,host_nonhuman,host,Mus musculus
2026-10-09,PRJNA1238458,SAMN47793438,host_nonhuman,host,Mus musculus
2026-10-09,PRJNA1137057,SAMN42568992,host_nonhuman,host,Mus musculus
2026-10-09,PRJNA427653,SAMN08242277,host_nonhuman,host,Sheep
2026-10-09,PRJNA1025016,SAMN37722339,host_nonhuman,host,Mus musculus
2026-10-09,PRJNA1137057,SAMN42568887,host_nonhuman,host,Mus musculus
2026-10-09,PRJNA1137057,SAMN42565350,host_nonhuman,host,Mus musculus
2026-10-09,PRJNA1025016,SAMN37722393,host_nonhuman,host,Mus musculus
2026-10-09,PRJNA450709,SAMN08964117,host_nonhuman,host,mouse
2026-10-09,PRJNA964705,SAMN34495967,host_nonhuman,host,Bos taurus
2026-10-09,PRJNA1137057,SAMN42564941,host_nonhuman,host,Mus musculus
2026-10-09,PRJNA991155,SAMN37147984,host_nonhuman,host,Mus musculus
2026-10-09,PRJNA1137057,SAMN42568538,host_nonhuman,host,Mus musculus
2026-10-09,PRJNA1155655,SAMN43463069,host_nonhuman,host,mouse
2026-10-09,PRJEB58441,SAMEA112254666,host_nonhuman,host,Pan troglodytes
2026-10-09,PRJNA1137057,SAMN42568923,host_nonhuman,host,Mus musculus
2026-10-09,PRJNA1137057,SAMN42565007,host_nonhuman,host,Mus musculus
2026-10-09,PRJNA964705,SAMN34496098,host_nonhuman,host,Bos taurus
2026-10-09,PRJNA1137057,SAMN42568943,host_nonhuman,host,Mus musculus
2026-10-09,PRJNA1137057,SAMN42568877,host_nonhuman,host,Mus musculus
2026-10-09,PRJNA1155655,SAMN43463029,host_nonhuman,host,mouse
2026-10-09,PRJNA1137057,SAMN42565442,host_nonhuman,host,Mus musculus
2026-10-09,PRJNA595966,SAMN13578058,host_nonhuman,host,Mus musculus
2026-10-09,PRJNA1137057,SAMN42568981,host_nonhuman,host,Mus musculus
2026-10-09,PRJNA964705,SAMN34496167,host_nonhuman,host,Bos taurus
2026-10-09,PRJNA732769,SAMN19340553,host_nonhuman,host,C57/BL6 mouse
2026-10-09,PRJNA678871,SAMN18063313,host_nonhuman,host,Chicken
2026-10-09,PRJNA1137057,SAMN42568863,host_nonhuman,host,Mus musculus
2026-10-09,PRJNA539933,SAMN11515215,host_nonhuman,host,Gorilla gorilla gorilla
2026-10-09,PRJNA1183628,SAMN44631345,host_nonhuman,host,Rattus norvegicus
2026-10-09,PRJNA1268608,SAMN56631145,host_nonhuman,host,Mus musculus
2026-10-09,PRJNA684454,SAMN17062656,host_nonhuman,host,Gallus gallus
2026-10-09,PRJNA770295,SAMN22252796,host_nonhuman,host,Mus musculus
2026-10-09,PRJNA678871,SAMN16825081,host_nonhuman,host,Chicken
2026-10-09,PRJNA964705,SAMN34495798,host_nonhuman,host,Bos taurus
2026-10-09,PRJNA964705,SAMN34495901,host_nonhuman,host,Bos taurus
2026-10-09,PRJNA1219628,SAMN47247319,host_nonhuman,host,Mus musculus
2026-10-09,PRJNA1137057,SAMN42564945,host_nonhuman,host,Mus musculus
2026-10-09,PRJNA942264,SAMN33681663,other,host,synthetic
2026-10-09,PRJNA1238458,SAMN47793419,host_nonhuman,host,Mus musculus
2026-10-09,PRJNA1137057,SAMN42565725,host_nonhuman,host,Mus musculus
2026-10-09,PRJNA1137057,SAMN42565212,host_nonhuman,host,Mus musculus
2026-10-09,PRJNA637878,SAMN15803879,host_nonhuman,host,Mus musculus
2026-10-09,PRJNA770295,SAMN22252787,host_nonhuman,host,Mus musculus
2026-10-09,PRJEB58441,SAMEA112254540,host_nonhuman,host,Pan troglodytes
2026-10-09,PRJNA1137057,SAMN42564970,host_nonhuman,host,Mus musculus
2026-10-09,PRJNA1137057,SAMN42565046,host_nonhuman,host,Mus musculus
2026-10-09,PRJNA678871,SAMN16825091,host_nonhuman,host,Chicken
2026-10-09,PRJNA1137057,SAMN42565247,host_nonhuman,host,Mus musculus
2026-10-09,PRJNA964705,SAMN34495995,host_nonhuman,host,Bos taurus
2026-10-09,PRJNA1137057,SAMN42565005,host_nonhuman,host,Mus musculus
2026-10-09,PRJNA678871,SAMN16825114,host_nonhuman,host,Chicken
2026-10-09,PRJNA1137057,SAMN42564802,host_nonhuman,host,Mus musculus
2026-10-09,PRJNA964705,SAMN34495736,host_nonhuman,host,Bos taurus
2026-10-09,PRJNA1025016,SAMN37722427,host_nonhuman,host,Mus musculus
2026-10-09,PRJNA637878,SAMN15803884,host_nonhuman,host,Mus musculus
2026-10-09,PRJNA678871,SAMN16825098,host_nonhuman,host,Chicken
2026-10-09,PRJNA1137057,SAMN42565331,host_nonhuman,host,Mus musculus
2026-10-09,PRJNA1137057,SAMN42565564,host_nonhuman,host,Mus musculus
2026-10-09,PRJNA575186,SAMN12879245,host_nonhuman,host,Mouse
2026-10-09,PRJNA427653,SAMN08242269,host_nonhuman,host,Sheep
2026-10-09,PRJNA1137057,SAMN42564835,host_nonhuman,host,Mus musculus
2026-10-09,PRJNA1238458,SAMN47793434,host_nonhuman,host,Mus musculus
2026-10-09,PRJNA1268608,SAMN56631114,host_nonhuman,host,Mus musculus
2026-10-09,PRJNA1137057,SAMN42565452,host_nonhuman,host,Mus musculus
2026-10-09,PRJNA575186,SAMN12879230,host_nonhuman,host,Mouse
2026-10-09,PRJNA942264,SAMN57334974,other,host,synthetic
2026-10-09,PRJNA539933,SAMN11515209,host_nonhuman,host,Pan troglodytes troglodytes
2026-10-09,PRJNA770295,SAMN25811395,host_nonhuman,host,Mus musculus
2026-10-09,PRJNA684454,SAMN17062685,host_nonhuman,host,Bos taurus
2026-10-09,PRJNA450709,SAMN08958757,host_nonhuman,host,mouse
2026-10-09,PRJNA964705,SAMN34495953,host_nonhuman,host,Bos taurus
2026-10-09,PRJNA684454,SAMN17215453,host_nonhuman,host,Bos taurus
2026-10-09,PRJNA684454,SAMN17215540,host_nonhuman,host,Sus scrofa
2026-10-09,PRJNA1137057,SAMN42568894,host_nonhuman,host,Mus musculus
2026-10-09,PRJNA1137057,SAMN42565349,host_nonhuman,host,Mus musculus
2026-10-09,PRJNA1137057,SAMN42568845,host_nonhuman,host,Mus musculus
2026-10-09,PRJNA1183628,SAMN44631347,host_nonhuman,host,Rattus norvegicus
2026-10-09,PRJNA964705,SAMN34496060,host_nonhuman,host,Bos taurus
2026-10-09,PRJNA1137057,SAMN42569012,host_nonhuman,host,Mus musculus
2026-10-09,PRJNA1137057,SAMN42568909,host_nonhuman,host,Mus musculus
2026-10-09,PRJNA964705,SAMN34496244,host_nonhuman,host,Bos taurus
2026-10-09,PRJNA1137057,SAMN42564909,host_nonhuman,host,Mus musculus
2026-10-09,PRJNA427653,SAMN08242262,host_nonhuman,host,Horse
2026-10-09,PRJNA1137057,SAMN42565385,host_nonhuman,host,Mus musculus
2026-10-09,PRJNA539933,SAMN11515199,host_nonhuman,host,Pan troglodytes troglodytes
2026-10-09,PRJNA964705,SAMN34495926,host_nonhuman,host,Bos taurus
2026-10-09,PRJNA1337640,SAMN52380199,host_nonhuman,host,Mus musculus
2026-10-09,PRJNA732769,SAMN19340529,host_nonhuman,host,C57/BL6 mouse
2026-10-09,PRJNA1137057,SAMN42565681,host_nonhuman,host,Mus musculus
2026-10-09,PRJNA831236,SAMN27749370,host_nonhuman,host,Mus musculus
2026-10-09,PRJNA1066070,SAMN39458693,host_nonhuman,host,Mus musculus
2026-10-09,PRJNA1137057,SAMN42565407,host_nonhuman,host,Mus musculus
2026-10-09,PRJNA575186,SAMN12879242,host_nonhuman,host,Mouse
2026-10-09,PRJNA1155655,SAMN43463041,host_nonhuman,host,mouse
2026-10-09,PRJNA942264,SAMN33681708,other,host,synthetic
2026-10-09,PRJNA1025016,SAMN37722335,host_nonhuman,host,Mus musculus
2026-10-09,PRJNA605251,SAMN14052677,host_nonhuman,host,Bos taurus
2026-10-09,PRJNA450709,SAMN08958673,host_nonhuman,host,mouse
2026-10-09,PRJNA1137057,SAMN42564879,host_nonhuman,host,Mus musculus
2026-10-09,PRJNA1137057,SAMN42568925,host_nonhuman,host,Mus musculus
2026-10-09,PRJNA1137057,SAMN42565033,host_nonhuman,host,Mus musculus
2026-10-09,PRJNA1137057,SAMN42565508,host_nonhuman,host,Mus musculus
2026-10-09,PRJNA1115089,SAMN41661980,host_nonhuman,host,Mus musculus
2026-10-09,PRJNA539933,SAMN11515232,host_nonhuman,host,Gorilla gorilla gorilla
2026-10-09,PRJNA1137057,SAMN42565017,host_nonhuman,host,Mus musculus
2026-10-09,PRJNA1137057,SAMN42565109,host_nonhuman,host,Mus musculus
2026-10-09,PRJNA450709,SAMN08958704,host_nonhuman,host,mouse
2026-10-09,PRJNA1268608,SAMN48758682,host_nonhuman,host,Mus musculus
2026-10-09,PRJNA450709,SAMN08958692,host_nonhuman,host,mouse
2026-10-09,PRJNA1137057,SAMN42565256,host_nonhuman,host,Mus musculus
2026-10-09,PRJNA964705,SAMN34496304,host_nonhuman,host,Bos taurus
2026-10-09,PRJNA767648,SAMN21923122,host_nonhuman,host,Mus musculus
2026-10-09,PRJNA678871,SAMN16825095,host_nonhuman,host,Chicken
2026-10-09,PRJNA450709,SAMN08958647,host_nonhuman,host,mouse
2026-10-09,PRJNA684454,SAMN17062654,host_nonhuman,host,Gallus gallus
2026-10-09,PRJNA450709,SAMN08958686,host_nonhuman,host,mouse
2026-10-09,PRJNA450709,SAMN08958660,host_nonhuman,host,mouse
2026-10-09,PRJNA1137057,SAMN42568936,host_nonhuman,host,Mus musculus
2026-10-09,PRJNA1137057,SAMN42569045,host_nonhuman,host,Mus musculus
2026-10-09,PRJNA1268608,SAMN48758714,host_nonhuman,host,Mus musculus
2026-10-09,PRJNA1137057,SAMN42568971,host_nonhuman,host,Mus musculus
2026-10-09,PRJNA684454,SAMN17279151,host_nonhuman,host,Sus scrofa
2026-10-09,PRJNA1268608,SAMN56631130,host_nonhuman,host,Mus musculus
2026-10-09,PRJNA1137057,SAMN42569005,host_nonhuman,host,Mus musculus
2026-10-09,PRJNA1155655,SAMN43463091,host_nonhuman,host,mouse
2026-10-09,PRJNA1025016,SAMN37722336,host_nonhuman,host,Mus musculus
2026-10-09,PRJNA964705,SAMN34496150,host_nonhuman,host,Bos taurus
2026-10-09,PRJNA1137057,SAMN42568929,host_nonhuman,host,Mus musculus
2026-10-09,PRJNA454826,SAMN13091330,host_nonhuman,host,Mus musculus
2026-10-09,PRJNA678871,SAMN16825071,host_nonhuman,host,Chicken
2026-10-09,PRJNA878528,SAMN54929679,host_nonhuman,host,Mus musculus
2026-10-09,PRJNA1137057,SAMN42565014,host_nonhuman,host,Mus musculus
2026-10-09,PRJNA1025016,SAMN37722338,host_nonhuman,host,Mus musculus
2026-10-09,PRJNA1137057,SAMN42568976,host_nonhuman,host,Mus musculus
2026-10-09,PRJNA770295,SAMN22252811,host_nonhuman,host,Mus musculus
2026-10-09,PRJNA1137057,SAMN42568938,host_nonhuman,host,Mus musculus
2026-10-09,PRJNA1009084,SAMN37145888,host_nonhuman,host,Mus musculus
2026-10-09,PRJNA1137057,SAMN42568630,host_nonhuman,host,Mus musculus
2026-10-09,PRJNA1137057,SAMN42568827,host_nonhuman,host,Mus musculus
2026-10-09,PRJNA1137057,SAMN42568491,host_nonhuman,host,Mus musculus
2026-10-09,PRJNA1137057,SAMN42564833,host_nonhuman,host,Mus musculus
2026-10-09,PRJNA1009084,SAMN37145920,host_nonhuman,host,Mus musculus
2026-10-09,PRJNA1137057,SAMN42565302,host_nonhuman,host,Mus musculus
2026-10-09,PRJNA1025016,SAMN37722418,host_nonhuman,host,Mus musculus
2026-10-09,PRJNA997572,SAMN36682527,host_nonhuman,host,Mus musculus
2026-10-09,PRJNA684454,SAMN17279168,host_nonhuman,host,Bos taurus
2026-10-09,PRJNA450709,SAMN08958613,host_nonhuman,host,mouse
2026-10-09,PRJEB58441,SAMEA112254387,host_nonhuman,host,Pan troglodytes
2026-10-09,PRJNA942264,SAMN33681747,other,host,synthetic
2026-10-09,PRJNA1137057,SAMN42568583,host_nonhuman,host,Mus musculus
2026-10-09,PRJNA831236,SAMN27749386,host_nonhuman,host,Mus musculus
2026-10-09,PRJNA1025016,SAMN37722402,host_nonhuman,host,Mus musculus
2026-10-09,PRJNA684454,SAMN17279179,host_nonhuman,host,Sus scrofa
2026-10-09,PRJNA1137057,SAMN42565245,host_nonhuman,host,Mus musculus
2026-10-09,PRJNA1137057,SAMN42568873,host_nonhuman,host,Mus musculus
2026-10-09,PRJNA1137057,SAMN42565352,host_nonhuman,host,Mus musculus
2026-10-09,PRJNA1137057,SAMN42568838,host_nonhuman,host,Mus musculus
2026-10-09,PRJNA942264,SAMN33681685,other,host,synthetic
2026-10-09,PRJNA1025016,SAMN37722396,host_nonhuman,host,Mus musculus
2026-10-09,PRJNA964705,SAMN34495688,host_nonhuman,host,Bos taurus
2026-10-09,PRJNA964705,SAMN34495676,host_nonhuman,host,Bos taurus
2026-10-09,PRJNA942264,SAMN33681753,other,host,synthetic
2026-10-09,PRJNA1137057,SAMN42568474,host_nonhuman,host,Mus musculus
2026-10-09,PRJNA1137057,SAMN42568466,host_nonhuman,host,Mus musculus
2026-10-09,PRJNA964705,SAMN34496146,host_nonhuman,host,Bos taurus
2026-10-09,PRJNA1137057,SAMN42565421,host_nonhuman,host,Mus musculus
2026-10-09,PRJNA1137057,SAMN42568455,host_nonhuman,host,Mus musculus
2026-10-09,PRJNA684454,SAMN17215454,host_nonhuman,host,Bos taurus
2026-10-09,PRJNA1137057,SAMN42565423,host_nonhuman,host,Mus musculus
2026-10-09,PRJNA1137057,SAMN42568754,host_nonhuman,host,Mus musculus
2026-10-09,PRJNA1137057,SAMN42568487,host_nonhuman,host,Mus musculus
2026-10-09,PRJNA1268608,SAMN48758696,host_nonhuman,host,Mus musculus
2026-10-09,PRJNA595966,SAMN13578163,host_nonhuman,host,Mus musculus
2026-10-09,PRJNA1268608,SAMN56631104,host_nonhuman,host,Mus musculus
2026-10-09,PRJNA1137057,SAMN42568456,host_nonhuman,host,Mus musculus
2026-10-09,PRJNA1137057,SAMN42565435,host_nonhuman,host,Mus musculus
2026-10-09,PRJNA1137057,SAMN42564960,host_nonhuman,host,Mus musculus
2026-10-09,PRJEB58441,SAMEA112254530,host_nonhuman,host,Pan troglodytes
2026-10-09,PRJNA1137057,SAMN42565562,host_nonhuman,host,Mus musculus
2026-10-09,PRJNA964705,SAMN34495958,host_nonhuman,host,Bos taurus
2026-10-09,PRJNA964705,SAMN34495863,host_nonhuman,host,Bos taurus
2026-10-09,PRJNA1137057,SAMN42565503,host_nonhuman,host,Mus musculus
2026-10-09,PRJNA1137057,SAMN42565563,host_nonhuman,host,Mus musculus
2026-10-09,PRJNA964705,SAMN34496209,host_nonhuman,host,Bos taurus
2026-10-09,PRJNA1209134,SAMN46208708,host_nonhuman,host,mouse
2026-10-09,PRJNA1137057,SAMN42565218,host_nonhuman,host,Mus musculus
2026-10-09,PRJNA997572,SAMN36682523,host_nonhuman,host,Mus musculus
2026-10-09,PRJNA450709,SAMN08958642,host_nonhuman,host,mouse
2026-10-09,PRJNA1137057,SAMN42568950,host_nonhuman,host,Mus musculus
2026-10-09,PRJNA1137057,SAMN42565092,host_nonhuman,host,Mus musculus
2026-10-09,PRJNA1137057,SAMN42565172,host_nonhuman,host,Mus musculus
2026-10-09,PRJNA1025016,SAMN37722419,host_nonhuman,host,Mus musculus
2026-10-09,PRJNA1137057,SAMN42565416,host_nonhuman,host,Mus musculus
2026-10-09,PRJNA1155655,SAMN43463040,host_nonhuman,host,mouse
2026-10-09,PRJNA1238458,SAMN47793429,host_nonhuman,host,Mus musculus
2026-10-09,PRJNA767648,SAMN21923151,host_nonhuman,host,Mus musculus
2026-10-09,PRJNA678871,SAMN16825120,host_nonhuman,host,Chicken
2026-10-09,PRJNA964705,SAMN34496046,host_nonhuman,host,Bos taurus
2026-10-09,PRJNA770295,SAMN22581349,host_nonhuman,host,Mus musculus
2026-10-09,PRJNA964705,SAMN34495697,host_nonhuman,host,Bos taurus
2026-10-09,PRJNA1137057,SAMN42565315,host_nonhuman,host,Mus musculus
2026-10-09,PRJNA1137057,SAMN42565494,host_nonhuman,host,Mus musculus
2026-10-09,PRJNA1137057,SAMN42564840,host_nonhuman,host,Mus musculus
2026-10-09,PRJNA1219628,SAMN47247314,host_nonhuman,host,Mus musculus
2026-10-09,PRJNA878528,SAMN54929686,host_nonhuman,host,Mus musculus
2026-10-09,PRJNA1137057,SAMN42565028,host_nonhuman,host,Mus musculus
2026-10-09,PRJNA1238458,SAMN47793416,host_nonhuman,host,Mus musculus
2026-10-09,PRJNA1137057,SAMN42565748,host_nonhuman,host,Mus musculus
2026-10-09,PRJNA1268608,SAMN48758725,host_nonhuman,host,Mus musculus
2026-10-09,PRJNA1137057,SAMN42565460,host_nonhuman,host,Mus musculus
2026-10-09,PRJNA942264,SAMN33681684,other,host,synthetic
2026-10-09,PRJNA964705,SAMN34495784,host_nonhuman,host,Bos taurus
2026-10-09,PRJNA732769,SAMN19340495,host_nonhuman,host,C57/BL6 mouse
2026-10-09,PRJNA1155655,SAMN43463026,host_nonhuman,host,mouse
2026-10-09,PRJNA1337640,SAMN52380200,host_nonhuman,host,Mus musculus
2026-10-09,PRJNA942264,SAMN33681809,other,host,synthetic
2026-10-09,PRJNA1137057,SAMN42565489,host_nonhuman,host,Mus musculus
2026-10-09,PRJNA1268608,SAMN48758737,host_nonhuman,host,Mus musculus
2026-10-09,PRJNA427653,SAMN08242299,host_nonhuman,host,Goat
2026-10-09,PRJNA942264,SAMN57334950,host_nonhuman,host,Mus musculus
2026-10-09,PRJNA1009084,SAMN37145879,host_nonhuman,host,Mus musculus
2026-10-09,PRJNA450709,SAMN08958687,host_nonhuman,host,mouse
2026-10-09,PRJNA1137057,SAMN42565401,host_nonhuman,host,Mus musculus
2026-10-09,PRJNA964705,SAMN34496283,host_nonhuman,host,Bos taurus
2026-10-09,PRJNA964705,SAMN34496103,host_nonhuman,host,Bos taurus
2026-10-09,PRJNA1115089,SAMN41661985,host_nonhuman,host,Mus musculus
2026-10-09,PRJNA1137057,SAMN42568825,host_nonhuman,host,Mus musculus
2026-10-09,PRJNA1137057,SAMN42568477,host_nonhuman,host,Mus musculus
2026-10-09,PRJNA997572,SAMN36682515,host_nonhuman,host,Mus musculus
2026-10-09,PRJNA1137057,SAMN42565738,host_nonhuman,host,Mus musculus
2026-10-09,PRJNA1137057,SAMN42564949,host_nonhuman,host,Mus musculus
2026-10-09,PRJNA595966,SAMN13578106,host_nonhuman,host,Mus musculus
2026-10-09,PRJNA964705,SAMN34496216,host_nonhuman,host,Bos taurus
2026-10-09,PRJNA1137057,SAMN42568619,host_nonhuman,host,Mus musculus
2026-10-09,PRJNA769748,SAMN22169227,host_nonhuman,host,mouse
2026-10-09,PRJNA1137057,SAMN42564859,host_nonhuman,host,Mus musculus
2026-10-09,PRJEB58441,SAMEA112254676,host_nonhuman,host,Pan troglodytes
2026-10-09,PRJNA942264,SAMN33681713,other,host,synthetic
2026-10-09,PRJNA982563,SAMN35710538,host_nonhuman,host,Sus scrofa
2026-10-09,PRJNA1025016,SAMN37722370,host_nonhuman,host,Mus musculus
2026-10-09,PRJNA1009084,SAMN37145905,host_nonhuman,host,Mus musculus
2026-10-09,PRJNA1137057,SAMN42565027,host_nonhuman,host,Mus musculus
2026-10-09,PRJNA595966,SAMN13578062,host_nonhuman,host,Mus musculus
2026-10-09,PRJNA1009084,SAMN37145894,host_nonhuman,host,Mus musculus
2026-10-09,PRJNA964705,SAMN34496019,host_nonhuman,host,Bos taurus
2026-10-09,PRJNA769748,SAMN22169219,host_nonhuman,host,mouse
2026-10-09,PRJNA1025016,SAMN37722332,host_nonhuman,host,Mus musculus
2026-10-09,PRJNA1137057,SAMN42565353,host_nonhuman,host,Mus musculus
2026-10-09,PRJNA964705,SAMN34496126,host_nonhuman,host,Bos taurus
2026-10-09,PRJNA1137057,SAMN42568966,host_nonhuman,host,Mus musculus
2026-10-09,PRJNA1137057,SAMN42568596,host_nonhuman,host,Mus musculus
2026-10-09,PRJNA684454,SAMN17215428,host_nonhuman,host,Bos taurus
2026-10-09,PRJNA1268608,SAMN48758683,host_nonhuman,host,Mus musculus
2026-10-09,PRJNA684454,SAMN17215448,host_nonhuman,host,Bos taurus
2026-10-09,PRJNA942264,SAMN33681730,other,host,synthetic
2026-10-09,PRJNA450709,SAMN08964115,host_nonhuman,host,mouse
2026-10-09,PRJNA397664,SAMN07490681,host_nonhuman,host,Mus musculus
2026-10-09,PRJNA732769,SAMN19340543,host_nonhuman,host,C57/BL6 mouse
2026-10-09,PRJNA397664,SAMN07490679,host_nonhuman,host,Mus musculus
2026-10-09,PRJNA1137057,SAMN42568808,host_nonhuman,host,Mus musculus
2026-10-09,PRJNA942264,SAMN33681802,other,host,synthetic
2026-10-09,PRJNA1137057,SAMN42568458,host_nonhuman,host,Mus musculus
2026-10-09,PRJNA964705,SAMN34495825,host_nonhuman,host,Bos taurus
2026-10-09,PRJNA450709,SAMN08958726,host_nonhuman,host,mouse
2026-10-09,PRJNA942264,SAMN33681726,other,host,synthetic
2026-10-09,PRJNA684454,SAMN17279173,host_nonhuman,host,Gallus gallus
2026-10-09,PRJNA964705,SAMN34495665,host_nonhuman,host,Bos taurus
2026-10-09,PRJNA684454,SAMN17062648,host_nonhuman,host,Gallus gallus
2026-10-09,PRJNA878528,SAMN54929680,host_nonhuman,host,Mus musculus
2026-10-09,PRJNA454826,SAMN13091327,host_nonhuman,host,Mus musculus
2026-10-09,PRJNA1183628,SAMN44631343,host_nonhuman,host,Rattus norvegicus
2026-10-09,PRJNA732769,SAMN19340514,host_nonhuman,host,C57/BL6 mouse
2026-10-09,PRJEB58441,SAMEA112254664,host_nonhuman,host,Pan troglodytes
2026-10-09,PRJNA732769,SAMN19340539,host_nonhuman,host,C57/BL6 mouse
2026-10-09,PRJNA1137057,SAMN42565473,host_nonhuman,host,Mus musculus
2026-10-09,PRJNA1137057,SAMN42565048,host_nonhuman,host,Mus musculus
2026-10-09,PRJNA964705,SAMN34495750,host_nonhuman,host,Bos taurus
2026-10-09,PRJNA964705,SAMN34496138,host_nonhuman,host,Bos taurus
2026-10-09,PRJNA450709,SAMN08964105,host_nonhuman,host,mouse
2026-10-09,PRJNA1137057,SAMN42568529,host_nonhuman,host,Mus musculus
2026-10-09,PRJNA1155655,SAMN43463023,host_nonhuman,host,mouse
2026-10-09,PRJNA942264,SAMN33681815,other,host,synthetic
2026-10-09,PRJNA678871,SAMN18063310,host_nonhuman,host,Chicken
2026-10-09,PRJNA732769,SAMN19340512,host_nonhuman,host,C57/BL6 mouse
2026-10-09,PRJNA450709,SAMN08958765,host_nonhuman,host,mouse
2026-10-09,PRJNA964705,SAMN34496217,host_nonhuman,host,Bos taurus
2026-10-09,PRJNA595966,SAMN13578056,host_nonhuman,host,Mus musculus
2026-10-09,PRJNA964705,SAMN34495999,host_nonhuman,host,Bos taurus
2026-10-09,PRJNA684454,SAMN17215478,host_nonhuman,host,Gallus gallus
2026-10-09,PRJNA1238458,SAMN47793435,host_nonhuman,host,Mus musculus
2026-10-09,PRJNA1025016,SAMN37722428,host_nonhuman,host,Mus musculus
2026-10-09,PRJNA770295,SAMN25811411,host_nonhuman,host,Mus musculus
2026-10-09,PRJNA450709,SAMN08958619,host_nonhuman,host,mouse
2026-10-09,PRJNA1137057,SAMN42568621,host_nonhuman,host,Mus musculus
2026-10-09,PRJNA1137057,SAMN42565702,host_nonhuman,host,Mus musculus
2026-10-09,PRJNA942264,SAMN33681662,other,host,synthetic
2026-10-09,PRJNA1025016,SAMN37722431,host_nonhuman,host,Mus musculus
2026-10-09,PRJNA1137057,SAMN42565064,host_nonhuman,host,Mus musculus
2026-10-09,PRJNA450709,SAMN08958774,host_nonhuman,host,mouse
2026-10-09,PRJNA770295,SAMN22581337,host_nonhuman,host,Mus musculus
2026-10-09,PRJNA454826,SAMN13091318,host_nonhuman,host,Mus musculus
2026-10-09,PRJNA964705,SAMN34495762,host_nonhuman,host,Bos taurus
2026-10-09,PRJNA450709,SAMN08958643,host_nonhuman,host,mouse
2026-10-09,PRJNA1137057,SAMN42565438,host_nonhuman,host,Mus musculus
2026-10-09,PRJNA1137057,SAMN42565386,host_nonhuman,host,Mus musculus
2026-10-09,PRJNA1137057,SAMN42568572,host_nonhuman,host,Mus musculus
2026-10-09,PRJNA678871,SAMN16825084,host_nonhuman,host,Chicken
2026-10-09,PRJNA397664,SAMN07490673,host_nonhuman,host,Mus musculus
2026-10-09,PRJNA684454,SAMN17215476,host_nonhuman,host,Gallus gallus
2026-10-09,PRJNA964705,SAMN34496096,host_nonhuman,host,Bos taurus
2026-10-09,PRJNA1209134,SAMN46208662,host_nonhuman,host,mouse
2026-10-09,PRJNA1137057,SAMN42568914,host_nonhuman,host,Mus musculus
2026-10-09,PRJNA684454,SAMN17279156,host_nonhuman,host,Sus scrofa
2026-10-09,PRJNA964705,SAMN34495925,host_nonhuman,host,Bos taurus
2026-10-09,PRJNA964705,SAMN34496368,host_nonhuman,host,Bos taurus
2026-10-09,PRJNA1238458,SAMN47793415,host_nonhuman,host,Mus musculus
2026-10-09,PRJNA1137057,SAMN42564793,host_nonhuman,host,Mus musculus
2026-10-09,PRJNA1009084,SAMN37145913,host_nonhuman,host,Mus musculus
2026-10-09,PRJNA1137057,SAMN42568816,host_nonhuman,host,Mus musculus
2026-10-09,PRJNA964705,SAMN34496156,host_nonhuman,host,Bos taurus
2026-10-09,PRJNA831236,SAMN27749399,host_nonhuman,host,Mus musculus
2026-10-09,PRJNA964705,SAMN34496030,host_nonhuman,host,Bos taurus
2026-10-09,PRJNA595966,SAMN13578095,host_nonhuman,host,Mus musculus
2026-10-09,PRJNA878528,SAMN54929676,host_nonhuman,host,Mus musculus
2026-10-09,PRJEB58441,SAMEA112254109,host_nonhuman,host,Pan troglodytes
2026-10-09,PRJNA1137057,SAMN42564855,host_nonhuman,host,Mus musculus
2026-10-09,PRJNA1137057,SAMN42564849,host_nonhuman,host,Mus musculus
2026-10-09,PRJNA1209134,SAMN46208674,host_nonhuman,host,mouse
2026-10-09,PRJNA1337640,SAMN52380201,host_nonhuman,host,Mus musculus
2026-10-09,PRJNA1137057,SAMN42568508,host_nonhuman,host,Mus musculus
2026-10-09,PRJNA684454,SAMN17062655,host_nonhuman,host,Gallus gallus
2026-10-09,PRJNA769748,SAMN22169233,host_nonhuman,host,mouse
2026-10-09,PRJNA678871,SAMN16825055,host_nonhuman,host,Chicken
2026-10-09,PRJNA450709,SAMN08958744,host_nonhuman,host,mouse
2026-10-09,PRJNA678871,SAMN16825063,host_nonhuman,host,Chicken
2026-10-09,PRJNA1025016,SAMN37722362,host_nonhuman,host,Mus musculus
2026-10-09,PRJNA1137057,SAMN42565054,host_nonhuman,host,Mus musculus
2026-10-09,PRJNA767648,SAMN21923157,host_nonhuman,host,Mus musculus
2026-10-09,PRJNA1137057,SAMN42564854,host_nonhuman,host,Mus musculus
2026-10-09,PRJNA878528,SAMN54929671,host_nonhuman,host,Mus musculus
2026-10-09,PRJNA1155655,SAMN43463037,host_nonhuman,host,mouse
2026-10-09,PRJNA684454,SAMN17215526,host_nonhuman,host,Bos taurus
2026-10-09,PRJNA770295,SAMN25811369,host_nonhuman,host,Mus musculus
2026-10-09,PRJNA1155655,SAMN43463077,host_nonhuman,host,mouse
2026-10-09,PRJNA1115089,SAMN41576899,host_nonhuman,host,Mus musculus
2026-10-09,PRJNA1209134,SAMN46208714,host_nonhuman,host,mouse
2026-10-09,PRJNA450709,SAMN08958708,host_nonhuman,host,mouse
2026-10-09,PRJNA1137057,SAMN42568776,host_nonhuman,host,Mus musculus
2026-10-09,PRJNA1115089,SAMN41661976,host_nonhuman,host,Mus musculus
2026-10-09,PRJNA1183628,SAMN44631375,host_nonhuman,host,Rattus norvegicus
2026-10-09,PRJNA450709,SAMN08964099,host_nonhuman,host,mouse
2026-10-09,PRJNA1219628,SAMN47247308,host_nonhuman,host,Mus musculus
2026-10-09,PRJNA595966,SAMN13578075,host_nonhuman,host,Mus musculus
2026-10-09,PRJNA1155655,SAMN43463083,host_nonhuman,host,mouse
2026-10-09,PRJNA1137057,SAMN42565577,host_nonhuman,host,Mus musculus
2026-10-09,PRJNA964705,SAMN34495678,host_nonhuman,host,Bos taurus
2026-10-09,PRJNA1137057,SAMN42565532,host_nonhuman,host,Mus musculus
2026-10-09,PRJNA964705,SAMN34496255,host_nonhuman,host,Bos taurus
2026-10-09,PRJNA427653,SAMN08242265,host_nonhuman,host,Horse
2026-10-09,PRJNA684454,SAMN17279177,host_nonhuman,host,Gallus gallus
2026-10-09,PRJNA1219628,SAMN47247340,host_nonhuman,host,Mus musculus
2026-10-09,PRJNA1137057,SAMN42568986,host_nonhuman,host,Mus musculus
2026-10-09,PRJNA964705,SAMN34496303,host_nonhuman,host,Bos taurus
2026-10-09,PRJNA769748,SAMN22169195,host_nonhuman,host,mouse
2026-10-09,PRJNA661048,SAMN15968263,host_nonhuman,host,Gorilla
2026-10-09,PRJNA964705,SAMN34496091,host_nonhuman,host,Bos taurus
2026-10-09,PRJNA1268608,SAMN48758689,host_nonhuman,host,Mus musculus
2026-10-09,PRJNA1137057,SAMN42568738,host_nonhuman,host,Mus musculus
2026-10-09,PRJNA1238458,SAMN47793445,host_nonhuman,host,Mus musculus
2026-10-09,PRJNA1137057,SAMN42568580,host_nonhuman,host,Mus musculus
2026-10-09,PRJNA684454,SAMN17215459,host_nonhuman,host,Bos taurus
2026-10-09,PRJNA1137057,SAMN42565605,host_nonhuman,host,Mus musculus
2026-10-09,PRJNA1137057,SAMN42568727,host_nonhuman,host,Mus musculus
2026-10-09,PRJNA684454,SAMN17215433,host_nonhuman,host,Bos taurus
2026-10-09,PRJNA964705,SAMN34496233,host_nonhuman,host,Bos taurus
2026-10-09,PRJNA1372133,SAMN54950373,host_nonhuman,host,Bos taurus
2026-10-09,PRJNA1372133,SAMN54950376,host_nonhuman,host,Bos taurus
2026-10-09,PRJNA1372133,SAMN54950377,host_nonhuman,host,Bos taurus
2026-10-09,PRJNA1372133,SAMN54950378,host_nonhuman,host,Bos taurus
2026-10-09,PRJNA1372133,SAMN54950380,host_nonhuman,host,Bos taurus
2026-10-09,PRJNA1372133,SAMN54950383,host_nonhuman,host,Bos taurus
2026-10-09,PRJNA1372133,SAMN54950390,host_nonhuman,host,Bos taurus
2026-10-09,PRJNA1372133,SAMN54950397,host_nonhuman,host,Bos taurus
2026-10-09,PRJNA1372133,SAMN54950403,host_nonhuman,host,Bos taurus
2026-10-09,PRJNA1372133,SAMN54950404,host_nonhuman,host,Bos taurus
2026-10-09,PRJNA1372133,SAMN54950414,host_nonhuman,host,Bos taurus
2026-10-09,PRJNA1372133,SAMN54950415,host_nonhuman,host,Bos taurus
2026-10-09,PRJNA1372133,SAMN54950417,host_nonhuman,host,Bos taurus
2026-10-09,PRJNA1372133,SAMN54950423,host_nonhuman,host,Bos taurus
2026-10-09,PRJNA1372133,SAMN54950424,host_nonhuman,host,Bos taurus
2026-10-09,PRJNA1372133,SAMN54950430,host_nonhuman,host,Bos taurus
2026-10-09,PRJNA1372133,SAMN54950431,host_nonhuman,host,Bos taurus
2026-10-09,PRJNA1372133,SAMN54950432,host_nonhuman,host,Bos taurus
2026-10-09,PRJNA1372133,SAMN54950433,host_nonhuman,host,Bos taurus
2026-10-09,PRJNA1372133,SAMN54950434,host_nonhuman,host,Bos taurus
2026-10-09,PRJNA1472735,SAMN60516010,host_nonhuman,host,Mus musculus
2026-10-09,PRJNA1472735,SAMN60516016,host_nonhuman,host,Mus musculus
2026-10-09,PRJNA1472735,SAMN60516019,host_nonhuman,host,Mus musculus
2026-10-09,PRJNA1472735,SAMN60516020,host_nonhuman,host,Mus musculus
2026-10-09,PRJNA1514052,SAMN62477223,host_nonhuman,host,Mus musculus
2026-10-09,PRJNA1514052,SAMN62477227,host_nonhuman,host,Mus musculus
2026-10-09,PRJNA1514052,SAMN62477238,host_nonhuman,host,Mus musculus
2026-10-09,PRJNA1514052,SAMN62477242,host_nonhuman,host,Mus musculus
2026-10-09,PRJNA1514052,SAMN62477244,host_nonhuman,host,Mus musculus
2026-10-09,PRJNA1514052,SAMN62477246,host_nonhuman,host,Mus musculus
2026-10-09,PRJNA1514052,SAMN62477247,host_nonhuman,host,Mus musculus
2026-10-09,PRJNA1514052,SAMN62477251,host_nonhuman,host,Mus musculus
2026-10-09,PRJNA1514052,SAMN62477257,host_nonhuman,host,Mus musculus
2026-10-09,PRJNA539933,SAMN11515212,host_nonhuman,host,Pan troglodytes troglodytes
2026-10-09,PRJNA964705,SAMN34496289,host_nonhuman,host,Bos taurus
2026-10-09,PRJNA539933,SAMN11515222,host_nonhuman,host,Gorilla gorilla gorilla
2026-10-09,PRJNA1137057,SAMN42568462,host_nonhuman,host,Mus musculus
2026-10-09,PRJNA964705,SAMN34495997,host_nonhuman,host,Bos taurus
2026-10-09,PRJNA1137057,SAMN42565050,host_nonhuman,host,Mus musculus
2026-10-09,PRJNA769748,SAMN22169196,host_nonhuman,host,mouse
2026-10-09,PRJNA964705,SAMN34496285,host_nonhuman,host,Bos taurus
2026-10-09,PRJNA964705,SAMN34495871,host_nonhuman,host,Bos taurus
2026-10-09,PRJNA678871,SAMN16825115,host_nonhuman,host,Chicken
2026-10-09,PRJNA454826,SAMN13091313,host_nonhuman,host,Mus musculus
2026-10-09,PRJNA596121,SAMN13613328,host_nonhuman,host,Mouse
2026-10-09,PRJEB58441,SAMEA112254544,host_nonhuman,host,Pan troglodytes
2026-10-09,PRJNA878528,SAMN54929682,host_nonhuman,host,Mus musculus
2026-10-09,PRJNA1025016,SAMN37722352,host_nonhuman,host,Mus musculus
2026-10-09,PRJNA1137057,SAMN42568997,host_nonhuman,host,Mus musculus
2026-10-09,PRJNA1268608,SAMN56631125,host_nonhuman,host,Mus musculus
2026-10-09,PRJNA595966,SAMN13578148,host_nonhuman,host,Mus musculus
2026-10-09,PRJNA1137057,SAMN42565654,host_nonhuman,host,Mus musculus
2026-10-09,PRJNA595966,SAMN13578113,host_nonhuman,host,Mus musculus
2026-10-09,PRJNA1025016,SAMN37722347,host_nonhuman,host,Mus musculus
2026-10-09,PRJNA942264,SAMN33681817,other,host,synthetic
2026-10-09,PRJNA964705,SAMN34496155,host_nonhuman,host,Bos taurus
2026-10-09,PRJNA1219628,SAMN47247292,host_nonhuman,host,Mus musculus
2026-10-09,PRJNA1337640,SAMN52380196,host_nonhuman,host,Mus musculus
2026-10-09,PRJNA1268608,SAMN48758756,host_nonhuman,host,Mus musculus
2026-10-09,PRJNA539933,SAMN11515220,host_nonhuman,host,Gorilla gorilla gorilla
2026-10-09,PRJNA684454,SAMN17279174,host_nonhuman,host,Gallus gallus
2026-10-09,PRJNA770295,SAMN25811404,host_nonhuman,host,Mus musculus
2026-10-09,PRJNA964705,SAMN34495832,host_nonhuman,host,Bos taurus
2026-10-09,PRJNA1219628,SAMN47247299,host_nonhuman,host,Mus musculus
2026-10-09,PRJNA1137057,SAMN42565568,host_nonhuman,host,Mus musculus
2026-10-09,PRJNA450709,SAMN08958770,host_nonhuman,host,mouse
2026-10-09,PRJNA1155655,SAMN43463066,host_nonhuman,host,mouse
2026-10-09,PRJEB58441,SAMEA112254401,host_nonhuman,host,Pan troglodytes
2026-10-09,PRJNA942264,SAMN33681728,other,host,synthetic
2026-10-09,PRJNA539933,SAMN11515198,host_nonhuman,host,Pan troglodytes troglodytes
2026-10-09,PRJNA1137057,SAMN42569017,host_nonhuman,host,Mus musculus
2026-10-09,PRJNA997572,SAMN36682531,host_nonhuman,host,Mus musculus
2026-10-09,PRJNA684454,SAMN17062636,host_nonhuman,host,Bos taurus
2026-10-09,PRJNA1137057,SAMN42565405,host_nonhuman,host,Mus musculus
2026-10-09,PRJNA1137057,SAMN42565581,host_nonhuman,host,Mus musculus
2026-10-09,PRJNA942264,SAMN33681737,other,host,synthetic
2026-10-09,PRJNA770295,SAMN22581320,host_nonhuman,host,Mus musculus
2026-10-09,PRJNA539933,SAMN11515204,host_nonhuman,host,Pan troglodytes troglodytes
2026-10-09,PRJNA450709,SAMN08958637,host_nonhuman,host,mouse
2026-10-09,PRJNA1137057,SAMN42565652,host_nonhuman,host,Mus musculus
2026-10-09,PRJNA1137057,SAMN42565381,host_nonhuman,host,Mus musculus
2026-10-09,PRJNA1137057,SAMN42565290,host_nonhuman,host,Mus musculus
2026-10-09,PRJNA595966,SAMN13578172,host_nonhuman,host,Mus musculus
2026-10-09,PRJNA964705,SAMN34496192,host_nonhuman,host,Bos taurus
2026-10-09,PRJNA732769,SAMN19340542,host_nonhuman,host,C57/BL6 mouse
2026-10-09,PRJNA1137057,SAMN42565760,host_nonhuman,host,Mus musculus
2026-10-09,PRJNA1137057,SAMN42565355,host_nonhuman,host,Mus musculus
2026-10-09,PRJNA1137057,SAMN42565004,host_nonhuman,host,Mus musculus
2026-10-09,PRJNA1337640,SAMN52380197,host_nonhuman,host,Mus musculus
2026-10-09,PRJNA1137057,SAMN42568559,host_nonhuman,host,Mus musculus
2026-10-09,PRJNA678871,SAMN16825118,host_nonhuman,host,Chicken
2026-10-09,PRJNA770295,SAMN22581334,host_nonhuman,host,Mus musculus
2026-10-09,PRJNA769748,SAMN22169246,host_nonhuman,host,mouse
2026-10-09,PRJNA942264,SAMN33681754,other,host,synthetic
2026-10-09,PRJNA964705,SAMN34495841,host_nonhuman,host,Bos taurus
2026-10-09,PRJNA450709,SAMN08958636,host_nonhuman,host,mouse
2026-10-09,PRJNA1183628,SAMN44631361,host_nonhuman,host,Rattus norvegicus
2026-10-09,PRJNA1137057,SAMN42568896,host_nonhuman,host,Mus musculus
2026-10-09,PRJNA964705,SAMN34495748,host_nonhuman,host,Bos taurus
2026-10-09,PRJNA1137057,SAMN42568874,host_nonhuman,host,Mus musculus
2026-10-09,PRJNA769748,SAMN22169250,host_nonhuman,host,mouse
2026-10-09,PRJNA684454,SAMN17062632,host_nonhuman,host,Bos taurus
2026-10-09,PRJNA450709,SAMN08958762,host_nonhuman,host,mouse
2026-10-09,PRJNA450709,SAMN08958741,host_nonhuman,host,mouse
2026-10-09,PRJNA1137057,SAMN42568478,host_nonhuman,host,Mus musculus
2026-10-09,PRJNA1137057,SAMN42568623,host_nonhuman,host,Mus musculus
2026-10-09,PRJNA1137057,SAMN42565440,host_nonhuman,host,Mus musculus
2026-10-09,PRJNA595966,SAMN13578131,host_nonhuman,host,Mus musculus
2026-10-09,PRJNA637878,SAMN15803878,host_nonhuman,host,Mus musculus
2026-10-09,PRJNA1137057,SAMN42565371,host_nonhuman,host,Mus musculus
2026-10-09,PRJNA684454,SAMN17215443,host_nonhuman,host,Bos taurus
2026-10-09,PRJNA770295,SAMN22581321,host_nonhuman,host,Mus musculus
2026-10-09,PRJNA450709,SAMN08958794,host_nonhuman,host,mouse
2026-10-09,PRJNA942264,SAMN57334968,host_nonhuman,host,Mus musculus
2026-10-09,PRJNA964705,SAMN34495785,host_nonhuman,host,Bos taurus
2026-10-09,PRJNA964705,SAMN34496145,host_nonhuman,host,Bos taurus
2026-10-09,PRJNA942264,SAMN57334955,host_nonhuman,host,Mus musculus
2026-10-09,PRJNA769748,SAMN22169232,host_nonhuman,host,mouse
2026-10-09,PRJNA450709,SAMN08958644,host_nonhuman,host,mouse
2026-10-09,PRJNA1137057,SAMN42565675,host_nonhuman,host,Mus musculus
2026-10-09,PRJNA1137057,SAMN42568945,host_nonhuman,host,Mus musculus
2026-10-09,PRJNA575186,SAMN12879244,host_nonhuman,host,Mouse
2026-10-09,PRJNA769748,SAMN22169260,host_nonhuman,host,mouse
2026-10-09,PRJNA1268608,SAMN48758717,host_nonhuman,host,Mus musculus
2026-10-09,PRJNA1137057,SAMN42568782,host_nonhuman,host,Mus musculus
2026-10-09,PRJNA450709,SAMN08958671,host_nonhuman,host,mouse
2026-10-09,PRJNA1268608,SAMN48758735,host_nonhuman,host,Mus musculus
2026-10-09,PRJEB58441,SAMEA112254548,host_nonhuman,host,Pan troglodytes
2026-10-09,PRJNA964705,SAMN34496111,host_nonhuman,host,Bos taurus
2026-10-09,PRJNA684454,SAMN17279153,host_nonhuman,host,Sus scrofa
2026-10-09,PRJNA450709,SAMN08958621,host_nonhuman,host,mouse
2026-10-09,PRJNA1238458,SAMN47793458,host_nonhuman,host,Mus musculus
2026-10-09,PRJNA450709,SAMN08958730,host_nonhuman,host,mouse
2026-10-09,PRJEB58441,SAMEA112254649,host_nonhuman,host,Pan troglodytes
2026-10-09,PRJNA1137057,SAMN42565213,host_nonhuman,host,Mus musculus
2026-10-09,PRJNA1137057,SAMN42565086,host_nonhuman,host,Mus musculus
2026-10-09,PRJNA1137057,SAMN42565198,host_nonhuman,host,Mus musculus
2026-10-09,PRJNA767648,SAMN21923137,host_nonhuman,host,Mus musculus
2026-10-09,PRJNA1137057,SAMN42568770,host_nonhuman,host,Mus musculus
2026-10-09,PRJNA678871,SAMN16825085,host_nonhuman,host,Chicken
2026-10-09,PRJNA1137057,SAMN42565377,host_nonhuman,host,Mus musculus
2026-10-09,PRJNA964705,SAMN34496292,host_nonhuman,host,Bos taurus
2026-10-09,PRJNA1137057,SAMN42565555,host_nonhuman,host,Mus musculus
2026-10-09,PRJNA684454,SAMN17062658,host_nonhuman,host,Gallus gallus
2026-10-09,PRJNA770295,SAMN22581338,host_nonhuman,host,Mus musculus
2026-10-09,PRJNA1137057,SAMN42565041,host_nonhuman,host,Mus musculus
2026-10-09,PRJNA1137057,SAMN42568531,host_nonhuman,host,Mus musculus
2026-10-09,PRJNA770295,SAMN25811391,host_nonhuman,host,Mus musculus
2026-10-09,PRJNA539933,SAMN11515189,host_nonhuman,host,Gorilla gorilla gorilla
2026-10-09,PRJNA1137057,SAMN42568899,host_nonhuman,host,Mus musculus
2026-10-09,PRJNA1137057,SAMN42564979,host_nonhuman,host,Mus musculus
2026-10-09,PRJNA964705,SAMN34495900,host_nonhuman,host,Bos taurus
2026-10-09,PRJNA595966,SAMN13578153,host_nonhuman,host,Mus musculus
2026-10-09,PRJNA1137057,SAMN42568643,host_nonhuman,host,Mus musculus
2026-10-09,PRJNA684454,SAMN17215510,host_nonhuman,host,Bos taurus
2026-10-09,PRJNA1137057,SAMN42565647,host_nonhuman,host,Mus musculus
2026-10-09,PRJNA450709,SAMN08958659,host_nonhuman,host,mouse
2026-10-09,PRJNA1209134,SAMN46208719,host_nonhuman,host,mouse
2026-10-09,PRJNA769748,SAMN22169255,host_nonhuman,host,mouse
2026-10-09,PRJNA1137057,SAMN42565268,host_nonhuman,host,Mus musculus
2026-10-09,PRJNA1137057,SAMN42565166,host_nonhuman,host,Mus musculus
2026-10-09,PRJNA1137057,SAMN42568654,host_nonhuman,host,Mus musculus
2026-10-09,PRJNA1137057,SAMN42565742,host_nonhuman,host,Mus musculus
2026-10-09,PRJNA450709,SAMN08958720,host_nonhuman,host,mouse
2026-10-09,PRJNA1066070,SAMN39458692,host_nonhuman,host,Mus musculus
2026-10-09,PRJNA770295,SAMN25811405,host_nonhuman,host,Mus musculus
2026-10-09,PRJNA1137057,SAMN42565108,host_nonhuman,host,Mus musculus
2026-10-09,PRJNA1009084,SAMN37145897,host_nonhuman,host,Mus musculus
2026-10-09,PRJNA595966,SAMN13578086,host_nonhuman,host,Mus musculus
2026-10-09,PRJNA1137057,SAMN42565383,host_nonhuman,host,Mus musculus
2026-10-09,PRJNA1137057,SAMN42565205,host_nonhuman,host,Mus musculus
2026-10-09,PRJNA942264,SAMN33681687,other,host,synthetic
2026-10-09,PRJNA450709,SAMN08964109,host_nonhuman,host,mouse
2026-10-09,PRJNA964705,SAMN34496186,host_nonhuman,host,Bos taurus
2026-10-09,PRJNA770295,SAMN22252792,host_nonhuman,host,Mus musculus
2026-10-09,PRJNA1137057,SAMN42565375,host_nonhuman,host,Mus musculus
2026-10-09,PRJNA964705,SAMN34496149,host_nonhuman,host,Bos taurus
2026-10-09,PRJNA1115089,SAMN41576902,host_nonhuman,host,Mus musculus
2026-10-09,PRJNA539933,SAMN11515185,host_nonhuman,host,Gorilla gorilla gorilla
2026-10-09,PRJNA732769,SAMN19340531,host_nonhuman,host,C57/BL6 mouse
2026-10-09,PRJNA1137057,SAMN42568636,host_nonhuman,host,Mus musculus
2026-10-09,PRJNA678871,SAMN16825073,host_nonhuman,host,Chicken
2026-10-09,PRJNA684454,SAMN17215525,host_nonhuman,host,Bos taurus
2026-10-09,PRJNA1219628,SAMN47247297,host_nonhuman,host,Mus musculus
2026-10-09,PRJNA769748,SAMN22169225,host_nonhuman,host,mouse
2026-10-09,PRJNA769748,SAMN22169226,host_nonhuman,host,mouse
2026-10-09,PRJNA1137057,SAMN42565663,host_nonhuman,host,Mus musculus
2026-10-09,PRJNA1137057,SAMN42569030,host_nonhuman,host,Mus musculus
2026-10-09,PRJNA1137057,SAMN42568947,host_nonhuman,host,Mus musculus
2026-10-09,PRJNA878528,SAMN54929677,host_nonhuman,host,Mus musculus
2026-10-09,PRJNA1137057,SAMN42565231,host_nonhuman,host,Mus musculus
2026-10-09,PRJNA964705,SAMN34495782,host_nonhuman,host,Bos taurus
2026-10-09,PRJNA1025016,SAMN37722363,host_nonhuman,host,Mus musculus
2026-10-09,PRJNA1157403,SAMN43512647,host_nonhuman,host,Mus musculus
2026-10-09,PRJNA595966,SAMN13578083,host_nonhuman,host,Mus musculus
2026-10-09,PRJNA595966,SAMN13578080,host_nonhuman,host,Mus musculus
2026-10-09,PRJNA1183628,SAMN44631350,host_nonhuman,host,Rattus norvegicus
2026-10-09,PRJNA732769,SAMN19340511,host_nonhuman,host,C57/BL6 mouse
2026-10-09,PRJNA1137057,SAMN42564851,host_nonhuman,host,Mus musculus
2026-10-09,PRJNA1137057,SAMN42564828,host_nonhuman,host,Mus musculus
2026-10-09,PRJNA964705,SAMN34496334,host_nonhuman,host,Bos taurus
2026-10-09,PRJNA1137057,SAMN42565627,host_nonhuman,host,Mus musculus
2026-10-09,PRJNA1137057,SAMN42568479,host_nonhuman,host,Mus musculus
2026-10-09,PRJNA1209134,SAMN46208679,host_nonhuman,host,mouse
2026-10-09,PRJNA1137057,SAMN42568620,host_nonhuman,host,Mus musculus
2026-10-09,PRJNA1137057,SAMN42565161,host_nonhuman,host,Mus musculus
2026-10-09,PRJNA684454,SAMN17215463,host_nonhuman,host,Gallus gallus
2026-10-09,PRJNA964705,SAMN34495755,host_nonhuman,host,Bos taurus
2026-10-09,PRJNA1137057,SAMN42568512,host_nonhuman,host,Mus musculus
2026-10-09,PRJNA684454,SAMN17215438,host_nonhuman,host,Sus scrofa
2026-10-09,PRJNA1183628,SAMN44631372,host_nonhuman,host,Rattus norvegicus
2026-10-09,PRJNA1137057,SAMN42564896,host_nonhuman,host,Mus musculus
2026-10-09,PRJNA1219628,SAMN47247318,host_nonhuman,host,Mus musculus
2026-10-09,PRJNA637878,SAMN15803867,host_nonhuman,host,Mus musculus
2026-10-09,PRJNA1137057,SAMN42565225,host_nonhuman,host,Mus musculus
2026-10-09,PRJNA1115089,SAMN41661986,host_nonhuman,host,Mus musculus
2026-10-09,PRJNA1137057,SAMN42565177,host_nonhuman,host,Mus musculus
2026-10-09,PRJNA1009084,SAMN37145881,host_nonhuman,host,Mus musculus
2026-10-09,PRJNA397664,SAMN07490677,host_nonhuman,host,Mus musculus
2026-10-09,PRJNA964705,SAMN34495800,host_nonhuman,host,Bos taurus
2026-10-09,PRJNA1137057,SAMN42565145,host_nonhuman,host,Mus musculus
2026-10-09,PRJNA1137057,SAMN42568941,host_nonhuman,host,Mus musculus
2026-10-09,PRJNA1183628,SAMN44631363,host_nonhuman,host,Rattus norvegicus
2026-10-09,PRJNA1137057,SAMN42565147,host_nonhuman,host,Mus musculus
2026-10-09,PRJNA595966,SAMN13578071,host_nonhuman,host,Mus musculus
2026-10-09,PRJNA1137057,SAMN42564986,host_nonhuman,host,Mus musculus
2026-10-09,PRJNA1137057,SAMN42564932,host_nonhuman,host,Mus musculus
2026-10-09,PRJNA1137057,SAMN42565716,host_nonhuman,host,Mus musculus
2026-10-09,PRJNA1238458,SAMN47793440,host_nonhuman,host,Mus musculus
2026-10-09,PRJNA1137057,SAMN42565465,host_nonhuman,host,Mus musculus
2026-10-09,PRJNA450709,SAMN08958785,host_nonhuman,host,mouse
2026-10-09,PRJNA684454,SAMN17279150,host_nonhuman,host,Bos taurus
2026-10-09,PRJNA1137057,SAMN42565679,host_nonhuman,host,Mus musculus
2026-10-09,PRJNA1137057,SAMN42568811,host_nonhuman,host,Mus musculus
2026-10-09,PRJNA1137057,SAMN42565364,host_nonhuman,host,Mus musculus
2026-10-09,PRJNA964705,SAMN34496147,host_nonhuman,host,Bos taurus
2026-10-09,PRJNA1137057,SAMN42569007,host_nonhuman,host,Mus musculus
2026-10-09,PRJNA964705,SAMN34495703,host_nonhuman,host,Bos taurus
2026-10-09,PRJNA684454,SAMN17062650,host_nonhuman,host,Gallus gallus
2026-10-09,PRJNA661048,SAMN15968243,host_nonhuman,host,Pan troglodytes
2026-10-09,PRJNA770295,SAMN22252802,host_nonhuman,host,Mus musculus
2026-10-09,PRJNA1025016,SAMN37722425,host_nonhuman,host,Mus musculus
2026-10-09,PRJNA1025016,SAMN37722345,host_nonhuman,host,Mus musculus
2026-10-09,PRJNA1209134,SAMN46208672,host_nonhuman,host,mouse
2026-10-09,PRJNA539933,SAMN11515179,host_nonhuman,host,Pan troglodytes
2026-10-09,PRJNA1209134,SAMN46208696,host_nonhuman,host,mouse
2026-10-09,PRJNA1137057,SAMN42569015,host_nonhuman,host,Mus musculus
2026-10-09,PRJNA1137057,SAMN42569021,host_nonhuman,host,Mus musculus
2026-10-09,PRJNA1137057,SAMN42565079,host_nonhuman,host,Mus musculus
2026-10-09,PRJNA684454,SAMN17215468,host_nonhuman,host,Gallus gallus
2026-10-09,PRJNA450709,SAMN08958738,host_nonhuman,host,mouse
2026-10-09,PRJNA1066070,SAMN39458691,host_nonhuman,host,Mus musculus
2026-10-09,PRJNA684454,SAMN17062662,host_nonhuman,host,Gallus gallus
2026-10-09,PRJNA575186,SAMN12879233,host_nonhuman,host,Mouse
2026-10-09,PRJNA1137057,SAMN42568509,host_nonhuman,host,Mus musculus
2026-10-09,PRJNA450709,SAMN08958758,host_nonhuman,host,mouse
2026-10-09,PRJNA964705,SAMN34495889,host_nonhuman,host,Bos taurus
2026-10-09,PRJNA1137057,SAMN42568883,host_nonhuman,host,Mus musculus
2026-10-09,PRJNA684454,SAMN17215449,host_nonhuman,host,Bos taurus
2026-10-09,PRJNA1238458,SAMN47793454,host_nonhuman,host,Mus musculus
2026-10-09,PRJNA1137057,SAMN42565479,host_nonhuman,host,Mus musculus
2026-10-09,PRJNA964705,SAMN34495808,host_nonhuman,host,Bos taurus
2026-10-09,PRJNA1268608,SAMN48758734,host_nonhuman,host,Mus musculus
2026-10-09,PRJNA1066070,SAMN39458698,host_nonhuman,host,Mus musculus
2026-10-09,PRJNA427653,SAMN08242309,other,host,Soil
2026-10-09,PRJNA1137057,SAMN42568906,host_nonhuman,host,Mus musculus
2026-10-09,PRJNA427653,SAMN08242295,host_nonhuman,host,Goat
2026-10-09,PRJNA1137057,SAMN42568928,host_nonhuman,host,Mus musculus
2026-10-09,PRJNA684454,SAMN17215477,host_nonhuman,host,Gallus gallus
2026-10-09,PRJNA1337640,SAMN52380204,host_nonhuman,host,Mus musculus
2026-10-09,PRJNA1137057,SAMN42568964,host_nonhuman,host,Mus musculus
2026-10-09,PRJNA661048,SAMN15968235,host_nonhuman,host,Pan troglodytes
2026-10-09,PRJNA942264,SAMN33681719,other,host,synthetic
2026-10-09,PRJNA964705,SAMN34495833,host_nonhuman,host,Bos taurus
2026-10-09,PRJNA596121,SAMN13613327,host_nonhuman,host,Mouse
2026-10-09,PRJNA1268608,SAMN56631103,host_nonhuman,host,Mus musculus
2026-10-09,PRJNA678871,SAMN16825052,host_nonhuman,host,Chicken
2026-10-09,PRJNA1137057,SAMN42565744,host_nonhuman,host,Mus musculus
2026-10-09,PRJNA1209134,SAMN46208715,host_nonhuman,host,mouse
2026-10-09,PRJNA1137057,SAMN42568732,host_nonhuman,host,Mus musculus
2026-10-09,PRJNA684454,SAMN17215502,host_nonhuman,host,Gallus gallus
2026-10-09,PRJNA1137057,SAMN42564846,host_nonhuman,host,Mus musculus
2026-10-09,PRJNA1137057,SAMN42565642,host_nonhuman,host,Mus musculus
2026-10-09,PRJNA1025016,SAMN37722413,host_nonhuman,host,Mus musculus
2026-10-09,PRJNA1137057,SAMN42568686,host_nonhuman,host,Mus musculus
2026-10-09,PRJNA1115089,SAMN41661971,host_nonhuman,host,Mus musculus
2026-10-09,PRJNA964705,SAMN34495921,host_nonhuman,host,Bos taurus
2026-10-09,PRJNA1137057,SAMN42568656,host_nonhuman,host,Mus musculus
2026-10-09,PRJNA612780,SAMN14381390,host_nonhuman,host,Gallus gallus domesticus
2026-10-09,PRJNA964705,SAMN34496206,host_nonhuman,host,Bos taurus
2026-10-09,PRJNA831236,SAMN27749374,host_nonhuman,host,Mus musculus
2026-10-09,PRJNA1209134,SAMN46208665,host_nonhuman,host,mouse
2026-10-09,PRJNA1137057,SAMN42564944,host_nonhuman,host,Mus musculus
2026-10-09,PRJNA1137057,SAMN42564953,host_nonhuman,host,Mus musculus
2026-10-09,PRJNA732769,SAMN19340541,host_nonhuman,host,C57/BL6 mouse
2026-10-09,PRJNA684454,SAMN17215494,host_nonhuman,host,Bos taurus
2026-10-09,PRJNA678871,SAMN16825092,host_nonhuman,host,Chicken
2026-10-09,PRJNA964705,SAMN34495899,host_nonhuman,host,Bos taurus
2026-10-09,PRJNA678871,SAMN16825150,other,host,Soil
2026-10-09,PRJNA1137057,SAMN42565288,host_nonhuman,host,Mus musculus
2026-10-09,PRJNA1268608,SAMN48758751,host_nonhuman,host,Mus musculus
2026-10-09,PRJNA831236,SAMN27749366,host_nonhuman,host,Mus musculus
2026-10-09,PRJNA964705,SAMN34496072,host_nonhuman,host,Bos taurus
2026-10-09,PRJNA1137057,SAMN42565236,host_nonhuman,host,Mus musculus
2026-10-09,PRJNA1137057,SAMN42568653,host_nonhuman,host,Mus musculus
2026-10-09,PRJNA964705,SAMN34496277,host_nonhuman,host,Bos taurus
2026-10-09,PRJNA1137057,SAMN42564845,host_nonhuman,host,Mus musculus
2026-10-09,PRJNA1137057,SAMN42568577,host_nonhuman,host,Mus musculus
2026-10-09,PRJNA596121,SAMN13613332,host_nonhuman,host,Mouse
2026-10-09,PRJNA397664,SAMN07490685,host_nonhuman,host,Mus musculus
2026-10-09,PRJNA1137057,SAMN42565011,host_nonhuman,host,Mus musculus
2026-10-09,PRJNA427653,SAMN08242276,host_nonhuman,host,Sheep
2026-10-09,PRJNA1137057,SAMN42565691,host_nonhuman,host,Mus musculus
2026-10-09,PRJNA997572,SAMN36682533,host_nonhuman,host,Mus musculus
2026-10-09,PRJNA964705,SAMN34496315,host_nonhuman,host,Bos taurus
2026-10-09,PRJNA1137057,SAMN42565534,host_nonhuman,host,Mus musculus
2026-10-09,PRJNA1115089,SAMN41576885,host_nonhuman,host,Mus musculus
2026-10-09,PRJNA1137057,SAMN42568796,host_nonhuman,host,Mus musculus
2026-10-09,PRJNA684454,SAMN17062651,host_nonhuman,host,Gallus gallus
2026-10-09,PRJNA1137057,SAMN42565305,host_nonhuman,host,Mus musculus
2026-10-09,PRJNA964705,SAMN34495882,host_nonhuman,host,Bos taurus
2026-10-09,PRJNA1025016,SAMN37722365,host_nonhuman,host,Mus musculus
2026-10-09,PRJNA991155,SAMN37147987,host_nonhuman,host,Mus musculus
2026-10-09,PRJNA1115089,SAMN41661990,host_nonhuman,host,Mus musculus
2026-10-09,PRJNA1137057,SAMN42564841,host_nonhuman,host,Mus musculus
2026-10-09,PRJNA964705,SAMN34496085,host_nonhuman,host,Bos taurus
2026-10-09,PRJNA964705,SAMN34495775,host_nonhuman,host,Bos taurus
2026-10-09,PRJNA450709,SAMN08958796,host_nonhuman,host,mouse
2026-10-09,PRJNA1137057,SAMN42565762,host_nonhuman,host,Mus musculus
2026-10-09,PRJNA684454,SAMN17215447,host_nonhuman,host,Bos taurus
2026-10-09,PRJNA1137057,SAMN42568819,host_nonhuman,host,Mus musculus
2026-10-09,PRJNA1137057,SAMN42564918,host_nonhuman,host,Mus musculus
2026-10-09,PRJNA427653,SAMN08242256,other,host,Soil
2026-10-09,PRJNA942264,SAMN33681692,other,host,synthetic
2026-10-09,PRJNA1137057,SAMN42568521,host_nonhuman,host,Mus musculus
2026-10-09,PRJNA964705,SAMN34496095,host_nonhuman,host,Bos taurus
2026-10-09,PRJNA450709,SAMN08958748,host_nonhuman,host,mouse
2026-10-09,PRJNA1268608,SAMN56631093,host_nonhuman,host,Mus musculus
2026-10-09,PRJNA770295,SAMN22581339,host_nonhuman,host,Mus musculus
2026-10-09,PRJNA595966,SAMN13578115,host_nonhuman,host,Mus musculus
2026-10-09,PRJNA831236,SAMN27749363,host_nonhuman,host,Mus musculus
2026-10-09,PRJNA942264,SAMN33681819,other,host,synthetic
2026-10-09,PRJNA1137057,SAMN42565346,host_nonhuman,host,Mus musculus
2026-10-09,PRJNA770295,SAMN25811397,host_nonhuman,host,Mus musculus
2026-10-09,PRJNA964705,SAMN34496009,host_nonhuman,host,Bos taurus
2026-10-09,PRJNA1137057,SAMN42568930,host_nonhuman,host,Mus musculus
2026-10-09,PRJNA1268608,SAMN48758758,host_nonhuman,host,Mus musculus
2026-10-09,PRJNA678871,SAMN16825124,host_nonhuman,host,Chicken
2026-10-09,PRJNA1137057,SAMN42565667,host_nonhuman,host,Mus musculus
2026-10-09,PRJNA1137057,SAMN42568839,host_nonhuman,host,Mus musculus
2026-10-09,PRJNA1137057,SAMN42565307,host_nonhuman,host,Mus musculus
2026-10-09,PRJNA1209134,SAMN46208690,host_nonhuman,host,mouse
2026-10-09,PRJNA1137057,SAMN42569055,host_nonhuman,host,Mus musculus
2026-10-09,PRJNA637878,SAMN15803888,host_nonhuman,host,Mus musculus
2026-10-09,PRJNA1137057,SAMN42568642,host_nonhuman,host,Mus musculus
2026-10-09,PRJNA1137057,SAMN42564914,host_nonhuman,host,Mus musculus
2026-10-09,PRJNA450709,SAMN08964098,host_nonhuman,host,mouse
2026-10-09,PRJNA397664,SAMN07490672,host_nonhuman,host,Mus musculus
2026-10-09,PRJNA678871,SAMN16825110,host_nonhuman,host,Chicken
2026-10-09,PRJNA942264,SAMN33681757,other,host,synthetic
2026-10-09,PRJNA1137057,SAMN42564847,host_nonhuman,host,Mus musculus
2026-10-09,PRJNA1137057,SAMN42565131,host_nonhuman,host,Mus musculus
2026-10-09,PRJNA1137057,SAMN42565227,host_nonhuman,host,Mus musculus
2026-10-09,PRJNA1137057,SAMN42565708,host_nonhuman,host,Mus musculus
2026-10-09,PRJEB58441,SAMEA112254383,host_nonhuman,host,Pan troglodytes
2026-10-09,PRJNA595966,SAMN13578167,host_nonhuman,host,Mus musculus
2026-10-09,PRJNA1137057,SAMN42565478,host_nonhuman,host,Mus musculus
2026-10-09,PRJNA1137057,SAMN42565100,host_nonhuman,host,Mus musculus
2026-10-09,PRJNA964705,SAMN34495986,host_nonhuman,host,Bos taurus
2026-10-09,PRJNA1137057,SAMN42568881,host_nonhuman,host,Mus musculus
2026-10-09,PRJNA942264,SAMN33681711,other,host,synthetic
2026-10-09,PRJNA964705,SAMN34496018,host_nonhuman,host,Bos taurus
2026-10-09,PRJNA427653,SAMN08242266,host_nonhuman,host,Horse
2026-10-09,PRJNA450709,SAMN08958624,host_nonhuman,host,mouse
2026-10-09,PRJNA1137057,SAMN42568809,host_nonhuman,host,Mus musculus
2026-10-09,PRJNA1268608,SAMN48758752,host_nonhuman,host,Mus musculus
2026-10-09,PRJNA595966,SAMN13578081,host_nonhuman,host,Mus musculus
2026-10-09,PRJNA1137057,SAMN42568742,host_nonhuman,host,Mus musculus
2026-10-09,PRJNA1209134,SAMN46208675,host_nonhuman,host,mouse
2026-10-09,PRJEB58441,SAMEA112254684,host_nonhuman,host,Pan troglodytes
2026-10-09,PRJNA1115089,SAMN41576894,host_nonhuman,host,Mus musculus
2026-10-09,PRJNA678871,SAMN16825135,host_nonhuman,host,Chicken
2026-10-09,PRJNA831236,SAMN27749378,host_nonhuman,host,Mus musculus
2026-10-09,PRJNA684454,SAMN17215446,host_nonhuman,host,Bos taurus
2026-10-09,PRJNA878528,SAMN54929683,host_nonhuman,host,Mus musculus
2026-10-09,PRJNA595966,SAMN13578137,host_nonhuman,host,Mus musculus
2026-10-09,PRJNA450709,SAMN08958718,host_nonhuman,host,mouse
2026-10-09,PRJNA1137057,SAMN42569033,host_nonhuman,host,Mus musculus
2026-10-09,PRJNA1137057,SAMN42568488,host_nonhuman,host,Mus musculus
2026-10-09,PRJNA1137057,SAMN42568473,host_nonhuman,host,Mus musculus
2026-10-09,PRJNA1137057,SAMN42568841,host_nonhuman,host,Mus musculus
2026-10-09,PRJEB58441,SAMEA112254655,host_nonhuman,host,Pan troglodytes
2026-10-09,PRJNA1337640,SAMN52380192,host_nonhuman,host,Mus musculus
2026-10-09,PRJNA767648,SAMN21923150,host_nonhuman,host,Mus musculus
2026-10-09,PRJNA1137057,SAMN42564857,host_nonhuman,host,Mus musculus
2026-10-09,PRJNA964705,SAMN34496293,host_nonhuman,host,Bos taurus
2026-10-09,PRJNA770295,SAMN22581318,host_nonhuman,host,Mus musculus
2026-10-09,PRJNA1137057,SAMN42568681,host_nonhuman,host,Mus musculus
2026-10-09,PRJNA539933,SAMN11515239,host_nonhuman,host,Gorilla gorilla gorilla
2026-10-09,PRJNA1137057,SAMN42564868,host_nonhuman,host,Mus musculus
2026-10-09,PRJNA1137057,SAMN42568716,host_nonhuman,host,Mus musculus
2026-10-09,PRJNA1137057,SAMN42568660,host_nonhuman,host,Mus musculus
2026-10-09,PRJEB58441,SAMEA112300172,host_nonhuman,host,Pan troglodytes
2026-10-09,PRJNA1137057,SAMN42565106,host_nonhuman,host,Mus musculus
2026-10-09,PRJNA1009084,SAMN37145884,host_nonhuman,host,Mus musculus
2026-10-09,PRJNA964705,SAMN34496031,host_nonhuman,host,Bos taurus
2026-10-09,PRJNA1137057,SAMN42565607,host_nonhuman,host,Mus musculus
2026-10-09,PRJNA1137057,SAMN42565368,host_nonhuman,host,Mus musculus
2026-10-09,PRJNA1000750,SAMN36779485,host_nonhuman,host,Mus musculus
2026-10-09,PRJNA1137057,SAMN42569052,host_nonhuman,host,Mus musculus
2026-10-09,PRJNA1137057,SAMN42565676,host_nonhuman,host,Mus musculus
2026-10-09,PRJEB58441,SAMEA112254675,host_nonhuman,host,Pan troglodytes
2026-10-09,PRJNA539933,SAMN11515231,host_nonhuman,host,Gorilla gorilla gorilla
2026-10-09,PRJNA1238458,SAMN47793444,host_nonhuman,host,Mus musculus
2026-10-09,PRJNA1155655,SAMN43463024,host_nonhuman,host,mouse
2026-10-09,PRJNA1009084,SAMN37145901,host_nonhuman,host,Mus musculus
2026-10-09,PRJNA596121,SAMN13613319,host_nonhuman,host,Mouse
2026-10-09,PRJNA684454,SAMN17062639,host_nonhuman,host,Bos taurus
2026-10-09,PRJNA964705,SAMN34495988,host_nonhuman,host,Bos taurus
2026-10-09,PRJNA1137057,SAMN42565308,host_nonhuman,host,Mus musculus
2026-10-09,PRJNA1137057,SAMN42568670,host_nonhuman,host,Mus musculus
2026-10-09,PRJNA732769,SAMN19340526,host_nonhuman,host,C57/BL6 mouse
2026-10-09,PRJNA942264,SAMN57334954,host_nonhuman,host,Mus musculus
2026-10-09,PRJNA964705,SAMN34495929,host_nonhuman,host,Bos taurus
2026-10-09,PRJNA1137057,SAMN42565047,host_nonhuman,host,Mus musculus
2026-10-09,PRJNA539933,SAMN11515210,host_nonhuman,host,Pan troglodytes troglodytes
2026-10-09,PRJNA1209134,SAMN46208667,host_nonhuman,host,mouse
2026-10-09,PRJNA1137057,SAMN42568762,host_nonhuman,host,Mus musculus
2026-10-09,PRJNA1009084,SAMN37145907,host_nonhuman,host,Mus musculus
2026-10-09,PRJNA1137057,SAMN42568527,host_nonhuman,host,Mus musculus
2026-10-09,PRJNA769748,SAMN22169214,host_nonhuman,host,mouse
2026-10-09,PRJNA1238458,SAMN47793422,host_nonhuman,host,Mus musculus
2026-10-09,PRJNA595966,SAMN13578104,host_nonhuman,host,Mus musculus
2026-10-09,PRJEB58441,SAMEA112254137,host_nonhuman,host,Pan troglodytes
2026-10-09,PRJNA1137057,SAMN42565042,host_nonhuman,host,Mus musculus
2026-10-09,PRJNA1137057,SAMN42568815,host_nonhuman,host,Mus musculus
2026-10-09,PRJNA595966,SAMN13578053,host_nonhuman,host,Mus musculus
2026-10-09,PRJNA1219628,SAMN47247344,host_nonhuman,host,Mus musculus
2026-10-09,PRJNA770295,SAMN22252790,host_nonhuman,host,Mus musculus
2026-10-09,PRJNA1137057,SAMN42565586,host_nonhuman,host,Mus musculus
2026-10-09,PRJNA942264,SAMN33681784,other,host,synthetic
2026-10-09,PRJNA997572,SAMN36682526,host_nonhuman,host,Mus musculus
2026-10-09,PRJNA1137057,SAMN42568668,host_nonhuman,host,Mus musculus
2026-10-09,PRJNA1137057,SAMN42568485,host_nonhuman,host,Mus musculus
2026-10-09,PRJNA1137057,SAMN42565117,host_nonhuman,host,Mus musculus
2026-10-09,PRJNA1268608,SAMN56631154,host_nonhuman,host,Mus musculus
2026-10-09,PRJNA1137057,SAMN42565094,host_nonhuman,host,Mus musculus
2026-10-09,PRJNA769748,SAMN22169204,host_nonhuman,host,mouse
2026-10-09,PRJNA831236,SAMN27749400,host_nonhuman,host,Mus musculus
2026-10-09,PRJNA1131085,SAMN42240281,host_nonhuman,host,Mus musculus
2026-10-09,PRJNA1137057,SAMN42568775,host_nonhuman,host,Mus musculus
2026-10-09,PRJNA397664,SAMN07490687,host_nonhuman,host,Mus musculus
2026-10-09,PRJNA1137057,SAMN42565611,host_nonhuman,host,Mus musculus
2026-10-09,PRJNA575186,SAMN12879240,host_nonhuman,host,Mouse
2026-10-09,PRJNA1137057,SAMN42565476,host_nonhuman,host,Mus musculus
2026-10-09,PRJNA1137057,SAMN42565537,host_nonhuman,host,Mus musculus
2026-10-09,PRJNA831236,SAMN27749349,host_nonhuman,host,Mus musculus
2026-10-09,PRJNA1137057,SAMN42568667,host_nonhuman,host,Mus musculus
2026-10-09,PRJNA1137057,SAMN42565640,host_nonhuman,host,Mus musculus
2026-10-09,PRJNA770295,SAMN22581345,host_nonhuman,host,Mus musculus
2026-10-09,PRJNA595966,SAMN13578048,host_nonhuman,host,Mus musculus
2026-10-09,PRJNA997572,SAMN36682517,host_nonhuman,host,Mus musculus
2026-10-09,PRJNA964705,SAMN34495920,host_nonhuman,host,Bos taurus
2026-10-09,PRJNA539933,SAMN11515208,host_nonhuman,host,Pan troglodytes troglodytes
2026-10-09,PRJNA1137057,SAMN42568778,host_nonhuman,host,Mus musculus
2026-10-09,PRJNA831236,SAMN27749401,host_nonhuman,host,Mus musculus
2026-10-09,PRJNA678871,SAMN16825119,host_nonhuman,host,Chicken
2026-10-09,PRJNA1137057,SAMN42565538,host_nonhuman,host,Mus musculus
2026-10-09,PRJNA769748,SAMN22169247,host_nonhuman,host,mouse
2026-10-09,PRJNA964705,SAMN34495950,host_nonhuman,host,Bos taurus
2026-10-09,PRJNA1137057,SAMN42565711,host_nonhuman,host,Mus musculus
2026-10-09,PRJNA964705,SAMN34496378,host_nonhuman,host,Bos taurus
2026-10-09,PRJNA1137057,SAMN42565051,host_nonhuman,host,Mus musculus
2026-10-09,PRJNA1025016,SAMN37722392,host_nonhuman,host,Mus musculus
2026-10-09,PRJNA596121,SAMN13613322,host_nonhuman,host,Mouse
2026-10-09,PRJNA1137057,SAMN42565457,host_nonhuman,host,Mus musculus
2026-10-09,PRJNA1137057,SAMN42565190,host_nonhuman,host,Mus musculus
2026-10-09,PRJNA1137057,SAMN42568948,host_nonhuman,host,Mus musculus
2026-10-09,PRJNA450709,SAMN08958709,host_nonhuman,host,mouse
2026-10-09,PRJNA964705,SAMN34495959,host_nonhuman,host,Bos taurus
2026-10-09,PRJNA1137057,SAMN42568998,host_nonhuman,host,Mus musculus
2026-10-09,PRJNA1137057,SAMN42564843,host_nonhuman,host,Mus musculus
2026-10-09,PRJNA1137057,SAMN42569002,host_nonhuman,host,Mus musculus
2026-10-09,PRJNA1137057,SAMN42565141,host_nonhuman,host,Mus musculus
2026-10-09,PRJNA1137057,SAMN42564886,host_nonhuman,host,Mus musculus
2026-10-09,PRJNA770295,SAMN22252817,host_nonhuman,host,Mus musculus
2026-10-09,PRJNA684454,SAMN17215532,host_nonhuman,host,Gallus gallus
2026-10-09,PRJNA1137057,SAMN42565733,host_nonhuman,host,Mus musculus
2026-10-09,PRJNA1137057,SAMN42565071,host_nonhuman,host,Mus musculus
2026-10-09,PRJEB58441,SAMEA112300170,host_nonhuman,host,Pan troglodytes
2026-10-09,PRJNA1137057,SAMN42565095,host_nonhuman,host,Mus musculus
2026-10-09,PRJNA770295,SAMN25811371,host_nonhuman,host,Mus musculus
2026-10-09,PRJNA1137057,SAMN42568793,host_nonhuman,host,Mus musculus
2026-10-09,PRJNA1209134,SAMN46208691,host_nonhuman,host,mouse
2026-10-09,PRJNA684454,SAMN17279165,host_nonhuman,host,Bos taurus
2026-10-09,PRJNA1137057,SAMN42565321,host_nonhuman,host,Mus musculus
2026-10-09,PRJNA1137057,SAMN42568606,host_nonhuman,host,Mus musculus
2026-10-09,PRJNA595966,SAMN13578037,host_nonhuman,host,Mus musculus
2026-10-09,PRJNA1137057,SAMN42564799,host_nonhuman,host,Mus musculus
2026-10-09,PRJNA1137057,SAMN42565456,host_nonhuman,host,Mus musculus
2026-10-09,PRJNA1137057,SAMN42568949,host_nonhuman,host,Mus musculus
2026-10-09,PRJNA1137057,SAMN42565115,host_nonhuman,host,Mus musculus
2026-10-09,PRJNA678871,SAMN16825107,host_nonhuman,host,Chicken
2026-10-09,PRJNA964705,SAMN34496400,host_nonhuman,host,Bos taurus
2026-10-09,PRJNA964705,SAMN34495855,host_nonhuman,host,Bos taurus
2026-10-09,PRJNA769748,SAMN22169230,host_nonhuman,host,mouse
2026-10-09,PRJNA732769,SAMN19340494,host_nonhuman,host,C57/BL6 mouse
2026-10-09,PRJNA1137057,SAMN42565728,host_nonhuman,host,Mus musculus
2026-10-09,PRJNA1268608,SAMN56631146,host_nonhuman,host,Mus musculus
2026-10-09,PRJNA1238458,SAMN47793455,host_nonhuman,host,Mus musculus
2026-10-09,PRJNA1137057,SAMN42564917,host_nonhuman,host,Mus musculus
2026-10-09,PRJNA761454,SAMN21349076,other,host,water control
2026-10-09,PRJNA997572,SAMN36682534,host_nonhuman,host,Mus musculus
2026-10-09,PRJNA684454,SAMN17215529,host_nonhuman,host,Gallus gallus
2026-10-09,PRJNA1137057,SAMN42565500,host_nonhuman,host,Mus musculus
2026-10-09,PRJNA1137057,SAMN42565628,host_nonhuman,host,Mus musculus
2026-10-09,PRJNA595966,SAMN13578078,host_nonhuman,host,Mus musculus
2026-10-09,PRJNA942264,SAMN33681666,other,host,synthetic
2026-10-09,PRJNA1137057,SAMN42568662,host_nonhuman,host,Mus musculus
2026-10-09,PRJNA1115089,SAMN41661989,host_nonhuman,host,Mus musculus
2026-10-09,PRJNA732769,SAMN19340499,host_nonhuman,host,C57/BL6 mouse
2026-10-09,PRJNA1219628,SAMN47247315,host_nonhuman,host,Mus musculus
2026-10-09,PRJNA1137057,SAMN42565575,host_nonhuman,host,Mus musculus
2026-10-09,PRJNA684454,SAMN17215471,host_nonhuman,host,Gallus gallus
2026-10-09,PRJNA964705,SAMN34496165,host_nonhuman,host,Bos taurus
2026-10-09,PRJNA964705,SAMN34495803,host_nonhuman,host,Bos taurus
2026-10-09,PRJNA684454,SAMN17215521,host_nonhuman,host,Sus scrofa
2026-10-09,PRJNA450709,SAMN08958743,host_nonhuman,host,mouse
2026-10-09,PRJNA1268608,SAMN56631141,host_nonhuman,host,Mus musculus
2026-10-09,PRJNA1115089,SAMN41661959,host_nonhuman,host,Mus musculus
2026-10-09,PRJNA450709,SAMN08958684,host_nonhuman,host,mouse
2026-10-09,PRJNA450709,SAMN08958665,host_nonhuman,host,mouse
2026-10-09,PRJNA942264,SAMN33681738,other,host,synthetic
2026-10-09,PRJNA964705,SAMN34496173,host_nonhuman,host,Bos taurus
2026-10-09,PRJNA767648,SAMN21923126,host_nonhuman,host,Mus musculus
2026-10-09,PRJNA770295,SAMN22581332,host_nonhuman,host,Mus musculus
2026-10-09,PRJNA1137057,SAMN42565414,host_nonhuman,host,Mus musculus
2026-10-09,PRJNA1137057,SAMN42565483,host_nonhuman,host,Mus musculus
2026-10-09,PRJNA1025016,SAMN37722372,host_nonhuman,host,Mus musculus
2026-10-09,PRJNA684454,SAMN17215542,host_nonhuman,host,Sus scrofa
2026-10-09,PRJNA1137057,SAMN42565193,host_nonhuman,host,Mus musculus
2026-10-09,PRJNA942264,SAMN33681677,other,host,synthetic
2026-10-09,PRJNA1137057,SAMN42564800,host_nonhuman,host,Mus musculus
2026-10-09,PRJNA1155655,SAMN43463039,host_nonhuman,host,mouse
2026-10-09,PRJNA1137057,SAMN42565228,host_nonhuman,host,Mus musculus
2026-10-09,PRJNA942264,SAMN33681779,other,host,synthetic
2026-10-09,PRJEB58441,SAMEA112254653,host_nonhuman,host,Pan troglodytes
2026-10-09,PRJNA1137057,SAMN42565592,host_nonhuman,host,Mus musculus
2026-10-09,PRJNA1131085,SAMN42240280,host_nonhuman,host,Mus musculus
2026-10-09,PRJNA1137057,SAMN42565183,host_nonhuman,host,Mus musculus
2026-10-09,PRJNA684454,SAMN17215489,host_nonhuman,host,Bos taurus
2026-10-09,PRJNA770295,SAMN22581324,host_nonhuman,host,Mus musculus
2026-10-09,PRJNA1137057,SAMN42564956,host_nonhuman,host,Mus musculus
2026-10-09,PRJNA595966,SAMN13578159,host_nonhuman,host,Mus musculus
2026-10-09,PRJNA539933,SAMN11515174,host_nonhuman,host,Pan troglodytes
2026-10-09,PRJNA678871,SAMN16825104,host_nonhuman,host,Chicken
2026-10-09,PRJNA1137057,SAMN42565196,host_nonhuman,host,Mus musculus
2026-10-09,PRJNA450709,SAMN08958780,host_nonhuman,host,mouse
2026-10-09,PRJNA397664,SAMN07490670,host_nonhuman,host,Mus musculus
2026-10-09,PRJNA1025016,SAMN37722426,host_nonhuman,host,Mus musculus
2026-10-09,PRJNA1137057,SAMN42568988,host_nonhuman,host,Mus musculus
2026-10-09,PRJNA942264,SAMN33681813,other,host,synthetic
2026-10-09,PRJNA1137057,SAMN42565311,host_nonhuman,host,Mus musculus
2026-10-09,PRJNA678871,SAMN16825108,host_nonhuman,host,Chicken
2026-10-09,PRJNA1137057,SAMN42568601,host_nonhuman,host,Mus musculus
2026-10-09,PRJNA1268608,SAMN48758701,host_nonhuman,host,Mus musculus
2026-10-09,PRJNA1268608,SAMN48758757,host_nonhuman,host,Mus musculus
2026-10-09,PRJNA1137057,SAMN42568748,host_nonhuman,host,Mus musculus
2026-10-09,PRJNA1137057,SAMN42568526,host_nonhuman,host,Mus musculus
2026-10-09,PRJNA964705,SAMN34495843,host_nonhuman,host,Bos taurus
2026-10-09,PRJNA964705,SAMN34496055,host_nonhuman,host,Bos taurus
2026-10-09,PRJEB58441,SAMEA112300174,host_nonhuman,host,Pan troglodytes
2026-10-09,PRJNA964705,SAMN34496137,host_nonhuman,host,Bos taurus
2026-10-09,PRJNA1209134,SAMN46208685,host_nonhuman,host,mouse
2026-10-09,PRJNA1137057,SAMN42565477,host_nonhuman,host,Mus musculus
2026-10-09,PRJNA1025016,SAMN37722331,host_nonhuman,host,Mus musculus
2026-10-09,PRJNA831236,SAMN27749343,host_nonhuman,host,Mus musculus
2026-10-09,PRJNA1137057,SAMN42565158,host_nonhuman,host,Mus musculus
2026-10-09,PRJEB58441,SAMEA112254510,host_nonhuman,host,Pan troglodytes
2026-10-09,PRJNA1209134,SAMN46208688,host_nonhuman,host,mouse
2026-10-09,PRJNA684454,SAMN17215481,host_nonhuman,host,Sus scrofa
2026-10-09,PRJNA1137057,SAMN42568582,host_nonhuman,host,Mus musculus
2026-10-09,PRJNA964705,SAMN34495969,host_nonhuman,host,Bos taurus
2026-10-09,PRJNA1337640,SAMN52380190,host_nonhuman,host,Mus musculus
2026-10-09,PRJNA1137057,SAMN42565055,host_nonhuman,host,Mus musculus
2026-10-09,PRJNA942264,SAMN33681785,other,host,synthetic
2026-10-09,PRJNA1025016,SAMN37722369,host_nonhuman,host,Mus musculus
2026-10-09,PRJNA1137057,SAMN42565496,host_nonhuman,host,Mus musculus
2026-10-09,PRJNA427653,SAMN08242302,host_nonhuman,host,Goat
2026-10-09,PRJNA1137057,SAMN42568993,host_nonhuman,host,Mus musculus
2026-10-09,PRJNA1137057,SAMN42564947,host_nonhuman,host,Mus musculus
2026-10-09,PRJNA1219628,SAMN47247338,host_nonhuman,host,Mus musculus
2026-10-09,PRJNA678871,SAMN18063306,host_nonhuman,host,Chicken
2026-10-09,PRJNA964705,SAMN34495757,host_nonhuman,host,Bos taurus
2026-10-09,PRJNA1137057,SAMN42568645,host_nonhuman,host,Mus musculus
2026-10-09,PRJNA1137057,SAMN42568693,host_nonhuman,host,Mus musculus
2026-10-09,PRJNA831236,SAMN27749344,host_nonhuman,host,Mus musculus
2026-10-09,PRJNA1137057,SAMN42564865,host_nonhuman,host,Mus musculus
2026-10-09,PRJNA1268608,SAMN56631113,host_nonhuman,host,Mus musculus
2026-10-09,PRJNA427653,SAMN08242274,host_nonhuman,host,Sheep
2026-10-09,PRJNA450709,SAMN08958651,host_nonhuman,host,mouse
2026-10-09,PRJNA1137057,SAMN42568788,host_nonhuman,host,Mus musculus
2026-10-09,PRJNA1137057,SAMN42564912,host_nonhuman,host,Mus musculus
2026-10-09,PRJEB58441,SAMEA112254665,host_nonhuman,host,Pan troglodytes
2026-10-09,PRJNA1131085,SAMN42240273,host_nonhuman,host,Mus musculus
2026-10-09,PRJNA761454,SAMN21349078,other,host,water control
2026-10-09,PRJNA684454,SAMN17279147,host_nonhuman,host,Bos taurus
2026-10-09,PRJNA1137057,SAMN42565550,host_nonhuman,host,Mus musculus
2026-10-09,PRJNA1137057,SAMN42565709,host_nonhuman,host,Mus musculus
2026-10-09,PRJNA1115089,SAMN41576917,host_nonhuman,host,Mus musculus
2026-10-09,PRJNA1137057,SAMN42569049,host_nonhuman,host,Mus musculus
2026-10-09,PRJNA1137057,SAMN42568702,host_nonhuman,host,Mus musculus
2026-10-09,PRJNA450709,SAMN08964095,host_nonhuman,host,mouse
2026-10-09,PRJNA770295,SAMN25811361,host_nonhuman,host,Mus musculus
2026-10-09,PRJNA1137057,SAMN42568565,host_nonhuman,host,Mus musculus
2026-10-09,PRJNA1009084,SAMN37145896,host_nonhuman,host,Mus musculus
2026-10-09,PRJNA678871,SAMN16825140,other,host,Soil
2026-10-09,PRJNA454826,SAMN13091326,host_nonhuman,host,Mus musculus
2026-10-09,PRJNA1137057,SAMN42565186,host_nonhuman,host,Mus musculus
2026-10-09,PRJNA942264,SAMN33681716,other,host,synthetic
2026-10-09,PRJNA732769,SAMN19340506,host_nonhuman,host,C57/BL6 mouse
2026-10-09,PRJNA1137057,SAMN42565110,host_nonhuman,host,Mus musculus
2026-10-09,PRJNA770295,SAMN22252803,host_nonhuman,host,Mus musculus
2026-10-09,PRJNA1155655,SAMN43463036,host_nonhuman,host,mouse
2026-10-09,PRJNA1137057,SAMN42564856,host_nonhuman,host,Mus musculus
2026-10-09,PRJNA1137057,SAMN42565154,host_nonhuman,host,Mus musculus
2026-10-09,PRJNA1137057,SAMN42568494,host_nonhuman,host,Mus musculus
2026-10-09,PRJNA964705,SAMN34495947,host_nonhuman,host,Bos taurus
2026-10-09,PRJNA1137057,SAMN42565255,host_nonhuman,host,Mus musculus
2026-10-09,PRJNA539933,SAMN11515168,host_nonhuman,host,Pan troglodytes
2026-10-09,PRJNA1137057,SAMN42569029,host_nonhuman,host,Mus musculus
2026-10-09,PRJNA1137057,SAMN42565361,host_nonhuman,host,Mus musculus
2026-10-09,PRJNA1009084,SAMN37145923,host_nonhuman,host,Mus musculus
2026-10-09,PRJNA313232,SAMN04517352,host_nonhuman,host,Guinea pig
2026-10-09,PRJNA1137057,SAMN42568661,host_nonhuman,host,Mus musculus
2026-10-09,PRJNA964705,SAMN34495801,host_nonhuman,host,Bos taurus
2026-10-09,PRJNA770295,SAMN25811387,host_nonhuman,host,Mus musculus
2026-10-09,PRJNA1209134,SAMN46208682,host_nonhuman,host,mouse
2026-10-09,PRJNA1137057,SAMN42565662,host_nonhuman,host,Mus musculus
2026-10-09,PRJNA732769,SAMN19340530,host_nonhuman,host,C57/BL6 mouse
2026-10-09,PRJNA1219628,SAMN47247339,host_nonhuman,host,Mus musculus
2026-10-09,PRJNA596121,SAMN13613320,host_nonhuman,host,Mouse
2026-10-09,PRJNA595966,SAMN13578047,host_nonhuman,host,Mus musculus
2026-10-09,PRJNA964705,SAMN34495740,host_nonhuman,host,Bos taurus
2026-10-09,PRJNA1137057,SAMN42565536,host_nonhuman,host,Mus musculus
2026-10-09,PRJNA595966,SAMN13578034,host_nonhuman,host,Mus musculus
2026-10-09,PRJNA1137057,SAMN42565170,host_nonhuman,host,Mus musculus
2026-10-09,PRJNA1137057,SAMN42568568,host_nonhuman,host,Mus musculus
2026-10-09,PRJNA595966,SAMN13578136,host_nonhuman,host,Mus musculus
2026-10-09,PRJNA1115089,SAMN41661979,host_nonhuman,host,Mus musculus
2026-10-09,PRJNA1137057,SAMN42565609,host_nonhuman,host,Mus musculus
2026-10-09,PRJNA1137057,SAMN42565613,host_nonhuman,host,Mus musculus
2026-10-09,PRJNA964705,SAMN34496194,host_nonhuman,host,Bos taurus
2026-10-09,PRJNA1238458,SAMN47793418,host_nonhuman,host,Mus musculus
2026-10-09,PRJNA1137057,SAMN42564982,host_nonhuman,host,Mus musculus
2026-10-09,PRJNA1137057,SAMN42565327,host_nonhuman,host,Mus musculus
2026-10-09,PRJNA1137057,SAMN42568885,host_nonhuman,host,Mus musculus
2026-10-09,PRJNA1137057,SAMN42565444,host_nonhuman,host,Mus musculus
2026-10-09,PRJNA942264,SAMN33681680,other,host,synthetic
2026-10-09,PRJNA1157403,SAMN43512649,host_nonhuman,host,Mus musculus
2026-10-09,PRJNA1137057,SAMN42568581,host_nonhuman,host,Mus musculus
2026-10-09,PRJNA964705,SAMN34495737,host_nonhuman,host,Bos taurus
2026-10-09,PRJNA450709,SAMN08958795,host_nonhuman,host,mouse
2026-10-09,PRJNA678871,SAMN16825138,host_nonhuman,host,Chicken
2026-10-09,PRJNA595966,SAMN13578118,host_nonhuman,host,Mus musculus
2026-10-09,PRJNA1137057,SAMN42565599,host_nonhuman,host,Mus musculus
2026-10-09,PRJNA1137057,SAMN42564924,host_nonhuman,host,Mus musculus
2026-10-09,PRJNA678871,SAMN16825123,host_nonhuman,host,Chicken
2026-10-09,PRJNA1238458,SAMN47793447,host_nonhuman,host,Mus musculus
2026-10-09,PRJNA1137057,SAMN42565584,host_nonhuman,host,Mus musculus
2026-10-09,PRJNA1137057,SAMN42564905,host_nonhuman,host,Mus musculus
2026-10-09,PRJNA1238458,SAMN47793436,host_nonhuman,host,Mus musculus
2026-10-09,PRJNA1137057,SAMN42565168,host_nonhuman,host,Mus musculus
2026-10-09,PRJNA1137057,SAMN42564942,host_nonhuman,host,Mus musculus
2026-10-09,PRJNA684454,SAMN17062640,host_nonhuman,host,Bos taurus
2026-10-09,PRJNA1137057,SAMN42568659,host_nonhuman,host,Mus musculus
2026-10-09,PRJNA1155655,SAMN43463049,host_nonhuman,host,mouse
2026-10-09,PRJNA684454,SAMN17279172,host_nonhuman,host,Gallus gallus
2026-10-09,PRJNA982563,SAMN35710532,host_nonhuman,host,Sus scrofa
2026-10-09,PRJNA450709,SAMN08958675,host_nonhuman,host,mouse
2026-10-09,PRJNA942264,SAMN33681706,other,host,synthetic
2026-10-09,PRJNA1137057,SAMN42568771,host_nonhuman,host,Mus musculus
2026-10-09,PRJNA1066070,SAMN39458707,host_nonhuman,host,Mus musculus
2026-10-09,PRJNA1137057,SAMN42565053,host_nonhuman,host,Mus musculus
2026-10-09,PRJNA1137057,SAMN42565468,host_nonhuman,host,Mus musculus
2026-10-09,PRJNA1137057,SAMN42565061,host_nonhuman,host,Mus musculus
2026-10-09,PRJNA1137057,SAMN42568736,host_nonhuman,host,Mus musculus
2026-10-09,PRJNA1137057,SAMN42565029,host_nonhuman,host,Mus musculus
2026-10-09,PRJNA942264,SAMN33681704,other,host,synthetic
2026-10-09,PRJNA1137057,SAMN42564821,host_nonhuman,host,Mus musculus
2026-10-09,PRJNA1137057,SAMN42565260,host_nonhuman,host,Mus musculus
2026-10-09,PRJNA1137057,SAMN42568699,host_nonhuman,host,Mus musculus
2026-10-09,PRJNA1137057,SAMN42565189,host_nonhuman,host,Mus musculus
2026-10-09,PRJNA1238458,SAMN47793425,host_nonhuman,host,Mus musculus
2026-10-09,PRJNA454826,SAMN13091321,host_nonhuman,host,Mus musculus
2026-10-09,PRJNA997572,SAMN36682530,host_nonhuman,host,Mus musculus
2026-10-09,PRJNA1025016,SAMN37722389,host_nonhuman,host,Mus musculus
2026-10-09,PRJEB58441,SAMEA112254673,host_nonhuman,host,Pan troglodytes
2026-10-09,PRJNA1137057,SAMN42568846,host_nonhuman,host,Mus musculus
2026-10-09,PRJNA1155655,SAMN43463050,host_nonhuman,host,mouse
2026-10-09,PRJNA684454,SAMN17279171,host_nonhuman,host,Gallus gallus
2026-10-09,PRJNA1137057,SAMN42565596,host_nonhuman,host,Mus musculus
2026-10-09,PRJNA1137057,SAMN42569019,host_nonhuman,host,Mus musculus
2026-10-09,PRJNA1268608,SAMN56631148,host_nonhuman,host,Mus musculus
2026-10-09,PRJNA964705,SAMN34496011,host_nonhuman,host,Bos taurus
2026-10-09,PRJNA595966,SAMN13578059,host_nonhuman,host,Mus musculus
2026-10-09,PRJNA1219628,SAMN47247286,host_nonhuman,host,Mus musculus
2026-10-09,PRJNA942264,SAMN33681806,other,host,synthetic
2026-10-09,PRJNA770295,SAMN22252824,host_nonhuman,host,Mus musculus
2026-10-09,PRJNA1137057,SAMN42565426,host_nonhuman,host,Mus musculus
2026-10-09,PRJNA1137057,SAMN42568855,host_nonhuman,host,Mus musculus
2026-10-09,PRJEB58441,SAMEA112254662,host_nonhuman,host,Pan troglodytes
2026-10-09,PRJNA1137057,SAMN42564864,host_nonhuman,host,Mus musculus
2026-10-09,PRJNA1025016,SAMN37722358,host_nonhuman,host,Mus musculus
2026-10-09,PRJNA964705,SAMN34495721,host_nonhuman,host,Bos taurus
2026-10-09,PRJNA1137057,SAMN42565123,host_nonhuman,host,Mus musculus
2026-10-09,PRJNA450709,SAMN08958722,host_nonhuman,host,mouse
2026-10-09,PRJNA964705,SAMN34496024,host_nonhuman,host,Bos taurus
2026-10-09,PRJNA964705,SAMN34496332,host_nonhuman,host,Bos taurus
2026-10-09,PRJNA1268608,SAMN48758681,host_nonhuman,host,Mus musculus
2026-10-09,PRJNA1115089,SAMN41576909,host_nonhuman,host,Mus musculus
2026-10-09,PRJNA1137057,SAMN42564906,host_nonhuman,host,Mus musculus
2026-10-09,PRJNA450709,SAMN08964118,host_nonhuman,host,mouse
2026-10-09,PRJNA684454,SAMN17215445,host_nonhuman,host,Bos taurus
2026-10-09,PRJNA1219628,SAMN47247329,host_nonhuman,host,Mus musculus
2026-10-09,PRJNA1137057,SAMN42565032,host_nonhuman,host,Mus musculus
2026-10-09,PRJNA450709,SAMN08958594,host_nonhuman,host,mouse
2026-10-09,PRJNA964705,SAMN34495729,host_nonhuman,host,Bos taurus
2026-10-09,PRJNA637878,SAMN15803893,host_nonhuman,host,Mus musculus
2026-10-09,PRJNA450709,SAMN08958648,host_nonhuman,host,mouse
2026-10-09,PRJNA450709,SAMN08958691,host_nonhuman,host,mouse
2026-10-09,PRJNA964705,SAMN34495781,host_nonhuman,host,Bos taurus
2026-10-09,PRJNA1137057,SAMN42564920,host_nonhuman,host,Mus musculus
2026-10-09,PRJNA1137057,SAMN42565024,host_nonhuman,host,Mus musculus
2026-10-09,PRJNA1137057,SAMN42565618,host_nonhuman,host,Mus musculus
2026-10-09,PRJNA1137057,SAMN42568979,host_nonhuman,host,Mus musculus
2026-10-09,PRJNA450709,SAMN08958596,host_nonhuman,host,mouse
2026-10-09,PRJNA1025016,SAMN37722430,host_nonhuman,host,Mus musculus
2026-10-09,PRJNA942264,SAMN33681771,other,host,synthetic
2026-10-09,PRJNA450709,SAMN08958614,host_nonhuman,host,mouse
2026-10-09,PRJNA1137057,SAMN42565451,host_nonhuman,host,Mus musculus
2026-10-09,PRJNA1137057,SAMN42568571,host_nonhuman,host,Mus musculus
2026-10-09,PRJNA942264,SAMN33681712,other,host,synthetic
2026-10-09,PRJNA595966,SAMN13578111,host_nonhuman,host,Mus musculus
2026-10-09,PRJNA539933,SAMN11515237,host_nonhuman,host,Gorilla gorilla gorilla
2026-10-09,PRJNA1137057,SAMN42568848,host_nonhuman,host,Mus musculus
2026-10-09,PRJNA450709,SAMN08958649,host_nonhuman,host,mouse
2026-10-09,PRJNA1137057,SAMN42568933,host_nonhuman,host,Mus musculus
2026-10-09,PRJNA964705,SAMN34496012,host_nonhuman,host,Bos taurus
2026-10-09,PRJNA964705,SAMN34496199,host_nonhuman,host,Bos taurus
2026-10-09,PRJEB58441,SAMEA112254528,host_nonhuman,host,Pan troglodytes
2026-10-09,PRJNA1137057,SAMN42565694,host_nonhuman,host,Mus musculus
2026-10-09,PRJNA595966,SAMN13578102,host_nonhuman,host,Mus musculus
2026-10-09,PRJNA595966,SAMN13578085,host_nonhuman,host,Mus musculus
2026-10-09,PRJNA1268608,SAMN48758695,host_nonhuman,host,Mus musculus
2026-10-09,PRJNA454826,SAMN13091329,host_nonhuman,host,Mus musculus
2026-10-09,PRJNA1137057,SAMN42569025,host_nonhuman,host,Mus musculus
2026-10-09,PRJNA684454,SAMN17062664,host_nonhuman,host,Gallus gallus
2026-10-09,PRJNA684454,SAMN17279185,host_nonhuman,host,Bos taurus
2026-10-09,PRJNA1137057,SAMN42565087,host_nonhuman,host,Mus musculus
2026-10-09,PRJNA450709,SAMN08958809,host_nonhuman,host,mouse
2026-10-09,PRJNA1137057,SAMN42568959,host_nonhuman,host,Mus musculus
2026-10-09,PRJNA1137057,SAMN42565560,host_nonhuman,host,Mus musculus
2026-10-09,PRJNA1137057,SAMN42568591,host_nonhuman,host,Mus musculus
2026-10-09,PRJNA1137057,SAMN42565578,host_nonhuman,host,Mus musculus
2026-10-09,PRJNA1137057,SAMN42565523,host_nonhuman,host,Mus musculus
2026-10-09,PRJNA684454,SAMN17062680,host_nonhuman,host,Bos taurus
2026-10-09,PRJNA595966,SAMN13578130,host_nonhuman,host,Mus musculus
2026-10-09,PRJNA1137057,SAMN42568652,host_nonhuman,host,Mus musculus
2026-10-09,PRJNA1025016,SAMN37722421,host_nonhuman,host,Mus musculus
2026-10-09,PRJNA997572,SAMN36682521,host_nonhuman,host,Mus musculus
2026-10-09,PRJNA1137057,SAMN42565591,host_nonhuman,host,Mus musculus
2026-10-09,PRJNA1137057,SAMN42565486,host_nonhuman,host,Mus musculus
2026-10-09,PRJNA1137057,SAMN42565291,host_nonhuman,host,Mus musculus
2026-10-09,PRJNA678871,SAMN16825072,host_nonhuman,host,Chicken
2026-10-09,PRJNA1137057,SAMN42564803,host_nonhuman,host,Mus musculus
2026-10-09,PRJNA1025016,SAMN37722371,host_nonhuman,host,Mus musculus
2026-10-09,PRJNA770295,SAMN22581308,host_nonhuman,host,Mus musculus
2026-10-09,PRJNA427653,SAMN08242259,host_nonhuman,host,Horse
2026-10-09,PRJNA1137057,SAMN42568856,host_nonhuman,host,Mus musculus
2026-10-09,PRJEB58441,SAMEA112254679,host_nonhuman,host,Pan troglodytes
2026-10-09,PRJNA964705,SAMN34495719,host_nonhuman,host,Bos taurus
2026-10-09,PRJNA1238458,SAMN47793432,host_nonhuman,host,Mus musculus
2026-10-09,PRJNA1137057,SAMN42565304,host_nonhuman,host,Mus musculus
2026-10-09,PRJNA1155655,SAMN43463045,host_nonhuman,host,mouse
2026-10-09,PRJNA964705,SAMN34495670,host_nonhuman,host,Bos taurus
2026-10-09,PRJEB58441,SAMEA112254409,host_nonhuman,host,Pan troglodytes
2026-10-09,PRJNA1268608,SAMN48758692,host_nonhuman,host,Mus musculus
2026-10-09,PRJNA1137057,SAMN42565388,host_nonhuman,host,Mus musculus
2026-10-09,PRJNA964705,SAMN34495957,host_nonhuman,host,Bos taurus
2026-10-09,PRJNA1137057,SAMN42569032,host_nonhuman,host,Mus musculus
2026-10-09,PRJNA942264,SAMN57334960,host_nonhuman,host,Mus musculus
2026-10-09,PRJNA767648,SAMN21923140,host_nonhuman,host,Mus musculus
2026-10-09,PRJNA1268608,SAMN56631101,host_nonhuman,host,Mus musculus
2026-10-09,PRJNA964705,SAMN34495870,host_nonhuman,host,Bos taurus
2026-10-09,PRJNA1137057,SAMN42565038,host_nonhuman,host,Mus musculus
2026-10-09,PRJNA450709,SAMN08958611,host_nonhuman,host,mouse
2026-10-09,PRJNA1137057,SAMN42564877,host_nonhuman,host,Mus musculus
2026-10-09,PRJNA684454,SAMN17279154,host_nonhuman,host,Sus scrofa
2026-10-09,PRJNA770295,SAMN25811407,host_nonhuman,host,Mus musculus
2026-10-09,PRJNA1137057,SAMN42568867,host_nonhuman,host,Mus musculus
2026-10-09,PRJNA637878,SAMN15803873,host_nonhuman,host,Mus musculus
2026-10-09,PRJEB58441,SAMEA112254407,host_nonhuman,host,Pan troglodytes
2026-10-09,PRJNA1124507,SAMN41855787,host_nonhuman,host,MOUSE
2026-10-09,PRJNA1025016,SAMN37722340,host_nonhuman,host,Mus musculus
2026-10-09,PRJNA1137057,SAMN42568535,host_nonhuman,host,Mus musculus
2026-10-09,PRJNA637878,SAMN15803887,host_nonhuman,host,Mus musculus
2026-10-09,PRJNA732769,SAMN19340534,host_nonhuman,host,C57/BL6 mouse
2026-10-09,PRJNA1137057,SAMN42569000,host_nonhuman,host,Mus musculus
2026-10-09,PRJNA1137057,SAMN42565682,host_nonhuman,host,Mus musculus
2026-10-09,PRJNA1238458,SAMN47793417,host_nonhuman,host,Mus musculus
2026-10-09,PRJNA1115089,SAMN41576898,host_nonhuman,host,Mus musculus
2026-10-09,PRJNA1137057,SAMN42565582,host_nonhuman,host,Mus musculus
2026-10-09,PRJNA450709,SAMN08958654,host_nonhuman,host,mouse
2026-10-09,PRJNA427653,SAMN08242297,host_nonhuman,host,Goat
2026-10-09,PRJNA997572,SAMN36682508,host_nonhuman,host,Mus musculus
2026-10-09,PRJNA1137057,SAMN42568475,host_nonhuman,host,Mus musculus
2026-10-09,PRJNA684454,SAMN17279157,host_nonhuman,host,Gallus gallus
2026-10-09,PRJNA1137057,SAMN42565749,host_nonhuman,host,Mus musculus
2026-10-09,PRJNA678871,SAMN16825086,host_nonhuman,host,Chicken
2026-10-09,PRJNA942264,SAMN33681696,other,host,synthetic
2026-10-09,PRJNA942264,SAMN33681793,other,host,synthetic
2026-10-09,PRJNA942264,SAMN33681814,other,host,synthetic
2026-10-09,PRJNA1137057,SAMN42565608,host_nonhuman,host,Mus musculus
2026-10-09,PRJNA964705,SAMN34495689,host_nonhuman,host,Bos taurus
2026-10-09,PRJNA1137057,SAMN42565531,host_nonhuman,host,Mus musculus
2026-10-09,PRJNA595966,SAMN13578160,host_nonhuman,host,Mus musculus
2026-10-09,PRJNA1137057,SAMN42565673,host_nonhuman,host,Mus musculus
2026-10-09,PRJNA1137057,SAMN42565746,host_nonhuman,host,Mus musculus
2026-10-09,PRJNA1131085,SAMN42240275,host_nonhuman,host,Mus musculus
2026-10-09,PRJNA964705,SAMN34496361,host_nonhuman,host,Bos taurus
2026-10-09,PRJNA964705,SAMN34496360,host_nonhuman,host,Bos taurus
2026-10-09,PRJNA1137057,SAMN42565580,host_nonhuman,host,Mus musculus
2026-10-09,PRJNA1137057,SAMN42565306,host_nonhuman,host,Mus musculus
2026-10-09,PRJNA1183628,SAMN44631349,host_nonhuman,host,Rattus norvegicus
2026-10-09,PRJNA1137057,SAMN42564998,host_nonhuman,host,Mus musculus
2026-10-09,PRJNA1137057,SAMN42568717,host_nonhuman,host,Mus musculus
2026-10-09,PRJNA1155655,SAMN43463079,host_nonhuman,host,mouse
2026-10-09,PRJNA1219628,SAMN47247328,host_nonhuman,host,Mus musculus
2026-10-09,PRJNA1137057,SAMN42569009,host_nonhuman,host,Mus musculus
2026-10-09,PRJNA942264,SAMN33681732,other,host,synthetic
2026-10-09,PRJNA1137057,SAMN42568765,host_nonhuman,host,Mus musculus
2026-10-09,PRJNA1137057,SAMN42565472,host_nonhuman,host,Mus musculus
2026-10-09,PRJNA1137057,SAMN42565505,host_nonhuman,host,Mus musculus
2026-10-09,PRJNA1137057,SAMN42569003,host_nonhuman,host,Mus musculus
2026-10-09,PRJNA767648,SAMN21923138,host_nonhuman,host,Mus musculus
2026-10-09,PRJNA539933,SAMN11515163,host_nonhuman,host,Pan troglodytes
2026-10-09,PRJNA1238458,SAMN47793453,host_nonhuman,host,Mus musculus
2026-10-09,PRJNA678871,SAMN18063307,host_nonhuman,host,Chicken
2026-10-09,PRJNA1137057,SAMN42565069,host_nonhuman,host,Mus musculus
2026-10-09,PRJNA964705,SAMN34495835,host_nonhuman,host,Bos taurus
2026-10-09,PRJNA1000750,SAMN36779495,host_nonhuman,host,Canis lupus familiaris
2026-10-09,PRJNA1009084,SAMN37145891,host_nonhuman,host,Mus musculus
2026-10-09,PRJNA942264,SAMN33681758,other,host,synthetic
2026-10-09,PRJNA964705,SAMN34495747,host_nonhuman,host,Bos taurus
2026-10-09,PRJNA964705,SAMN34496124,host_nonhuman,host,Bos taurus
2026-10-09,PRJNA964705,SAMN34496317,host_nonhuman,host,Bos taurus
2026-10-09,PRJNA397664,SAMN07490683,host_nonhuman,host,Mus musculus
2026-10-09,PRJNA1219628,SAMN47247330,host_nonhuman,host,Mus musculus
2026-10-09,PRJNA1137057,SAMN42565241,host_nonhuman,host,Mus musculus
2026-10-09,PRJNA1137057,SAMN42564959,host_nonhuman,host,Mus musculus
2026-10-09,PRJNA1183628,SAMN44631360,host_nonhuman,host,Rattus norvegicus
2026-10-09,PRJNA1000750,SAMN36779494,host_nonhuman,host,Canis lupus familiaris
2026-10-09,PRJNA684454,SAMN17215442,host_nonhuman,host,Gallus gallus
2026-10-09,PRJNA684454,SAMN17062643,host_nonhuman,host,Gallus gallus
2026-10-09,PRJNA1219628,SAMN47247337,host_nonhuman,host,Mus musculus
2026-10-09,PRJNA942264,SAMN33681717,other,host,synthetic
2026-10-09,PRJNA684454,SAMN17215501,host_nonhuman,host,Gallus gallus
2026-10-09,PRJNA1137057,SAMN42565518,host_nonhuman,host,Mus musculus
2026-10-09,PRJNA878528,SAMN54929685,host_nonhuman,host,Mus musculus
2026-10-09,PRJNA1137057,SAMN42564937,host_nonhuman,host,Mus musculus
2026-10-09,PRJNA767648,SAMN21923153,host_nonhuman,host,Mus musculus
2026-10-09,PRJNA1137057,SAMN42565396,host_nonhuman,host,Mus musculus
2026-10-09,PRJNA1137057,SAMN42565257,host_nonhuman,host,Mus musculus
2026-10-09,PRJEB58441,SAMEA112254514,host_nonhuman,host,Pan troglodytes
2026-10-09,PRJNA1009084,SAMN37145878,host_nonhuman,host,Mus musculus
2026-10-09,PRJNA539933,SAMN11515226,host_nonhuman,host,Gorilla gorilla gorilla
2026-10-09,PRJNA1115089,SAMN41576893,host_nonhuman,host,Mus musculus
2026-10-09,PRJNA1268608,SAMN56631127,host_nonhuman,host,Mus musculus
2026-10-09,PRJNA1115089,SAMN41661984,host_nonhuman,host,Mus musculus
2026-10-09,PRJNA1137057,SAMN42565249,host_nonhuman,host,Mus musculus
2026-10-09,PRJNA732769,SAMN19340528,host_nonhuman,host,C57/BL6 mouse
2026-10-09,PRJNA1137057,SAMN42565178,host_nonhuman,host,Mus musculus
2026-10-09,PRJNA1209134,SAMN46208711,host_nonhuman,host,mouse
2026-10-09,PRJNA1137057,SAMN42565579,host_nonhuman,host,Mus musculus
2026-10-09,PRJNA1137057,SAMN42568713,host_nonhuman,host,Mus musculus
2026-10-09,PRJNA678871,SAMN16825064,host_nonhuman,host,Chicken
2026-10-09,PRJNA767648,SAMN21923148,host_nonhuman,host,Mus musculus
2026-10-09,PRJNA1137057,SAMN42565585,host_nonhuman,host,Mus musculus
2026-10-09,PRJNA1137057,SAMN42568787,host_nonhuman,host,Mus musculus
2026-10-09,PRJNA831236,SAMN27749365,host_nonhuman,host,Mus musculus
2026-10-09,PRJNA1137057,SAMN42564824,host_nonhuman,host,Mus musculus
2026-10-09,PRJNA1137057,SAMN42568911,host_nonhuman,host,Mus musculus
2026-10-09,PRJNA1137057,SAMN42565620,host_nonhuman,host,Mus musculus
2026-10-09,PRJNA1137057,SAMN42565326,host_nonhuman,host,Mus musculus
2026-10-09,PRJNA964705,SAMN34496080,host_nonhuman,host,Bos taurus
2026-10-09,PRJNA1155655,SAMN43463061,host_nonhuman,host,mouse
2026-10-09,PRJNA770295,SAMN25811408,host_nonhuman,host,Mus musculus
2026-10-09,PRJNA1137057,SAMN42568958,host_nonhuman,host,Mus musculus
2026-10-09,PRJNA1268608,SAMN48758680,host_nonhuman,host,Mus musculus
2026-10-09,PRJNA1238458,SAMN47793437,host_nonhuman,host,Mus musculus
2026-10-09,PRJNA1137057,SAMN42565001,host_nonhuman,host,Mus musculus
2026-10-09,PRJNA1137057,SAMN42568919,host_nonhuman,host,Mus musculus
2026-10-09,PRJNA964705,SAMN34495944,host_nonhuman,host,Bos taurus
2026-10-09,PRJNA1238458,SAMN47793421,host_nonhuman,host,Mus musculus
2026-10-09,PRJNA1137057,SAMN42568611,host_nonhuman,host,Mus musculus
2026-10-09,PRJEB58441,SAMEA112254652,host_nonhuman,host,Pan troglodytes
2026-10-09,PRJNA964705,SAMN34496151,host_nonhuman,host,Bos taurus
2026-10-09,PRJNA1137057,SAMN42564872,host_nonhuman,host,Mus musculus
2026-10-09,PRJNA997572,SAMN36682519,host_nonhuman,host,Mus musculus
2026-10-09,PRJNA1124507,SAMN41855780,host_nonhuman,host,MOUSE
2026-10-09,PRJNA1137057,SAMN42568628,host_nonhuman,host,Mus musculus
2026-10-09,PRJNA1183628,SAMN44631348,host_nonhuman,host,Rattus norvegicus
2026-10-09,PRJNA684454,SAMN17279161,host_nonhuman,host,Gallus gallus
2026-10-09,PRJNA1137057,SAMN42565720,host_nonhuman,host,Mus musculus
2026-10-09,PRJNA942264,SAMN33681770,other,host,synthetic
2026-10-09,PRJNA1137057,SAMN42569039,host_nonhuman,host,Mus musculus
2026-10-09,PRJNA1155655,SAMN43463047,host_nonhuman,host,mouse
2026-10-09,PRJNA1137057,SAMN42565179,host_nonhuman,host,Mus musculus
2026-10-09,PRJNA450709,SAMN08958690,host_nonhuman,host,mouse
2026-10-09,PRJEB58441,SAMEA112254398,host_nonhuman,host,Pan troglodytes
2026-10-09,PRJNA684454,SAMN17215429,host_nonhuman,host,Bos taurus
2026-10-09,PRJNA1137057,SAMN42565223,host_nonhuman,host,Mus musculus
2026-10-09,PRJNA539933,SAMN11515180,host_nonhuman,host,Pan troglodytes
2026-10-09,PRJNA1137057,SAMN42568578,host_nonhuman,host,Mus musculus
2026-10-09,PRJNA1025016,SAMN37722424,host_nonhuman,host,Mus musculus
2026-10-09,PRJNA637878,SAMN15803891,host_nonhuman,host,Mus musculus
2026-10-09,PRJNA1137057,SAMN42564782,host_nonhuman,host,Mus musculus
2026-10-09,PRJNA1025016,SAMN37722361,host_nonhuman,host,Mus musculus
2026-10-09,PRJNA684454,SAMN17215500,host_nonhuman,host,Gallus gallus
2026-10-09,PRJNA595966,SAMN13578036,host_nonhuman,host,Mus musculus
2026-10-09,PRJNA1268608,SAMN48758698,host_nonhuman,host,Mus musculus
2026-10-09,PRJNA964705,SAMN34495849,host_nonhuman,host,Bos taurus
2026-10-09,PRJNA1137057,SAMN42568658,host_nonhuman,host,Mus musculus
2026-10-09,PRJNA595966,SAMN13578093,host_nonhuman,host,Mus musculus
2026-10-09,PRJNA595966,SAMN13578050,host_nonhuman,host,Mus musculus
2026-10-09,PRJNA964705,SAMN34496227,host_nonhuman,host,Bos taurus
2026-10-09,PRJNA964705,SAMN34496355,host_nonhuman,host,Bos taurus
2026-10-09,PRJNA1155655,SAMN43463093,host_nonhuman,host,mouse
2026-10-09,PRJNA1137057,SAMN42565372,host_nonhuman,host,Mus musculus
2026-10-09,PRJNA1137057,SAMN42564921,host_nonhuman,host,Mus musculus
2026-10-09,PRJNA1137057,SAMN42569014,host_nonhuman,host,Mus musculus
2026-10-09,PRJNA678871,SAMN18063312,host_nonhuman,host,Chicken
2026-10-09,PRJNA1137057,SAMN42565763,host_nonhuman,host,Mus musculus
2026-10-09,PRJNA684454,SAMN17279184,host_nonhuman,host,Bos taurus
2026-10-09,PRJNA1137057,SAMN42565204,host_nonhuman,host,Mus musculus
2026-10-09,PRJNA997572,SAMN36682535,host_nonhuman,host,Mus musculus
2026-10-09,PRJNA1137057,SAMN42565221,host_nonhuman,host,Mus musculus
2026-10-09,PRJNA997572,SAMN36682506,host_nonhuman,host,Mus musculus
2026-10-09,PRJNA831236,SAMN27749338,host_nonhuman,host,Mus musculus
2026-10-09,PRJNA1137057,SAMN42564804,host_nonhuman,host,Mus musculus
2026-10-09,PRJNA1137057,SAMN42565157,host_nonhuman,host,Mus musculus
2026-10-09,PRJNA1137057,SAMN42564980,host_nonhuman,host,Mus musculus
2026-10-09,PRJNA1137057,SAMN42564943,host_nonhuman,host,Mus musculus
2026-10-09,PRJNA1137057,SAMN42565126,host_nonhuman,host,Mus musculus
2026-10-09,PRJNA1137057,SAMN42568818,host_nonhuman,host,Mus musculus
2026-10-09,PRJNA1137057,SAMN42565548,host_nonhuman,host,Mus musculus
2026-10-09,PRJNA1137057,SAMN42565201,host_nonhuman,host,Mus musculus
2026-10-09,PRJNA454826,SAMN13091312,host_nonhuman,host,Mus musculus
2026-10-09,PRJNA1137057,SAMN42565566,host_nonhuman,host,Mus musculus
2026-10-09,PRJNA1209134,SAMN46208689,host_nonhuman,host,mouse
2026-10-09,PRJNA732769,SAMN19340550,host_nonhuman,host,C57/BL6 mouse
2026-10-09,PRJNA1137057,SAMN42565653,host_nonhuman,host,Mus musculus
2026-10-09,PRJNA769748,SAMN22169259,host_nonhuman,host,mouse
2026-10-09,PRJNA964705,SAMN34496249,host_nonhuman,host,Bos taurus
2026-10-09,PRJNA1137057,SAMN42568608,host_nonhuman,host,Mus musculus
2026-10-09,PRJNA964705,SAMN34496296,host_nonhuman,host,Bos taurus
2026-10-09,PRJNA575186,SAMN12879237,host_nonhuman,host,Mouse
2026-10-09,PRJNA1238458,SAMN47793423,host_nonhuman,host,Mus musculus
2026-10-09,PRJNA878528,SAMN54929672,host_nonhuman,host,Mus musculus
2026-10-09,PRJNA1137057,SAMN42564913,host_nonhuman,host,Mus musculus
2026-10-09,PRJNA942264,SAMN33681695,other,host,synthetic
2026-10-09,PRJNA831236,SAMN27749377,host_nonhuman,host,Mus musculus
2026-10-09,PRJNA454826,SAMN13091307,host_nonhuman,host,Mus musculus
2026-10-09,PRJNA1137057,SAMN42565023,host_nonhuman,host,Mus musculus
2026-10-09,PRJNA450709,SAMN08958605,host_nonhuman,host,mouse
2026-10-09,PRJNA1137057,SAMN42565633,host_nonhuman,host,Mus musculus
2026-10-09,PRJNA964705,SAMN34496032,host_nonhuman,host,Bos taurus
2026-10-09,PRJNA770295,SAMN25811415,host_nonhuman,host,Mus musculus
2026-10-09,PRJNA1137057,SAMN42564789,host_nonhuman,host,Mus musculus
2026-10-09,PRJNA964705,SAMN34496112,host_nonhuman,host,Bos taurus
2026-10-09,PRJNA1137057,SAMN42565340,host_nonhuman,host,Mus musculus
2026-10-09,PRJNA1137057,SAMN42565285,host_nonhuman,host,Mus musculus
2026-10-09,PRJNA1009084,SAMN37145892,host_nonhuman,host,Mus musculus
2026-10-09,PRJNA454826,SAMN13091323,host_nonhuman,host,Mus musculus
2026-10-09,PRJEB58441,SAMEA112254522,host_nonhuman,host,Pan troglodytes
2026-10-09,PRJEB58441,SAMEA112254399,host_nonhuman,host,Pan troglodytes
2026-10-09,PRJNA1268608,SAMN48758703,host_nonhuman,host,Mus musculus
2026-10-09,PRJNA770295,SAMN22581317,host_nonhuman,host,Mus musculus
2026-10-09,PRJNA1268608,SAMN56631149,host_nonhuman,host,Mus musculus
2026-10-09,PRJNA1137057,SAMN42565384,host_nonhuman,host,Mus musculus
2026-10-09,PRJNA767648,SAMN21923135,host_nonhuman,host,Mus musculus
2026-10-09,PRJNA595966,SAMN13578169,host_nonhuman,host,Mus musculus
2026-10-09,PRJNA1268608,SAMN56631147,host_nonhuman,host,Mus musculus
2026-10-09,PRJNA1137057,SAMN42565045,host_nonhuman,host,Mus musculus
2026-10-09,PRJNA450709,SAMN08958640,host_nonhuman,host,mouse
2026-10-09,PRJNA1137057,SAMN42564866,host_nonhuman,host,Mus musculus
2026-10-09,PRJNA1137057,SAMN42565363,host_nonhuman,host,Mus musculus
2026-10-09,PRJNA964705,SAMN34495903,host_nonhuman,host,Bos taurus
2026-10-09,PRJNA831236,SAMN27749403,host_nonhuman,host,Mus musculus
2026-10-09,PRJNA684454,SAMN17215440,host_nonhuman,host,Gallus gallus
2026-10-09,PRJNA964705,SAMN34495705,host_nonhuman,host,Bos taurus
2026-10-09,PRJNA1137057,SAMN42565448,host_nonhuman,host,Mus musculus
2026-10-09,PRJNA964705,SAMN34496250,host_nonhuman,host,Bos taurus
2026-10-09,PRJNA1137057,SAMN42565259,host_nonhuman,host,Mus musculus
2026-10-09,PRJNA878528,SAMN54929690,host_nonhuman,host,Mus musculus
2026-10-09,PRJNA1268608,SAMN56631135,host_nonhuman,host,Mus musculus
2026-10-09,PRJNA964705,SAMN34495829,host_nonhuman,host,Bos taurus
2026-10-09,PRJNA1137057,SAMN42564823,host_nonhuman,host,Mus musculus
2026-10-09,PRJNA1137057,SAMN42565425,host_nonhuman,host,Mus musculus
2026-10-09,PRJNA1137057,SAMN42564999,host_nonhuman,host,Mus musculus
2026-10-09,PRJNA1137057,SAMN42565544,host_nonhuman,host,Mus musculus
2026-10-09,PRJNA454826,SAMN13091324,host_nonhuman,host,Mus musculus
2026-10-09,PRJNA769748,SAMN22169191,host_nonhuman,host,mouse
2026-10-09,PRJNA1268608,SAMN48758711,host_nonhuman,host,Mus musculus
2026-10-09,PRJNA964705,SAMN34496270,host_nonhuman,host,Bos taurus
2026-10-09,PRJNA942264,SAMN57334964,host_nonhuman,host,Mus musculus
2026-10-09,PRJNA964705,SAMN34495993,host_nonhuman,host,Bos taurus
2026-10-09,PRJNA1137057,SAMN42569042,host_nonhuman,host,Mus musculus
2026-10-09,PRJNA678871,SAMN16825080,host_nonhuman,host,Chicken
2026-10-09,PRJNA450709,SAMN08958714,host_nonhuman,host,mouse
2026-10-09,PRJNA1137057,SAMN42568893,host_nonhuman,host,Mus musculus
2026-10-09,PRJNA964705,SAMN34496045,host_nonhuman,host,Bos taurus
2026-10-09,PRJNA1137057,SAMN42568622,host_nonhuman,host,Mus musculus
2026-10-09,PRJNA1137057,SAMN42565659,host_nonhuman,host,Mus musculus
2026-10-09,PRJNA1219628,SAMN47247311,host_nonhuman,host,Mus musculus
2026-10-09,PRJNA964705,SAMN34495731,host_nonhuman,host,Bos taurus
2026-10-09,PRJNA450709,SAMN08958674,host_nonhuman,host,mouse
2026-10-09,PRJNA1137057,SAMN42565719,host_nonhuman,host,Mus musculus
2026-10-09,PRJNA831236,SAMN27749368,host_nonhuman,host,Mus musculus
2026-10-09,PRJNA732769,SAMN19340545,host_nonhuman,host,C57/BL6 mouse
2026-10-09,PRJNA539933,SAMN11515166,host_nonhuman,host,Pan troglodytes
2026-10-09,PRJNA1137057,SAMN42565530,host_nonhuman,host,Mus musculus
2026-10-09,PRJNA1137057,SAMN42565282,host_nonhuman,host,Mus musculus
2026-10-09,PRJNA427653,SAMN08242254,other,host,Soil
2026-10-09,PRJNA942264,SAMN33681801,other,host,synthetic
2026-10-09,PRJNA595966,SAMN13578105,host_nonhuman,host,Mus musculus
2026-10-09,PRJNA1155655,SAMN43463030,host_nonhuman,host,mouse
2026-10-09,PRJNA1137057,SAMN42564858,host_nonhuman,host,Mus musculus
2026-10-09,PRJNA942264,SAMN57334959,host_nonhuman,host,Mus musculus
2026-10-09,PRJNA942264,SAMN33681672,other,host,synthetic
2026-10-09,PRJNA1137057,SAMN42568810,host_nonhuman,host,Mus musculus
2026-10-09,PRJNA964705,SAMN34496390,host_nonhuman,host,Bos taurus
2026-10-09,PRJNA595966,SAMN13578089,host_nonhuman,host,Mus musculus
2026-10-09,PRJNA1268608,SAMN48758722,host_nonhuman,host,Mus musculus
2026-10-09,PRJNA1137057,SAMN42564871,host_nonhuman,host,Mus musculus
2026-10-09,PRJNA1137057,SAMN42565413,host_nonhuman,host,Mus musculus
2026-10-09,PRJNA1183628,SAMN44631376,host_nonhuman,host,Rattus norvegicus
2026-10-09,PRJNA1183628,SAMN44631374,host_nonhuman,host,Rattus norvegicus
2026-10-09,PRJNA1137057,SAMN42565484,host_nonhuman,host,Mus musculus
2026-10-09,PRJNA684454,SAMN17279148,host_nonhuman,host,Bos taurus
2026-10-09,PRJNA1137057,SAMN42565088,host_nonhuman,host,Mus musculus
2026-10-09,PRJNA1137057,SAMN42565319,host_nonhuman,host,Mus musculus
2026-10-09,PRJNA450709,SAMN08958655,host_nonhuman,host,mouse
2026-10-09,PRJNA1183628,SAMN44631369,host_nonhuman,host,Rattus norvegicus
2026-10-09,PRJNA1025016,SAMN37722364,host_nonhuman,host,Mus musculus
2026-10-09,PRJNA831236,SAMN27749379,host_nonhuman,host,Mus musculus
2026-10-09,PRJNA1137057,SAMN42568761,host_nonhuman,host,Mus musculus
2026-10-09,PRJNA1137057,SAMN42565399,host_nonhuman,host,Mus musculus
2026-10-09,PRJNA1137057,SAMN42565400,host_nonhuman,host,Mus musculus
2026-10-09,PRJNA769748,SAMN22169254,host_nonhuman,host,mouse
2026-10-09,PRJNA1137057,SAMN42565600,host_nonhuman,host,Mus musculus
2026-10-09,PRJNA1137057,SAMN42568833,host_nonhuman,host,Mus musculus
2026-10-09,PRJNA595966,SAMN13578127,host_nonhuman,host,Mus musculus
2026-10-09,PRJNA964705,SAMN34495738,host_nonhuman,host,Bos taurus
2026-10-09,PRJNA454826,SAMN13091332,host_nonhuman,host,Mus musculus
2026-10-09,PRJNA1137057,SAMN42565480,host_nonhuman,host,Mus musculus
2026-10-09,PRJNA1268608,SAMN48758739,host_nonhuman,host,Mus musculus
2026-10-09,PRJNA1137057,SAMN42568588,host_nonhuman,host,Mus musculus
2026-10-09,PRJNA1137057,SAMN42564988,host_nonhuman,host,Mus musculus
2026-10-09,PRJNA770295,SAMN25811373,host_nonhuman,host,Mus musculus
2026-10-09,PRJNA454826,SAMN13091335,host_nonhuman,host,Mus musculus
2026-10-09,PRJNA1137057,SAMN42568547,host_nonhuman,host,Mus musculus
2026-10-09,PRJNA1219628,SAMN47247327,host_nonhuman,host,Mus musculus
2026-10-09,PRJNA684454,SAMN17215467,host_nonhuman,host,Gallus gallus
2026-10-09,PRJNA1183628,SAMN44631344,host_nonhuman,host,Rattus norvegicus
2026-10-09,PRJNA612780,SAMN14381384,host_nonhuman,host,Gallus gallus domesticus
2026-10-09,PRJNA1137057,SAMN42565616,host_nonhuman,host,Mus musculus
2026-10-09,PRJNA450709,SAMN08958729,host_nonhuman,host,mouse
2026-10-09,PRJNA1157403,SAMN43512660,host_nonhuman,host,Mus musculus
2026-10-09,PRJNA1137057,SAMN42565118,host_nonhuman,host,Mus musculus
2026-10-09,PRJNA1183628,SAMN44631357,host_nonhuman,host,Rattus norvegicus
2026-10-09,PRJNA964705,SAMN34495854,host_nonhuman,host,Bos taurus
2026-10-09,PRJNA454826,SAMN13091309,host_nonhuman,host,Mus musculus
2026-10-09,PRJNA1025016,SAMN37722380,host_nonhuman,host,Mus musculus
2026-10-09,PRJNA1025016,SAMN37722403,host_nonhuman,host,Mus musculus
2026-10-09,PRJNA684454,SAMN17062635,host_nonhuman,host,Bos taurus
2026-10-09,PRJNA1137057,SAMN42564916,host_nonhuman,host,Mus musculus
2026-10-09,PRJNA1137057,SAMN42565623,host_nonhuman,host,Mus musculus
2026-10-09,PRJNA1137057,SAMN42568751,host_nonhuman,host,Mus musculus
2026-10-09,PRJNA1337640,SAMN52380194,host_nonhuman,host,Mus musculus
2026-10-09,PRJNA1137057,SAMN42565085,host_nonhuman,host,Mus musculus
2026-10-09,PRJNA1137057,SAMN42565491,host_nonhuman,host,Mus musculus
2026-10-09,PRJNA637878,SAMN15803882,host_nonhuman,host,Mus musculus
2026-10-09,PRJNA637878,SAMN15803889,host_nonhuman,host,Mus musculus
2026-10-09,PRJNA1137057,SAMN42564830,host_nonhuman,host,Mus musculus
2026-10-09,PRJNA1209134,SAMN46208709,host_nonhuman,host,mouse
2026-10-09,PRJNA1137057,SAMN42565700,host_nonhuman,host,Mus musculus
2026-10-09,PRJNA1137057,SAMN42568707,host_nonhuman,host,Mus musculus
2026-10-09,PRJNA678871,SAMN16825067,host_nonhuman,host,Chicken
2026-10-09,PRJNA450709,SAMN08958634,host_nonhuman,host,mouse
2026-10-09,PRJNA684454,SAMN17279186,host_nonhuman,host,Bos taurus
2026-10-09,PRJEB58441,SAMEA112254657,host_nonhuman,host,Pan troglodytes
2026-10-09,PRJNA450709,SAMN08958735,host_nonhuman,host,mouse
2026-10-09,PRJNA964705,SAMN34495960,host_nonhuman,host,Bos taurus
2026-10-09,PRJNA450709,SAMN08964096,host_nonhuman,host,mouse
2026-10-09,PRJNA684454,SAMN17062642,host_nonhuman,host,Gallus gallus
2026-10-09,PRJNA942264,SAMN33681739,other,host,synthetic
2026-10-09,PRJNA1137057,SAMN42565764,host_nonhuman,host,Mus musculus
2026-10-09,PRJNA684454,SAMN17062684,host_nonhuman,host,Bos taurus
2026-10-09,PRJEB58441,SAMEA112254654,host_nonhuman,host,Pan troglodytes
2026-10-09,PRJNA1137057,SAMN42565689,host_nonhuman,host,Mus musculus
2026-10-09,PRJNA1137057,SAMN42565105,host_nonhuman,host,Mus musculus
2026-10-09,PRJNA595966,SAMN13578049,host_nonhuman,host,Mus musculus
2026-10-09,PRJNA595966,SAMN13578125,host_nonhuman,host,Mus musculus
2026-10-09,PRJNA964705,SAMN34496172,host_nonhuman,host,Bos taurus
2026-10-09,PRJNA1137057,SAMN42568664,host_nonhuman,host,Mus musculus
2026-10-09,PRJNA450709,SAMN08958625,host_nonhuman,host,mouse
2026-10-09,PRJNA595966,SAMN13578040,host_nonhuman,host,Mus musculus
2026-10-09,PRJNA684454,SAMN17062670,host_nonhuman,host,Gallus gallus
2026-10-09,PRJNA450709,SAMN08958628,host_nonhuman,host,mouse
2026-10-09,PRJNA450709,SAMN08958609,host_nonhuman,host,mouse
2026-10-09,PRJNA770295,SAMN25811359,host_nonhuman,host,Mus musculus
2026-10-09,PRJNA1137057,SAMN42568576,host_nonhuman,host,Mus musculus
2026-10-09,PRJNA1137057,SAMN42565526,host_nonhuman,host,Mus musculus
2026-10-09,PRJNA1137057,SAMN42568570,host_nonhuman,host,Mus musculus
2026-10-09,PRJNA684454,SAMN17279175,host_nonhuman,host,Gallus gallus
2026-10-09,PRJNA1137057,SAMN42565336,host_nonhuman,host,Mus musculus
2026-10-09,PRJNA313232,SAMN04517353,host_nonhuman,host,Guinea pig
2026-10-09,PRJNA1137057,SAMN42568523,host_nonhuman,host,Mus musculus
2026-10-09,PRJNA1137057,SAMN42564832,host_nonhuman,host,Mus musculus
2026-10-09,PRJNA942264,SAMN33681710,other,host,synthetic
2026-10-09,PRJNA450709,SAMN08958656,host_nonhuman,host,mouse
2026-10-09,PRJNA1137057,SAMN42568694,host_nonhuman,host,Mus musculus
2026-10-09,PRJNA964705,SAMN34495742,host_nonhuman,host,Bos taurus
2026-10-09,PRJNA1025016,SAMN37722409,host_nonhuman,host,Mus musculus
2026-10-09,PRJNA942264,SAMN33681751,other,host,synthetic
2026-10-09,PRJNA678871,SAMN16825131,host_nonhuman,host,Chicken
2026-10-09,PRJNA964705,SAMN34496295,host_nonhuman,host,Bos taurus
2026-10-09,PRJNA942264,SAMN57334970,other,host,synthetic
2026-10-09,PRJNA1268608,SAMN48758686,host_nonhuman,host,Mus musculus
2026-10-09,PRJNA964705,SAMN34495752,host_nonhuman,host,Bos taurus
2026-10-09,PRJNA997572,SAMN36682537,host_nonhuman,host,Mus musculus
2026-10-09,PRJNA1238458,SAMN47793433,host_nonhuman,host,Mus musculus
2026-10-09,PRJNA684454,SAMN17279176,host_nonhuman,host,Gallus gallus
2026-10-09,PRJNA1268608,SAMN56631095,host_nonhuman,host,Mus musculus
2026-10-09,PRJNA684454,SAMN17215472,host_nonhuman,host,Gallus gallus
2026-10-09,PRJNA767648,SAMN21923130,host_nonhuman,host,Mus musculus
2026-10-09,PRJNA982563,SAMN35710536,host_nonhuman,host,Sus scrofa
2026-10-09,PRJNA767648,SAMN21923145,host_nonhuman,host,Mus musculus
2026-10-09,PRJNA769748,SAMN22169234,host_nonhuman,host,mouse
2026-10-09,PRJNA1025016,SAMN37722415,host_nonhuman,host,Mus musculus
2026-10-09,PRJNA1137057,SAMN42565250,host_nonhuman,host,Mus musculus
2026-10-09,PRJNA637878,SAMN15803870,host_nonhuman,host,Mus musculus
2026-10-09,PRJEB58441,SAMEA112254535,host_nonhuman,host,Pan troglodytes
2026-10-09,PRJNA942264,SAMN33681667,other,host,synthetic
2026-10-09,PRJNA1137057,SAMN42565173,host_nonhuman,host,Mus musculus
2026-10-09,PRJNA684454,SAMN17215431,host_nonhuman,host,Bos taurus
2026-10-09,PRJNA1137057,SAMN42565356,host_nonhuman,host,Mus musculus
2026-10-09,PRJNA770295,SAMN22581346,host_nonhuman,host,Mus musculus
2026-10-09,PRJNA1137057,SAMN42568837,host_nonhuman,host,Mus musculus
2026-10-09,PRJNA1183628,SAMN44631371,host_nonhuman,host,Rattus norvegicus
2026-10-09,PRJNA942264,SAMN57334961,host_nonhuman,host,Mus musculus
2026-10-09,PRJNA942264,SAMN33681669,other,host,synthetic
2026-10-09,PRJNA1238458,SAMN47793428,host_nonhuman,host,Mus musculus
2026-10-09,PRJEB58441,SAMEA112254663,host_nonhuman,host,Pan troglodytes
2026-10-09,PRJNA1137057,SAMN42565197,host_nonhuman,host,Mus musculus
2026-10-09,PRJNA1137057,SAMN42568844,host_nonhuman,host,Mus musculus
2026-10-09,PRJNA1137057,SAMN42564810,host_nonhuman,host,Mus musculus
2026-10-09,PRJNA1268608,SAMN48758684,host_nonhuman,host,Mus musculus
2026-10-09,PRJNA1000750,SAMN36779487,host_nonhuman,host,Mus musculus
2026-10-09,PRJNA1137057,SAMN42565590,host_nonhuman,host,Mus musculus
2026-10-09,PRJNA450709,SAMN08958787,host_nonhuman,host,mouse
2026-10-09,PRJNA1238458,SAMN47793446,host_nonhuman,host,Mus musculus
2026-10-09,PRJNA964705,SAMN34496070,host_nonhuman,host,Bos taurus
2026-10-09,PRJEB58441,SAMEA112254668,host_nonhuman,host,Pan troglodytes
2026-10-09,PRJNA964705,SAMN34495836,host_nonhuman,host,Bos taurus
2026-10-09,PRJNA770295,SAMN22581336,host_nonhuman,host,Mus musculus
2026-10-09,PRJNA1137057,SAMN42565552,host_nonhuman,host,Mus musculus
2026-10-09,PRJNA1137057,SAMN42565301,host_nonhuman,host,Mus musculus
2026-10-09,PRJNA539933,SAMN11515171,host_nonhuman,host,Pan troglodytes
2026-10-09,PRJNA1137057,SAMN42565261,host_nonhuman,host,Mus musculus
2026-10-09,PRJNA596121,SAMN13613329,host_nonhuman,host,Mouse
2026-10-09,PRJNA1137057,SAMN42568780,host_nonhuman,host,Mus musculus
2026-10-09,PRJNA1137057,SAMN42565573,host_nonhuman,host,Mus musculus
2026-10-09,PRJNA1372133,SAMN54950372,host_nonhuman,host,Bos taurus
2026-10-09,PRJNA1372133,SAMN54950374,host_nonhuman,host,Bos taurus
2026-10-09,PRJNA1372133,SAMN54950385,host_nonhuman,host,Bos taurus
2026-10-09,PRJNA1372133,SAMN54950386,host_nonhuman,host,Bos taurus
2026-10-09,PRJNA1372133,SAMN54950389,host_nonhuman,host,Bos taurus
2026-10-09,PRJNA1372133,SAMN54950394,host_nonhuman,host,Bos taurus
2026-10-09,PRJNA1372133,SAMN54950395,host_nonhuman,host,Bos taurus
2026-10-09,PRJNA1372133,SAMN54950398,host_nonhuman,host,Bos taurus
2026-10-09,PRJNA1372133,SAMN54950407,host_nonhuman,host,Bos taurus
2026-10-09,PRJNA1372133,SAMN54950408,host_nonhuman,host,Bos taurus
2026-10-09,PRJNA1372133,SAMN54950410,host_nonhuman,host,Bos taurus
2026-10-09,PRJNA1372133,SAMN54950416,host_nonhuman,host,Bos taurus
2026-10-09,PRJNA1372133,SAMN54950418,host_nonhuman,host,Bos taurus
2026-10-09,PRJNA1372133,SAMN54950425,host_nonhuman,host,Bos taurus
2026-10-09,PRJNA1372133,SAMN54950426,host_nonhuman,host,Bos taurus
2026-10-09,PRJNA1372133,SAMN54950429,host_nonhuman,host,Bos taurus
2026-10-09,PRJNA1372133,SAMN54950435,host_nonhuman,host,Bos taurus
2026-10-09,PRJNA1472735,SAMN60516014,host_nonhuman,host,Mus musculus
2026-10-09,PRJNA1472735,SAMN60516018,host_nonhuman,host,Mus musculus
2026-10-09,PRJNA1514052,SAMN62477232,host_nonhuman,host,Mus musculus
2026-10-09,PRJNA1514052,SAMN62477234,host_nonhuman,host,Mus musculus
2026-10-09,PRJNA1514052,SAMN62477235,host_nonhuman,host,Mus musculus
2026-10-09,PRJNA1514052,SAMN62477236,host_nonhuman,host,Mus musculus
2026-10-09,PRJNA1514052,SAMN62477243,host_nonhuman,host,Mus musculus
2026-10-09,PRJNA1514052,SAMN62477245,host_nonhuman,host,Mus musculus
2026-10-09,PRJNA1514052,SAMN62477252,host_nonhuman,host,Mus musculus
2026-10-09,PRJNA1514052,SAMN62477253,host_nonhuman,host,Mus musculus
2026-10-09,PRJDB41627,SAMD01864961,host_nonhuman,host,Mus musculus
2026-10-09,PRJDB41627,SAMD01864962,host_nonhuman,host,Mus musculus
2026-10-09,PRJDB41627,SAMD01864967,host_nonhuman,host,Mus musculus
2026-10-09,PRJDB41627,SAMD01864968,host_nonhuman,host,Mus musculus
2026-10-09,PRJDB41627,SAMD01864972,host_nonhuman,host,Mus musculus
2026-10-09,PRJDB41627,SAMD01864974,host_nonhuman,host,Mus musculus
2026-10-09,PRJDB41627,SAMD01864979,host_nonhuman,host,Mus musculus
2026-10-09,PRJDB41627,SAMD01864985,host_nonhuman,host,Mus musculus
2026-10-09,PRJDB41627,SAMD01864988,host_nonhuman,host,Mus musculus
2026-10-09,PRJDB41627,SAMD01864993,host_nonhuman,host,Mus musculus
2026-10-09,PRJDB41627,SAMD01864996,host_nonhuman,host,Mus musculus
2026-10-09,PRJDB41627,SAMD01864997,host_nonhuman,host,Mus musculus
2026-10-09,PRJDB41627,SAMD01864999,host_nonhuman,host,Mus musculus
2026-10-09,PRJDB41627,SAMD01865020,host_nonhuman,host,Mus musculus
2026-10-09,PRJDB41627,SAMD01865025,host_nonhuman,host,Mus musculus
2026-10-09,PRJDB41627,SAMD01865028,host_nonhuman,host,Mus musculus
2026-10-09,PRJDB41627,SAMD01865031,host_nonhuman,host,Mus musculus
2026-10-09,PRJDB41627,SAMD01865038,host_nonhuman,host,Mus musculus
2026-10-09,PRJNA684454,SAMN17215504,host_nonhuman,host,Gallus gallus
2026-10-09,PRJNA1137057,SAMN42568903,host_nonhuman,host,Mus musculus
2026-10-09,PRJNA1137057,SAMN42569053,host_nonhuman,host,Mus musculus
2026-10-09,PRJNA684454,SAMN17062647,host_nonhuman,host,Gallus gallus
2026-10-09,PRJNA595966,SAMN13578035,host_nonhuman,host,Mus musculus
2026-10-09,PRJNA1137057,SAMN42564902,host_nonhuman,host,Mus musculus
2026-10-09,PRJNA684454,SAMN17062625,host_nonhuman,host,Sus scrofa
2026-10-09,PRJNA964705,SAMN34496168,host_nonhuman,host,Bos taurus
2026-10-09,PRJNA964705,SAMN34495970,host_nonhuman,host,Bos taurus
2026-10-09,PRJNA661048,SAMN15968255,host_nonhuman,host,Gorilla
2026-10-09,PRJNA1268608,SAMN56631090,host_nonhuman,host,Mus musculus
2026-10-09,PRJNA595966,SAMN13578087,host_nonhuman,host,Mus musculus
2026-10-09,PRJNA1137057,SAMN42568737,host_nonhuman,host,Mus musculus
2026-10-09,PRJNA831236,SAMN27749336,host_nonhuman,host,Mus musculus
2026-10-09,PRJNA991155,SAMN37147983,host_nonhuman,host,Mus musculus
2026-10-09,PRJNA1025016,SAMN37722333,host_nonhuman,host,Mus musculus
2026-10-09,PRJNA1137057,SAMN42565636,host_nonhuman,host,Mus musculus
2026-10-09,PRJNA964705,SAMN34495671,host_nonhuman,host,Bos taurus
2026-10-09,PRJNA942264,SAMN57334966,host_nonhuman,host,Mus musculus
2026-10-09,PRJNA1124507,SAMN41855781,host_nonhuman,host,MOUSE
2026-10-09,PRJNA964705,SAMN34496067,host_nonhuman,host,Bos taurus
2026-10-09,PRJNA831236,SAMN27749392,host_nonhuman,host,Mus musculus
2026-10-09,PRJNA1137057,SAMN42565324,host_nonhuman,host,Mus musculus
2026-10-09,PRJNA1137057,SAMN42568676,host_nonhuman,host,Mus musculus
2026-10-09,PRJNA1137057,SAMN42565668,host_nonhuman,host,Mus musculus
2026-10-09,PRJNA1009084,SAMN37145880,host_nonhuman,host,Mus musculus
2026-10-09,PRJNA1137057,SAMN42565392,host_nonhuman,host,Mus musculus
2026-10-09,PRJNA997572,SAMN36682525,host_nonhuman,host,Mus musculus
2026-10-09,PRJNA1025016,SAMN37722433,host_nonhuman,host,Mus musculus
2026-10-09,PRJNA1268608,SAMN56631156,host_nonhuman,host,Mus musculus
2026-10-09,PRJNA770295,SAMN25811367,host_nonhuman,host,Mus musculus
2026-10-09,PRJNA539933,SAMN11515240,host_nonhuman,host,Gorilla gorilla gorilla
2026-10-09,PRJNA427653,SAMN08242301,host_nonhuman,host,Goat
2026-10-09,PRJNA427653,SAMN08242272,host_nonhuman,host,Sheep
2026-10-09,PRJNA1137057,SAMN42565242,host_nonhuman,host,Mus musculus
2026-10-09,PRJNA942264,SAMN33681723,other,host,synthetic
2026-10-09,PRJNA1137057,SAMN42565357,host_nonhuman,host,Mus musculus
2026-10-09,PRJNA732769,SAMN19340516,host_nonhuman,host,C57/BL6 mouse
2026-10-09,PRJNA678871,SAMN16825129,host_nonhuman,host,Chicken
2026-10-09,PRJNA1137057,SAMN42565723,host_nonhuman,host,Mus musculus
2026-10-09,PRJEB58441,SAMEA112254677,host_nonhuman,host,Pan troglodytes
2026-10-09,PRJNA964705,SAMN34495712,host_nonhuman,host,Bos taurus
2026-10-09,PRJNA878528,SAMN54929687,host_nonhuman,host,Mus musculus
2026-10-09,PRJNA1268608,SAMN56631117,host_nonhuman,host,Mus musculus
2026-10-09,PRJNA1066070,SAMN39458703,host_nonhuman,host,Mus musculus
2026-10-09,PRJNA770295,SAMN22252821,host_nonhuman,host,Mus musculus
2026-10-09,PRJNA1183628,SAMN44631342,host_nonhuman,host,Rattus norvegicus
2026-10-09,PRJNA684454,SAMN17062676,host_nonhuman,host,Bos taurus
2026-10-09,PRJNA595966,SAMN13578122,host_nonhuman,host,Mus musculus
2026-10-09,PRJNA1137057,SAMN42568857,host_nonhuman,host,Mus musculus
2026-10-09,PRJNA964705,SAMN34496396,host_nonhuman,host,Bos taurus
2026-10-09,PRJNA1137057,SAMN42565467,host_nonhuman,host,Mus musculus
2026-10-09,PRJNA770295,SAMN22581335,host_nonhuman,host,Mus musculus
2026-10-09,PRJNA661048,SAMN15968239,host_nonhuman,host,Pan troglodytes
2026-10-09,PRJNA770295,SAMN22252801,host_nonhuman,host,Mus musculus
2026-10-09,PRJNA1137057,SAMN42564925,host_nonhuman,host,Mus musculus
2026-10-09,PRJNA539933,SAMN11515206,host_nonhuman,host,Pan troglodytes troglodytes
2026-10-09,PRJNA1137057,SAMN42568882,host_nonhuman,host,Mus musculus
2026-10-09,PRJNA770295,SAMN22581311,host_nonhuman,host,Mus musculus
2026-10-09,PRJNA1025016,SAMN37722374,host_nonhuman,host,Mus musculus
2026-10-09,PRJNA964705,SAMN34495783,host_nonhuman,host,Bos taurus
2026-10-09,PRJNA684454,SAMN17215538,host_nonhuman,host,Sus scrofa
2026-10-09,PRJNA1137057,SAMN42565015,host_nonhuman,host,Mus musculus
2026-10-09,PRJNA612780,SAMN14381387,host_nonhuman,host,Gallus gallus domesticus
2026-10-09,PRJNA1137057,SAMN42568786,host_nonhuman,host,Mus musculus
2026-10-09,PRJNA964705,SAMN34496224,host_nonhuman,host,Bos taurus
2026-10-09,PRJEB58441,SAMEA112254403,host_nonhuman,host,Pan troglodytes
2026-10-09,PRJNA450709,SAMN08958747,host_nonhuman,host,mouse
2026-10-09,PRJNA732769,SAMN19340540,host_nonhuman,host,C57/BL6 mouse
2026-10-09,PRJNA612780,SAMN14381388,host_nonhuman,host,Gallus gallus domesticus
2026-10-09,PRJNA1137057,SAMN42565184,host_nonhuman,host,Mus musculus
2026-10-09,PRJNA539933,SAMN11515192,host_nonhuman,host,Gorilla gorilla gorilla
2026-10-09,PRJNA1137057,SAMN42568497,host_nonhuman,host,Mus musculus
2026-10-09,PRJNA732769,SAMN19340507,host_nonhuman,host,C57/BL6 mouse
2026-10-09,PRJNA770295,SAMN22581313,host_nonhuman,host,Mus musculus
2026-10-09,PRJNA1137057,SAMN42565138,host_nonhuman,host,Mus musculus
2026-10-09,PRJNA1115089,SAMN41576915,host_nonhuman,host,Mus musculus
2026-10-09,PRJNA964705,SAMN34496305,host_nonhuman,host,Bos taurus
2026-10-09,PRJNA1124507,SAMN41855783,host_nonhuman,host,MOUSE
2026-10-09,PRJNA1137057,SAMN42568912,host_nonhuman,host,Mus musculus
2026-10-09,PRJNA1137057,SAMN42568888,host_nonhuman,host,Mus musculus
2026-10-09,PRJNA1137057,SAMN42565649,host_nonhuman,host,Mus musculus
2026-10-09,PRJNA595966,SAMN13578166,host_nonhuman,host,Mus musculus
2026-10-09,PRJNA770295,SAMN22252789,host_nonhuman,host,Mus musculus
2026-10-09,PRJNA964705,SAMN34496005,host_nonhuman,host,Bos taurus
2026-10-09,PRJNA1137057,SAMN42568484,host_nonhuman,host,Mus musculus
2026-10-09,PRJNA1137057,SAMN42565630,host_nonhuman,host,Mus musculus
2026-10-09,PRJNA769748,SAMN22169243,host_nonhuman,host,mouse
2026-10-09,PRJNA637878,SAMN15803880,host_nonhuman,host,Mus musculus
2026-10-09,PRJNA595966,SAMN13578096,host_nonhuman,host,Mus musculus
2026-10-09,PRJNA1155655,SAMN43463052,host_nonhuman,host,mouse
2026-10-09,PRJNA964705,SAMN34496333,host_nonhuman,host,Bos taurus
2026-10-09,PRJNA605251,SAMN14052678,host_nonhuman,host,Bos taurus
2026-10-09,PRJNA964705,SAMN34496205,host_nonhuman,host,Bos taurus
2026-10-09,PRJNA595966,SAMN13578120,host_nonhuman,host,Mus musculus
2026-10-09,PRJNA997572,SAMN36682532,host_nonhuman,host,Mus musculus
2026-10-09,PRJNA684454,SAMN17062674,host_nonhuman,host,Bos taurus
2026-10-09,PRJNA942264,SAMN33681681,other,host,synthetic
2026-10-09,PRJNA1009084,SAMN37145929,host_nonhuman,host,Mus musculus
2026-10-09,PRJNA1137057,SAMN42568740,host_nonhuman,host,Mus musculus
2026-10-09,PRJNA942264,SAMN33681780,other,host,synthetic
2026-10-09,PRJNA1137057,SAMN42564974,host_nonhuman,host,Mus musculus
2026-10-09,PRJNA1137057,SAMN42565735,host_nonhuman,host,Mus musculus
2026-10-09,PRJNA450709,SAMN08958635,host_nonhuman,host,mouse
2026-10-09,PRJNA1137057,SAMN42565420,host_nonhuman,host,Mus musculus
2026-10-09,PRJNA1137057,SAMN42565195,host_nonhuman,host,Mus musculus
2026-10-09,PRJNA1137057,SAMN42565233,host_nonhuman,host,Mus musculus
2026-10-09,PRJNA1025016,SAMN37722342,host_nonhuman,host,Mus musculus
2026-10-09,PRJNA1137057,SAMN42568741,host_nonhuman,host,Mus musculus
2026-10-09,PRJNA831236,SAMN27749398,host_nonhuman,host,Mus musculus
2026-10-09,PRJNA1209134,SAMN46208669,host_nonhuman,host,mouse
2026-10-09,PRJNA450709,SAMN08958755,host_nonhuman,host,mouse
2026-10-09,PRJNA1137057,SAMN42565253,host_nonhuman,host,Mus musculus
2026-10-09,PRJNA1137057,SAMN42565013,host_nonhuman,host,Mus musculus
2026-10-09,PRJNA450709,SAMN08958763,host_nonhuman,host,mouse
2026-10-09,PRJNA831236,SAMN27749376,host_nonhuman,host,Mus musculus
2026-10-09,PRJNA595966,SAMN13578065,host_nonhuman,host,Mus musculus
2026-10-09,PRJNA964705,SAMN34496319,host_nonhuman,host,Bos taurus
2026-10-09,PRJNA1115089,SAMN41661974,host_nonhuman,host,Mus musculus
2026-10-09,PRJNA1137057,SAMN42564807,host_nonhuman,host,Mus musculus
2026-10-09,PRJNA450709,SAMN08958789,host_nonhuman,host,mouse
2026-10-09,PRJNA1137057,SAMN42568880,host_nonhuman,host,Mus musculus
2026-10-09,PRJNA1137057,SAMN42565583,host_nonhuman,host,Mus musculus
2026-10-09,PRJNA678871,SAMN16825127,host_nonhuman,host,Chicken
2026-10-09,PRJNA684454,SAMN17062681,host_nonhuman,host,Gallus gallus
2026-10-09,PRJNA964705,SAMN34495914,host_nonhuman,host,Bos taurus
2026-10-09,PRJNA684454,SAMN17215505,host_nonhuman,host,Gallus gallus
2026-10-09,PRJNA1137057,SAMN42568616,host_nonhuman,host,Mus musculus
2026-10-09,PRJNA454826,SAMN13091325,host_nonhuman,host,Mus musculus
2026-10-09,PRJNA1137057,SAMN42565240,host_nonhuman,host,Mus musculus
2026-10-09,PRJNA1155655,SAMN43463034,host_nonhuman,host,mouse
2026-10-09,PRJNA684454,SAMN17215536,host_nonhuman,host,Sus scrofa
2026-10-09,PRJNA1219628,SAMN47247302,host_nonhuman,host,Mus musculus
2026-10-09,PRJNA1209134,SAMN46208678,host_nonhuman,host,mouse
2026-10-09,PRJNA1025016,SAMN37722357,host_nonhuman,host,Mus musculus
2026-10-09,PRJNA1137057,SAMN42568701,host_nonhuman,host,Mus musculus
2026-10-09,PRJNA595966,SAMN13578077,host_nonhuman,host,Mus musculus
2026-10-09,PRJNA732769,SAMN19340510,host_nonhuman,host,C57/BL6 mouse
2026-10-09,PRJNA678871,SAMN16825074,host_nonhuman,host,Chicken
2026-10-09,PRJNA1155655,SAMN43463082,host_nonhuman,host,mouse
2026-10-09,PRJNA964705,SAMN34495666,host_nonhuman,host,Bos taurus
2026-10-09,PRJNA450709,SAMN08958783,host_nonhuman,host,mouse
2026-10-09,PRJNA770295,SAMN22252818,host_nonhuman,host,Mus musculus
2026-10-09,PRJNA1137057,SAMN42565657,host_nonhuman,host,Mus musculus
2026-10-09,PRJNA1137057,SAMN42565067,host_nonhuman,host,Mus musculus
2026-10-09,PRJNA1137057,SAMN42565547,host_nonhuman,host,Mus musculus
2026-10-09,PRJNA767648,SAMN21923123,host_nonhuman,host,Mus musculus
2026-10-09,PRJNA1009084,SAMN37145919,host_nonhuman,host,Mus musculus
2026-10-09,PRJNA1137057,SAMN42568671,host_nonhuman,host,Mus musculus
2026-10-09,PRJNA1025016,SAMN37722373,host_nonhuman,host,Mus musculus
2026-10-09,PRJNA450709,SAMN08964110,host_nonhuman,host,mouse
2026-10-09,PRJNA1137057,SAMN42565475,host_nonhuman,host,Mus musculus
2026-10-09,PRJNA942264,SAMN33681745,other,host,synthetic
2026-10-09,PRJNA1209134,SAMN46208722,host_nonhuman,host,mouse
2026-10-09,PRJNA942264,SAMN33681668,other,host,synthetic
2026-10-09,PRJNA964705,SAMN34496113,host_nonhuman,host,Bos taurus
2026-10-09,PRJNA831236,SAMN27749341,host_nonhuman,host,Mus musculus
2026-10-09,PRJNA1137057,SAMN42565031,host_nonhuman,host,Mus musculus
2026-10-09,PRJEB58441,SAMEA112254683,host_nonhuman,host,Pan troglodytes
2026-10-09,PRJNA1137057,SAMN42568813,host_nonhuman,host,Mus musculus
2026-10-09,PRJNA964705,SAMN34496272,host_nonhuman,host,Bos taurus
2026-10-09,PRJNA964705,SAMN34496377,host_nonhuman,host,Bos taurus
2026-10-09,PRJNA732769,SAMN19340547,host_nonhuman,host,C57/BL6 mouse
2026-10-09,PRJNA964705,SAMN34495811,host_nonhuman,host,Bos taurus
2026-10-09,PRJNA1025016,SAMN37722387,host_nonhuman,host,Mus musculus
2026-10-09,PRJNA964705,SAMN34495891,host_nonhuman,host,Bos taurus
2026-10-09,PRJNA1025016,SAMN37722420,host_nonhuman,host,Mus musculus
2026-10-09,PRJNA1219628,SAMN47247304,host_nonhuman,host,Mus musculus
2026-10-09,PRJNA1137057,SAMN42564838,host_nonhuman,host,Mus musculus
2026-10-09,PRJNA678871,SAMN16825075,host_nonhuman,host,Chicken
2026-10-09,PRJNA964705,SAMN34495966,host_nonhuman,host,Bos taurus
2026-10-09,PRJNA1115089,SAMN41661973,host_nonhuman,host,Mus musculus
2026-10-09,PRJNA595966,SAMN13578162,host_nonhuman,host,Mus musculus
2026-10-09,PRJEB58441,SAMEA112254680,host_nonhuman,host,Pan troglodytes
2026-10-09,PRJNA770295,SAMN25811399,host_nonhuman,host,Mus musculus
2026-10-09,PRJNA1137057,SAMN42565278,host_nonhuman,host,Mus musculus
2026-10-09,PRJNA1268608,SAMN48758705,host_nonhuman,host,Mus musculus
2026-10-09,PRJNA684454,SAMN17062688,host_nonhuman,host,Bos taurus
2026-10-09,PRJEB58441,SAMEA112254682,host_nonhuman,host,Pan troglodytes
2026-10-09,PRJNA1137057,SAMN42565335,host_nonhuman,host,Mus musculus
2026-10-09,PRJNA1219628,SAMN47247312,host_nonhuman,host,Mus musculus
2026-10-09,PRJNA1219628,SAMN47247307,host_nonhuman,host,Mus musculus
2026-10-09,PRJNA1137057,SAMN42565387,host_nonhuman,host,Mus musculus
2026-10-09,PRJNA1137057,SAMN42565230,host_nonhuman,host,Mus musculus
2026-10-09,PRJNA595966,SAMN13578143,host_nonhuman,host,Mus musculus
2026-10-09,PRJNA1137057,SAMN42568904,host_nonhuman,host,Mus musculus
2026-10-09,PRJNA1137057,SAMN42568678,host_nonhuman,host,Mus musculus
2026-10-09,PRJNA1137057,SAMN42565432,host_nonhuman,host,Mus musculus
2026-10-09,PRJNA964705,SAMN34496040,host_nonhuman,host,Bos taurus
2026-10-09,PRJNA539933,SAMN11515236,host_nonhuman,host,Gorilla gorilla gorilla
2026-10-09,PRJNA1137057,SAMN42568638,host_nonhuman,host,Mus musculus
2026-10-09,PRJNA964705,SAMN34496077,host_nonhuman,host,Bos taurus
2026-10-09,PRJNA450709,SAMN08958793,host_nonhuman,host,mouse
2026-10-09,PRJNA831236,SAMN27749396,host_nonhuman,host,Mus musculus
2026-10-09,PRJNA1137057,SAMN42565408,host_nonhuman,host,Mus musculus
2026-10-09,PRJNA1137057,SAMN42565164,host_nonhuman,host,Mus musculus
2026-10-09,PRJNA770295,SAMN25811370,host_nonhuman,host,Mus musculus
2026-10-09,PRJNA942264,SAMN33681772,other,host,synthetic
2026-10-09,PRJNA1137057,SAMN42568953,host_nonhuman,host,Mus musculus
2026-10-09,PRJNA942264,SAMN33681715,other,host,synthetic
2026-10-09,PRJNA684454,SAMN17215444,host_nonhuman,host,Bos taurus
2026-10-09,PRJNA770295,SAMN25811372,host_nonhuman,host,Mus musculus
2026-10-09,PRJNA964705,SAMN34496342,host_nonhuman,host,Bos taurus
2026-10-09,PRJNA942264,SAMN33681755,other,host,synthetic
2026-10-09,PRJNA595966,SAMN13578124,host_nonhuman,host,Mus musculus
2026-10-09,PRJNA678871,SAMN16825145,other,host,Soil
2026-10-09,PRJNA1137057,SAMN42565624,host_nonhuman,host,Mus musculus
2026-10-09,PRJNA678871,SAMN16825099,host_nonhuman,host,Chicken
2026-10-09,PRJNA1137057,SAMN42568730,host_nonhuman,host,Mus musculus
2026-10-09,PRJNA964705,SAMN34495667,host_nonhuman,host,Bos taurus
2026-10-09,PRJNA427653,SAMN08242270,host_nonhuman,host,Sheep
2026-10-09,PRJNA1155655,SAMN43463072,host_nonhuman,host,mouse
2026-10-09,PRJNA450709,SAMN08958633,host_nonhuman,host,mouse
2026-10-09,PRJNA732769,SAMN19340517,host_nonhuman,host,C57/BL6 mouse
2026-10-09,PRJNA1137057,SAMN42565454,host_nonhuman,host,Mus musculus
2026-10-09,PRJNA397664,SAMN07490692,host_nonhuman,host,Mus musculus
2026-10-09,PRJNA769748,SAMN22169208,host_nonhuman,host,mouse
2026-10-09,PRJNA450709,SAMN08958638,host_nonhuman,host,mouse
2026-10-09,PRJNA942264,SAMN33681756,other,host,synthetic
2026-10-09,PRJNA1137057,SAMN42568801,host_nonhuman,host,Mus musculus
2026-10-09,PRJNA964705,SAMN34496376,host_nonhuman,host,Bos taurus
2026-10-09,PRJNA1155655,SAMN43463033,host_nonhuman,host,mouse
2026-10-09,PRJNA770295,SAMN25811390,host_nonhuman,host,Mus musculus
2026-10-09,PRJNA1137057,SAMN42568828,host_nonhuman,host,Mus musculus
2026-10-09,PRJNA684454,SAMN17215450,host_nonhuman,host,Bos taurus
2026-10-09,PRJNA1137057,SAMN42565672,host_nonhuman,host,Mus musculus
2026-10-09,PRJNA1137057,SAMN42568556,host_nonhuman,host,Mus musculus
2026-10-09,PRJNA982563,SAMN35710539,host_nonhuman,host,Sus scrofa
2026-10-09,PRJNA1137057,SAMN42565516,host_nonhuman,host,Mus musculus
2026-10-09,PRJNA1137057,SAMN42565104,host_nonhuman,host,Mus musculus
2026-10-09,PRJNA1137057,SAMN42565298,host_nonhuman,host,Mus musculus
2026-10-09,PRJNA1137057,SAMN42565434,host_nonhuman,host,Mus musculus
2026-10-09,PRJNA595966,SAMN13578070,host_nonhuman,host,Mus musculus
2026-10-09,PRJNA942264,SAMN33681782,other,host,synthetic
2026-10-09,PRJNA964705,SAMN34495718,host_nonhuman,host,Bos taurus
2026-10-09,PRJNA942264,SAMN33681665,other,host,synthetic
2026-10-09,PRJNA1137057,SAMN42565169,host_nonhuman,host,Mus musculus
2026-10-09,PRJNA595966,SAMN13578042,host_nonhuman,host,Mus musculus
2026-10-09,PRJNA1025016,SAMN37722385,host_nonhuman,host,Mus musculus
2026-10-09,PRJNA1268608,SAMN56631105,host_nonhuman,host,Mus musculus
2026-10-09,PRJNA1137057,SAMN42565502,host_nonhuman,host,Mus musculus
2026-10-09,PRJNA997572,SAMN36682529,host_nonhuman,host,Mus musculus
2026-10-09,PRJNA1268608,SAMN48758742,host_nonhuman,host,Mus musculus
2026-10-09,PRJNA684454,SAMN17062637,host_nonhuman,host,Bos taurus
2026-10-09,PRJNA1137057,SAMN42568939,host_nonhuman,host,Mus musculus
2026-10-09,PRJNA1137057,SAMN42568550,host_nonhuman,host,Mus musculus
2026-10-09,PRJNA769748,SAMN22169244,host_nonhuman,host,mouse
2026-10-09,PRJNA1137057,SAMN42565232,host_nonhuman,host,Mus musculus
2026-10-09,PRJNA1137057,SAMN42565482,host_nonhuman,host,Mus musculus
2026-10-09,PRJNA1137057,SAMN42565706,host_nonhuman,host,Mus musculus
2026-10-09,PRJNA678871,SAMN16825090,host_nonhuman,host,Chicken
2026-10-09,PRJNA770295,SAMN22252825,host_nonhuman,host,Mus musculus
2026-10-09,PRJNA1183628,SAMN44631364,host_nonhuman,host,Rattus norvegicus
2026-10-09,PRJNA1137057,SAMN42565058,host_nonhuman,host,Mus musculus
2026-10-09,PRJNA964705,SAMN34496344,host_nonhuman,host,Bos taurus
2026-10-09,PRJNA1155655,SAMN43463087,host_nonhuman,host,mouse
2026-10-09,PRJNA684454,SAMN17215473,host_nonhuman,host,Gallus gallus
2026-10-09,PRJNA1219628,SAMN47247282,host_nonhuman,host,Mus musculus
2026-10-09,PRJNA1137057,SAMN42568519,host_nonhuman,host,Mus musculus
2026-10-09,PRJNA1137057,SAMN42565037,host_nonhuman,host,Mus musculus
2026-10-09,PRJNA1137057,SAMN42565638,host_nonhuman,host,Mus musculus
2026-10-09,PRJNA1137057,SAMN42564929,host_nonhuman,host,Mus musculus
2026-10-09,PRJNA1137057,SAMN42568500,host_nonhuman,host,Mus musculus
2026-10-09,PRJNA1066070,SAMN39458705,host_nonhuman,host,Mus musculus
2026-10-09,PRJNA595966,SAMN13578098,host_nonhuman,host,Mus musculus
2026-10-09,PRJNA1209134,SAMN46208704,host_nonhuman,host,mouse
2026-10-09,PRJNA1137057,SAMN42565595,host_nonhuman,host,Mus musculus
2026-10-09,PRJNA1137057,SAMN42565606,host_nonhuman,host,Mus musculus
2026-10-09,PRJNA831236,SAMN27749397,host_nonhuman,host,Mus musculus
2026-10-09,PRJNA1137057,SAMN42565459,host_nonhuman,host,Mus musculus
2026-10-09,PRJNA831236,SAMN27749345,host_nonhuman,host,Mus musculus
2026-10-09,PRJNA1137057,SAMN42568957,host_nonhuman,host,Mus musculus
2026-10-09,PRJNA1115089,SAMN41661988,host_nonhuman,host,Mus musculus
2026-10-09,PRJNA450709,SAMN08958798,host_nonhuman,host,mouse
2026-10-09,PRJNA964705,SAMN34495669,host_nonhuman,host,Bos taurus
2026-10-09,PRJNA539933,SAMN11515187,host_nonhuman,host,Gorilla gorilla gorilla
2026-10-09,PRJNA1137057,SAMN42565107,host_nonhuman,host,Mus musculus
2026-10-09,PRJNA684454,SAMN17062687,host_nonhuman,host,Bos taurus
2026-10-09,PRJNA964705,SAMN34496189,host_nonhuman,host,Bos taurus
2026-10-09,PRJNA1137057,SAMN42568995,host_nonhuman,host,Mus musculus
2026-10-09,PRJNA1209134,SAMN46208699,host_nonhuman,host,mouse
2026-10-09,PRJNA1137057,SAMN42568499,host_nonhuman,host,Mus musculus
2026-10-09,PRJNA1137057,SAMN42564791,host_nonhuman,host,Mus musculus
2026-10-09,PRJNA427653,SAMN08242257,other,host,Soil
2026-10-09,PRJNA1137057,SAMN42565303,host_nonhuman,host,Mus musculus
2026-10-09,PRJNA595966,SAMN13578135,host_nonhuman,host,Mus musculus
2026-10-09,PRJNA1025016,SAMN37722391,host_nonhuman,host,Mus musculus
2026-10-09,PRJNA1155655,SAMN43463080,host_nonhuman,host,mouse
2026-10-09,PRJNA1219628,SAMN47247322,host_nonhuman,host,Mus musculus
2026-10-09,PRJNA1137057,SAMN42568672,host_nonhuman,host,Mus musculus
2026-10-09,PRJNA1137057,SAMN42568705,host_nonhuman,host,Mus musculus
2026-10-09,PRJNA964705,SAMN34495902,host_nonhuman,host,Bos taurus
2026-10-09,PRJNA1009084,SAMN37145875,host_nonhuman,host,Mus musculus
2026-10-09,PRJNA596121,SAMN13613333,host_nonhuman,host,Mouse
2026-10-09,PRJNA1137057,SAMN42568807,host_nonhuman,host,Mus musculus
2026-10-09,PRJNA684454,SAMN17215522,host_nonhuman,host,Bos taurus
2026-10-09,PRJNA942264,SAMN33681767,other,host,synthetic
2026-10-09,PRJNA1137057,SAMN42568890,host_nonhuman,host,Mus musculus
2026-10-09,PRJNA1238458,SAMN47793441,host_nonhuman,host,Mus musculus
2026-10-09,PRJNA1219628,SAMN47247300,host_nonhuman,host,Mus musculus
2026-10-09,PRJNA1115089,SAMN41576900,host_nonhuman,host,Mus musculus
2026-10-09,PRJNA1155655,SAMN43463043,host_nonhuman,host,mouse
2026-10-09,PRJNA1137057,SAMN42565275,host_nonhuman,host,Mus musculus
2026-10-09,PRJNA1137057,SAMN42565292,host_nonhuman,host,Mus musculus
2026-10-09,PRJNA1268608,SAMN48758708,host_nonhuman,host,Mus musculus
2026-10-09,PRJNA1137057,SAMN42565717,host_nonhuman,host,Mus musculus
2026-10-09,PRJNA1268608,SAMN56631155,host_nonhuman,host,Mus musculus
2026-10-09,PRJEB58441,SAMEA112254400,host_nonhuman,host,Pan troglodytes
2026-10-09,PRJNA1137057,SAMN42568977,host_nonhuman,host,Mus musculus
2026-10-09,PRJNA770295,SAMN25811393,host_nonhuman,host,Mus musculus
2026-10-09,PRJNA770295,SAMN25811377,host_nonhuman,host,Mus musculus
2026-10-09,PRJNA769748,SAMN22169236,host_nonhuman,host,mouse
2026-10-09,PRJNA1268608,SAMN48758706,host_nonhuman,host,Mus musculus
2026-10-09,PRJNA1137057,SAMN42568797,host_nonhuman,host,Mus musculus
2026-10-09,PRJNA637878,SAMN15803869,host_nonhuman,host,Mus musculus
2026-10-09,PRJNA1137057,SAMN42565539,host_nonhuman,host,Mus musculus
2026-10-09,PRJNA770295,SAMN22252794,host_nonhuman,host,Mus musculus
2026-10-09,PRJNA1137057,SAMN42568869,host_nonhuman,host,Mus musculus
2026-10-09,PRJNA595966,SAMN13578067,host_nonhuman,host,Mus musculus
2026-10-09,PRJNA684454,SAMN17279188,host_nonhuman,host,Bos taurus
2026-10-09,PRJNA1268608,SAMN56631128,host_nonhuman,host,Mus musculus
2026-10-09,PRJEB58441,SAMEA112254526,host_nonhuman,host,Pan troglodytes
2026-10-09,PRJNA1137057,SAMN42565073,host_nonhuman,host,Mus musculus
2026-10-09,PRJEB58441,SAMEA112254658,host_nonhuman,host,Pan troglodytes
2026-10-09,PRJNA1137057,SAMN42569013,host_nonhuman,host,Mus musculus
2026-10-09,PRJNA428537,SAMN08289402,host_nonhuman,host,Goat
2026-10-09,PRJNA427653,SAMN08242304,other,host,Soil
2026-10-09,PRJNA595966,SAMN13578092,host_nonhuman,host,Mus musculus
2026-10-09,PRJNA964705,SAMN34496133,host_nonhuman,host,Bos taurus
2026-10-09,PRJNA942264,SAMN33681746,other,host,synthetic
2026-10-09,PRJNA1209134,SAMN46208687,host_nonhuman,host,mouse
2026-10-09,PRJNA1137057,SAMN42565696,host_nonhuman,host,Mus musculus
2026-10-09,PRJNA964705,SAMN34496203,host_nonhuman,host,Bos taurus
2026-10-09,PRJNA1137057,SAMN42565429,host_nonhuman,host,Mus musculus
2026-10-09,PRJNA1137057,SAMN42565445,host_nonhuman,host,Mus musculus
2026-10-09,PRJNA1025016,SAMN37722394,host_nonhuman,host,Mus musculus
2026-10-09,PRJNA1209134,SAMN46208694,host_nonhuman,host,mouse
2026-10-09,PRJNA942264,SAMN33681699,other,host,synthetic
2026-10-09,PRJNA1137057,SAMN42564938,host_nonhuman,host,Mus musculus
2026-10-09,PRJNA1137057,SAMN42565096,host_nonhuman,host,Mus musculus
2026-10-09,PRJNA595966,SAMN13578170,host_nonhuman,host,Mus musculus
2026-10-09,PRJNA637878,SAMN15803892,host_nonhuman,host,Mus musculus
2026-10-09,PRJNA1137057,SAMN42568747,host_nonhuman,host,Mus musculus
2026-10-09,PRJNA1137057,SAMN42565666,host_nonhuman,host,Mus musculus
2026-10-09,PRJNA1137057,SAMN42565162,host_nonhuman,host,Mus musculus
2026-10-09,PRJNA1009084,SAMN37145876,host_nonhuman,host,Mus musculus
2026-10-09,PRJNA1137057,SAMN42564895,host_nonhuman,host,Mus musculus
2026-10-09,PRJNA770295,SAMN22252805,host_nonhuman,host,Mus musculus
2026-10-09,PRJNA1137057,SAMN42565674,host_nonhuman,host,Mus musculus
2026-10-09,PRJNA595966,SAMN13578141,host_nonhuman,host,Mus musculus
2026-10-09,PRJNA964705,SAMN34495880,host_nonhuman,host,Bos taurus
2026-10-09,PRJNA575186,SAMN12879238,host_nonhuman,host,Mouse
2026-10-09,PRJNA942264,SAMN57334965,host_nonhuman,host,Mus musculus
2026-10-09,PRJNA684454,SAMN17062665,host_nonhuman,host,Gallus gallus
2026-10-09,PRJNA678871,SAMN18063311,host_nonhuman,host,Chicken
2026-10-09,PRJNA1268608,SAMN56631106,host_nonhuman,host,Mus musculus
2026-10-09,PRJNA1137057,SAMN42564968,host_nonhuman,host,Mus musculus
2026-10-09,PRJNA1066070,SAMN39458704,host_nonhuman,host,Mus musculus
2026-10-09,PRJNA1183628,SAMN44631354,host_nonhuman,host,Rattus norvegicus
2026-10-09,PRJNA769748,SAMN22169218,host_nonhuman,host,mouse
2026-10-09,PRJNA770295,SAMN22252806,host_nonhuman,host,Mus musculus
2026-10-09,PRJNA1131085,SAMN42240278,host_nonhuman,host,Mus musculus
2026-10-09,PRJNA1137057,SAMN42568835,host_nonhuman,host,Mus musculus
2026-10-09,PRJNA450709,SAMN08964111,host_nonhuman,host,mouse
2026-10-09,PRJNA1137057,SAMN42568467,host_nonhuman,host,Mus musculus
2026-10-09,PRJNA539933,SAMN11515170,host_nonhuman,host,Pan troglodytes
2026-10-09,PRJNA1268608,SAMN48758694,host_nonhuman,host,Mus musculus
2026-10-09,PRJNA1137057,SAMN42565119,host_nonhuman,host,Mus musculus
2026-10-09,PRJNA942264,SAMN33681690,other,host,synthetic
2026-10-09,PRJNA1115089,SAMN41661958,host_nonhuman,host,Mus musculus
2026-10-09,PRJNA997572,SAMN36682507,host_nonhuman,host,Mus musculus
2026-10-09,PRJNA964705,SAMN34496132,host_nonhuman,host,Bos taurus
2026-10-09,PRJNA770295,SAMN25811375,host_nonhuman,host,Mus musculus
2026-10-09,PRJNA450709,SAMN08958788,host_nonhuman,host,mouse
2026-10-09,PRJNA1137057,SAMN42565203,host_nonhuman,host,Mus musculus
2026-10-09,PRJNA1137057,SAMN42568932,host_nonhuman,host,Mus musculus
2026-10-09,PRJNA1137057,SAMN42564867,host_nonhuman,host,Mus musculus
2026-10-09,PRJNA942264,SAMN57334949,host_nonhuman,host,Mus musculus
2026-10-09,PRJNA1025016,SAMN37722411,host_nonhuman,host,Mus musculus
2026-10-09,PRJNA1137057,SAMN42564834,host_nonhuman,host,Mus musculus
2026-10-09,PRJNA964705,SAMN34495890,host_nonhuman,host,Bos taurus
2026-10-09,PRJNA964705,SAMN34496343,host_nonhuman,host,Bos taurus
2026-10-09,PRJNA1137057,SAMN42565076,host_nonhuman,host,Mus musculus
2026-10-09,PRJNA1137057,SAMN42565187,host_nonhuman,host,Mus musculus
2026-10-09,PRJNA1137057,SAMN42565369,host_nonhuman,host,Mus musculus
2026-10-09,PRJNA1268608,SAMN48758704,host_nonhuman,host,Mus musculus
2026-10-09,PRJNA1137057,SAMN42568563,host_nonhuman,host,Mus musculus
2026-10-09,PRJNA1137057,SAMN42568605,host_nonhuman,host,Mus musculus
2026-10-09,PRJNA964705,SAMN34495875,host_nonhuman,host,Bos taurus
2026-10-09,PRJNA1219628,SAMN47247323,host_nonhuman,host,Mus musculus
2026-10-09,PRJNA964705,SAMN34495913,host_nonhuman,host,Bos taurus
2026-10-09,PRJNA1268608,SAMN48758741,host_nonhuman,host,Mus musculus
2026-10-09,PRJNA450709,SAMN08958597,host_nonhuman,host,mouse
2026-10-09,PRJNA1238458,SAMN47793462,host_nonhuman,host,Mus musculus
2026-10-09,PRJNA684454,SAMN17215528,host_nonhuman,host,Gallus gallus
2026-10-09,PRJNA1238458,SAMN47793442,host_nonhuman,host,Mus musculus
2026-10-09,PRJNA964705,SAMN34496371,host_nonhuman,host,Bos taurus
2026-10-09,PRJNA1137057,SAMN42565481,host_nonhuman,host,Mus musculus
2026-10-09,PRJNA942264,SAMN33681661,other,host,synthetic
2026-10-09,PRJNA1137057,SAMN42568641,host_nonhuman,host,Mus musculus
2026-10-09,PRJNA595966,SAMN13578073,host_nonhuman,host,Mus musculus
2026-10-09,PRJNA1137057,SAMN42564836,host_nonhuman,host,Mus musculus
2026-10-09,PRJNA770295,SAMN25811400,host_nonhuman,host,Mus musculus
2026-10-09,PRJNA1009084,SAMN37145915,host_nonhuman,host,Mus musculus
2026-10-09,PRJNA997572,SAMN36682516,host_nonhuman,host,Mus musculus
2026-10-09,PRJNA1157403,SAMN43512653,host_nonhuman,host,Mus musculus
2026-10-09,PRJNA1137057,SAMN42565655,host_nonhuman,host,Mus musculus
2026-10-09,PRJNA1137057,SAMN42568715,host_nonhuman,host,Mus musculus
2026-10-09,PRJNA767648,SAMN21923154,host_nonhuman,host,Mus musculus
2026-10-09,PRJNA1219628,SAMN47247306,host_nonhuman,host,Mus musculus
2026-10-09,PRJNA1137057,SAMN42569027,host_nonhuman,host,Mus musculus
2026-10-09,PRJNA684454,SAMN17215470,host_nonhuman,host,Gallus gallus
2026-10-09,PRJNA1238458,SAMN47793448,host_nonhuman,host,Mus musculus
2026-10-09,PRJEB58441,SAMEA112254529,host_nonhuman,host,Pan troglodytes
2026-10-09,PRJNA684454,SAMN17215479,host_nonhuman,host,Sus scrofa
2026-10-09,PRJNA1025016,SAMN37722405,host_nonhuman,host,Mus musculus
2026-10-09,PRJNA1157403,SAMN43512646,host_nonhuman,host,Mus musculus
2026-10-09,PRJNA450709,SAMN08958702,host_nonhuman,host,mouse
2026-10-09,PRJNA454826,SAMN13091311,host_nonhuman,host,Mus musculus
2026-10-09,PRJNA1137057,SAMN42565135,host_nonhuman,host,Mus musculus
2026-10-09,PRJNA767648,SAMN21923128,host_nonhuman,host,Mus musculus
2026-10-09,PRJNA1137057,SAMN42568634,host_nonhuman,host,Mus musculus
2026-10-09,PRJNA770295,SAMN25811368,host_nonhuman,host,Mus musculus
2026-10-09,PRJNA1137057,SAMN42565006,host_nonhuman,host,Mus musculus
2026-10-09,PRJNA964705,SAMN34495716,host_nonhuman,host,Bos taurus
2026-10-09,PRJNA770295,SAMN22252797,host_nonhuman,host,Mus musculus
2026-10-09,PRJNA661048,SAMN15968259,host_nonhuman,host,Gorilla
2026-10-09,PRJNA1137057,SAMN42565040,host_nonhuman,host,Mus musculus
2026-10-09,PRJNA1137057,SAMN42565699,host_nonhuman,host,Mus musculus
2026-10-09,PRJNA770295,SAMN22581323,host_nonhuman,host,Mus musculus
2026-10-09,PRJNA770295,SAMN22581329,host_nonhuman,host,Mus musculus
2026-10-09,PRJNA769748,SAMN22169213,host_nonhuman,host,mouse
2026-10-09,PRJNA1137057,SAMN42568718,host_nonhuman,host,Mus musculus
2026-10-09,PRJNA1137057,SAMN42564795,host_nonhuman,host,Mus musculus
2026-10-09,PRJNA1137057,SAMN42568800,host_nonhuman,host,Mus musculus
2026-10-09,PRJNA831236,SAMN27749335,host_nonhuman,host,Mus musculus
2026-10-09,PRJNA1137057,SAMN42565507,host_nonhuman,host,Mus musculus
2026-10-09,PRJNA767648,SAMN21923155,host_nonhuman,host,Mus musculus
2026-10-09,PRJNA1137057,SAMN42568866,host_nonhuman,host,Mus musculus
2026-10-09,PRJNA1183628,SAMN44631355,host_nonhuman,host,Rattus norvegicus
2026-10-09,PRJNA684454,SAMN17215432,host_nonhuman,host,Bos taurus
2026-10-09,PRJNA684454,SAMN17062682,host_nonhuman,host,Gallus gallus
2026-10-09,PRJNA1025016,SAMN37722382,host_nonhuman,host,Mus musculus
2026-10-09,PRJNA450709,SAMN08958761,host_nonhuman,host,mouse
2026-10-09,PRJNA1137057,SAMN42565466,host_nonhuman,host,Mus musculus
2026-10-09,PRJNA732769,SAMN19340536,host_nonhuman,host,C57/BL6 mouse
2026-10-09,PRJNA1137057,SAMN42564844,host_nonhuman,host,Mus musculus
2026-10-09,PRJNA1137057,SAMN42565639,host_nonhuman,host,Mus musculus
2026-10-09,PRJNA1137057,SAMN42564780,host_nonhuman,host,Mus musculus
2026-10-09,PRJNA450709,SAMN08964108,host_nonhuman,host,mouse
2026-10-09,PRJNA1137057,SAMN42569031,host_nonhuman,host,Mus musculus
2026-10-09,PRJNA1115089,SAMN41576904,host_nonhuman,host,Mus musculus
2026-10-09,PRJNA1025016,SAMN37722395,host_nonhuman,host,Mus musculus
2026-10-09,PRJNA1268608,SAMN48758691,host_nonhuman,host,Mus musculus
2026-10-09,PRJNA1066070,SAMN39458701,host_nonhuman,host,Mus musculus
2026-10-09,PRJNA450709,SAMN08958652,host_nonhuman,host,mouse
2026-10-09,PRJNA1009084,SAMN37145921,host_nonhuman,host,Mus musculus
2026-10-09,PRJNA1137057,SAMN42565404,host_nonhuman,host,Mus musculus
2026-10-09,PRJNA767648,SAMN21923139,host_nonhuman,host,Mus musculus
2026-10-09,PRJNA1137057,SAMN42568615,host_nonhuman,host,Mus musculus
2026-10-09,PRJNA1137057,SAMN42568769,host_nonhuman,host,Mus musculus
2026-10-09,PRJNA1183628,SAMN44631366,host_nonhuman,host,Rattus norvegicus
2026-10-09,PRJNA1137057,SAMN42569001,host_nonhuman,host,Mus musculus
2026-10-09,PRJNA1219628,SAMN47247320,host_nonhuman,host,Mus musculus
2026-10-09,PRJNA964705,SAMN34495677,host_nonhuman,host,Bos taurus
2026-10-09,PRJNA1137057,SAMN42568612,host_nonhuman,host,Mus musculus
2026-10-09,PRJNA1137057,SAMN42568898,host_nonhuman,host,Mus musculus
2026-10-09,PRJNA450709,SAMN08958716,host_nonhuman,host,mouse
2026-10-09,PRJEB58441,SAMEA112254671,host_nonhuman,host,Pan troglodytes
2026-10-09,PRJNA684454,SAMN17279189,host_nonhuman,host,Bos taurus
2026-10-09,PRJNA1137057,SAMN42565295,host_nonhuman,host,Mus musculus
2026-10-09,PRJNA595966,SAMN13578132,host_nonhuman,host,Mus musculus
2026-10-09,PRJNA1137057,SAMN42564860,host_nonhuman,host,Mus musculus
2026-10-09,PRJNA1137057,SAMN42564964,host_nonhuman,host,Mus musculus
2026-10-09,PRJNA595966,SAMN13578076,host_nonhuman,host,Mus musculus
2026-10-09,PRJNA1066070,SAMN39458708,host_nonhuman,host,Mus musculus
2026-10-09,PRJNA1137057,SAMN42565412,host_nonhuman,host,Mus musculus
2026-10-09,PRJNA964705,SAMN34495877,host_nonhuman,host,Bos taurus
2026-10-09,PRJNA450709,SAMN08958617,host_nonhuman,host,mouse
2026-10-09,PRJNA397664,SAMN07490688,host_nonhuman,host,Mus musculus
2026-10-09,PRJNA942264,SAMN33681691,other,host,synthetic
2026-10-09,PRJNA1137057,SAMN42564995,host_nonhuman,host,Mus musculus
2026-10-09,PRJNA1137057,SAMN42565406,host_nonhuman,host,Mus musculus
2026-10-09,PRJNA1209134,SAMN46208698,host_nonhuman,host,mouse
2026-10-09,PRJNA1183628,SAMN44631370,host_nonhuman,host,Rattus norvegicus
2026-10-09,PRJNA612780,SAMN14381391,host_nonhuman,host,Gallus gallus domesticus
2026-10-09,PRJNA831236,SAMN27749373,host_nonhuman,host,Mus musculus
2026-10-09,PRJNA964705,SAMN34496069,host_nonhuman,host,Bos taurus
2026-10-09,PRJNA1137057,SAMN42568858,host_nonhuman,host,Mus musculus
2026-10-09,PRJNA1115089,SAMN41576912,host_nonhuman,host,Mus musculus
2026-10-09,PRJNA1137057,SAMN42565529,host_nonhuman,host,Mus musculus
2026-10-09,PRJNA1137057,SAMN42565410,host_nonhuman,host,Mus musculus
2026-10-09,PRJNA942264,SAMN57334957,host_nonhuman,host,Mus musculus
2026-10-09,PRJNA1137057,SAMN42565656,host_nonhuman,host,Mus musculus
2026-10-09,PRJNA684454,SAMN17215515,host_nonhuman,host,Bos taurus
2026-10-09,PRJNA1137057,SAMN42568952,host_nonhuman,host,Mus musculus
2026-10-09,PRJNA964705,SAMN34495965,host_nonhuman,host,Bos taurus
2026-10-09,PRJNA1137057,SAMN42565540,host_nonhuman,host,Mus musculus
2026-10-09,PRJNA684454,SAMN17279167,host_nonhuman,host,Bos taurus
2026-10-09,PRJNA942264,SAMN33681729,other,host,synthetic
2026-10-09,PRJNA831236,SAMN27749382,host_nonhuman,host,Mus musculus
2026-10-09,PRJNA1219628,SAMN47247309,host_nonhuman,host,Mus musculus
2026-10-09,PRJNA454826,SAMN13091328,host_nonhuman,host,Mus musculus
2026-10-09,PRJNA684454,SAMN17062630,host_nonhuman,host,Bos taurus
2026-10-09,PRJNA1337640,SAMN52380203,host_nonhuman,host,Mus musculus
2026-10-09,PRJNA1137057,SAMN42568539,host_nonhuman,host,Mus musculus
2026-10-09,PRJNA770295,SAMN22252814,host_nonhuman,host,Mus musculus
2026-10-09,PRJNA942264,SAMN33681765,other,host,synthetic
2026-10-09,PRJNA397664,SAMN07490676,host_nonhuman,host,Mus musculus
2026-10-09,PRJEB58441,SAMEA112254517,host_nonhuman,host,Pan troglodytes
2026-10-09,PRJNA1137057,SAMN42564969,host_nonhuman,host,Mus musculus
2026-10-09,PRJNA684454,SAMN17279169,host_nonhuman,host,Gallus gallus
2026-10-09,PRJNA1137057,SAMN42568470,host_nonhuman,host,Mus musculus
2026-10-09,PRJNA661048,SAMN15968251,host_nonhuman,host,Gorilla
2026-10-09,PRJNA964705,SAMN34496226,host_nonhuman,host,Bos taurus
2026-10-09,PRJNA1137057,SAMN42565102,host_nonhuman,host,Mus musculus
2026-10-09,PRJNA964705,SAMN34495795,host_nonhuman,host,Bos taurus
2026-10-09,PRJNA1268608,SAMN48758687,host_nonhuman,host,Mus musculus
2026-10-09,PRJNA595966,SAMN13578060,host_nonhuman,host,Mus musculus
2026-10-09,PRJNA1137057,SAMN42568709,host_nonhuman,host,Mus musculus
2026-10-09,PRJNA964705,SAMN34496276,host_nonhuman,host,Bos taurus
2026-10-09,PRJNA684454,SAMN17062653,host_nonhuman,host,Gallus gallus
2026-10-09,PRJNA1137057,SAMN42568758,host_nonhuman,host,Mus musculus
2026-10-09,PRJNA1137057,SAMN42568545,host_nonhuman,host,Mus musculus
2026-10-09,PRJNA1137057,SAMN42565120,host_nonhuman,host,Mus musculus
2026-10-09,PRJNA1025016,SAMN37722368,host_nonhuman,host,Mus musculus
2026-10-09,PRJNA1268608,SAMN56631107,host_nonhuman,host,Mus musculus
2026-10-09,PRJNA831236,SAMN27749369,host_nonhuman,host,Mus musculus
2026-10-09,PRJNA1137057,SAMN42568610,host_nonhuman,host,Mus musculus
2026-10-09,PRJNA1137057,SAMN42568791,host_nonhuman,host,Mus musculus
2026-10-09,PRJNA1137057,SAMN42565397,host_nonhuman,host,Mus musculus
2026-10-09,PRJNA732769,SAMN19340537,host_nonhuman,host,C57/BL6 mouse
2026-10-09,PRJNA770295,SAMN22252798,host_nonhuman,host,Mus musculus
2026-10-09,PRJNA1137057,SAMN42565339,host_nonhuman,host,Mus musculus
2026-10-09,PRJNA595966,SAMN13578041,host_nonhuman,host,Mus musculus
2026-10-09,PRJNA1137057,SAMN42565378,host_nonhuman,host,Mus musculus
2026-10-09,PRJNA1137057,SAMN42568725,host_nonhuman,host,Mus musculus
2026-10-09,PRJNA539933,SAMN11515177,host_nonhuman,host,Pan troglodytes
2026-10-09,PRJNA1137057,SAMN42568750,host_nonhuman,host,Mus musculus
2026-10-09,PRJNA1137057,SAMN42565492,host_nonhuman,host,Mus musculus
2026-10-09,PRJNA575186,SAMN12879232,host_nonhuman,host,Mouse
2026-10-09,PRJNA1137057,SAMN42565281,host_nonhuman,host,Mus musculus
2026-10-09,PRJNA1137057,SAMN42568573,host_nonhuman,host,Mus musculus
2026-10-09,PRJNA450709,SAMN08958670,host_nonhuman,host,mouse
2026-10-09,PRJNA1066070,SAMN39458697,host_nonhuman,host,Mus musculus
2026-10-09,PRJNA450709,SAMN08964100,host_nonhuman,host,mouse
2026-10-09,PRJNA1137057,SAMN42568657,host_nonhuman,host,Mus musculus
2026-10-09,PRJNA1137057,SAMN42568897,host_nonhuman,host,Mus musculus
2026-10-09,PRJNA684454,SAMN17215456,host_nonhuman,host,Bos taurus
2026-10-09,PRJNA450709,SAMN08958786,host_nonhuman,host,mouse
2026-10-09,PRJNA1137057,SAMN42568552,host_nonhuman,host,Mus musculus
2026-10-09,PRJNA1268608,SAMN48758679,host_nonhuman,host,Mus musculus
2026-10-09,PRJNA942264,SAMN33681777,other,host,synthetic
2026-10-09,PRJNA1219628,SAMN47247341,host_nonhuman,host,Mus musculus
2026-10-09,PRJNA1137057,SAMN42568757,host_nonhuman,host,Mus musculus
2026-10-09,PRJNA1137057,SAMN42564837,host_nonhuman,host,Mus musculus
2026-10-09,PRJNA1137057,SAMN42565148,host_nonhuman,host,Mus musculus
2026-10-09,PRJNA1219628,SAMN47247283,host_nonhuman,host,Mus musculus
2026-10-09,PRJNA1115089,SAMN41576901,host_nonhuman,host,Mus musculus
2026-10-09,PRJNA1137057,SAMN42565520,host_nonhuman,host,Mus musculus
2026-10-09,PRJNA942264,SAMN33681803,other,host,synthetic
2026-10-09,PRJNA964705,SAMN34495765,host_nonhuman,host,Bos taurus
2026-10-09,PRJNA1238458,SAMN47793461,host_nonhuman,host,Mus musculus
2026-10-09,PRJNA942264,SAMN33681714,other,host,synthetic
2026-10-09,PRJNA1137057,SAMN42565142,host_nonhuman,host,Mus musculus
2026-10-09,PRJNA770295,SAMN25811386,host_nonhuman,host,Mus musculus
2026-10-09,PRJNA1137057,SAMN42568824,host_nonhuman,host,Mus musculus
2026-10-09,PRJNA1137057,SAMN42568767,host_nonhuman,host,Mus musculus
2026-10-09,PRJNA1238458,SAMN47793431,host_nonhuman,host,Mus musculus
2026-10-09,PRJNA595966,SAMN13578128,host_nonhuman,host,Mus musculus
2026-10-09,PRJNA678871,SAMN18063308,host_nonhuman,host,Chicken
2026-10-09,PRJNA1137057,SAMN42568990,host_nonhuman,host,Mus musculus
2026-10-09,PRJNA684454,SAMN17062634,host_nonhuman,host,Bos taurus
2026-10-09,PRJNA1137057,SAMN42568627,host_nonhuman,host,Mus musculus
2026-10-09,PRJNA678871,SAMN16825121,host_nonhuman,host,Chicken
2026-10-09,PRJNA1137057,SAMN42568773,host_nonhuman,host,Mus musculus
2026-10-09,PRJNA1268608,SAMN56631123,host_nonhuman,host,Mus musculus
2026-10-09,PRJNA427653,SAMN08242313,other,host,Soil
2026-10-09,PRJNA732769,SAMN19340521,host_nonhuman,host,C57/BL6 mouse
2026-10-09,PRJNA1137057,SAMN42565488,host_nonhuman,host,Mus musculus
2026-10-09,PRJNA1137057,SAMN42564983,host_nonhuman,host,Mus musculus
2026-10-09,PRJNA450709,SAMN08964113,host_nonhuman,host,mouse
2026-10-09,PRJNA1137057,SAMN42569010,host_nonhuman,host,Mus musculus
2026-10-09,PRJNA1137057,SAMN42568503,host_nonhuman,host,Mus musculus
2026-10-09,PRJNA539933,SAMN11515219,host_nonhuman,host,Gorilla gorilla gorilla
2026-10-09,PRJNA770295,SAMN25811388,host_nonhuman,host,Mus musculus
2026-10-09,PRJNA450709,SAMN08958707,host_nonhuman,host,mouse
2026-10-09,PRJNA942264,SAMN33681761,other,host,synthetic
2026-10-09,PRJNA761454,SAMN21349075,other,host,water control
2026-10-09,PRJNA1137057,SAMN42565149,host_nonhuman,host,Mus musculus
2026-10-09,PRJNA539933,SAMN11515234,host_nonhuman,host,Gorilla gorilla gorilla
2026-10-09,PRJNA1137057,SAMN42565097,host_nonhuman,host,Mus musculus
2026-10-09,PRJNA769748,SAMN22169203,host_nonhuman,host,mouse
2026-10-09,PRJNA1137057,SAMN42565019,host_nonhuman,host,Mus musculus
2026-10-09,PRJNA1137057,SAMN42564971,host_nonhuman,host,Mus musculus
2026-10-09,PRJNA637878,SAMN15803890,host_nonhuman,host,Mus musculus
2026-10-09,PRJNA450709,SAMN08958615,host_nonhuman,host,mouse
2026-10-09,PRJNA1137057,SAMN42565136,host_nonhuman,host,Mus musculus
2026-10-09,PRJNA1137057,SAMN42568708,host_nonhuman,host,Mus musculus
2026-10-09,PRJNA1268608,SAMN48758721,host_nonhuman,host,Mus musculus
2026-10-09,PRJNA942264,SAMN33681694,other,host,synthetic
2026-10-09,PRJNA964705,SAMN34496201,host_nonhuman,host,Bos taurus
2026-10-09,PRJNA450709,SAMN08958772,host_nonhuman,host,mouse
2026-10-09,PRJNA732769,SAMN19340548,host_nonhuman,host,C57/BL6 mouse
2026-10-09,PRJNA1137057,SAMN42564831,host_nonhuman,host,Mus musculus
2026-10-09,PRJNA1137057,SAMN42568536,host_nonhuman,host,Mus musculus
2026-10-09,PRJNA1137057,SAMN42565334,host_nonhuman,host,Mus musculus
2026-10-09,PRJNA1137057,SAMN42565389,host_nonhuman,host,Mus musculus
2026-10-09,PRJNA450709,SAMN08958612,host_nonhuman,host,mouse
2026-10-09,PRJNA427653,SAMN08242312,other,host,Soil
2026-10-09,PRJNA1025016,SAMN37722378,host_nonhuman,host,Mus musculus
2026-10-09,PRJNA1183628,SAMN44631353,host_nonhuman,host,Rattus norvegicus
2026-10-09,PRJNA1137057,SAMN42564797,host_nonhuman,host,Mus musculus
2026-10-09,PRJNA1268608,SAMN48758712,host_nonhuman,host,Mus musculus
2026-10-09,PRJNA964705,SAMN34495987,host_nonhuman,host,Bos taurus
2026-10-09,PRJNA1137057,SAMN42568924,host_nonhuman,host,Mus musculus
2026-10-09,PRJNA684454,SAMN17215509,host_nonhuman,host,Gallus gallus
2026-10-09,PRJNA1137057,SAMN42565099,host_nonhuman,host,Mus musculus
2026-10-09,PRJNA767648,SAMN21923129,host_nonhuman,host,Mus musculus
2026-10-09,PRJNA450709,SAMN08958721,host_nonhuman,host,mouse
2026-10-09,PRJNA684454,SAMN17279162,host_nonhuman,host,Gallus gallus
2026-10-09,PRJNA964705,SAMN34495749,host_nonhuman,host,Bos taurus
2026-10-09,PRJNA1137057,SAMN42568593,host_nonhuman,host,Mus musculus
2026-10-09,PRJNA539933,SAMN11515167,host_nonhuman,host,Pan troglodytes
2026-10-09,PRJNA678871,SAMN16825077,host_nonhuman,host,Chicken
2026-10-09,PRJNA1137057,SAMN42568917,host_nonhuman,host,Mus musculus
2026-10-09,PRJNA684454,SAMN17215514,host_nonhuman,host,Bos taurus
2026-10-09,PRJNA1137057,SAMN42565455,host_nonhuman,host,Mus musculus
2026-10-09,PRJNA678871,SAMN16825061,host_nonhuman,host,Chicken
2026-10-09,PRJNA1137057,SAMN42564822,host_nonhuman,host,Mus musculus
2026-10-09,PRJNA1137057,SAMN42565066,host_nonhuman,host,Mus musculus
2026-10-09,PRJNA964705,SAMN34495682,host_nonhuman,host,Bos taurus
2026-10-09,PRJNA942264,SAMN57334973,other,host,synthetic
2026-10-09,PRJNA1137057,SAMN42568483,host_nonhuman,host,Mus musculus
2026-10-09,PRJNA1025016,SAMN37722350,host_nonhuman,host,Mus musculus
2026-10-09,PRJNA1137057,SAMN42568711,host_nonhuman,host,Mus musculus
2026-10-09,PRJNA1268608,SAMN56631134,host_nonhuman,host,Mus musculus
2026-10-09,PRJNA964705,SAMN34496331,host_nonhuman,host,Bos taurus
2026-10-09,PRJNA770295,SAMN22252795,host_nonhuman,host,Mus musculus
2026-10-09,PRJNA684454,SAMN17215497,host_nonhuman,host,Sus scrofa
2026-10-09,PRJNA1137057,SAMN42564993,host_nonhuman,host,Mus musculus
2026-10-09,PRJNA1009084,SAMN37145898,host_nonhuman,host,Mus musculus
2026-10-09,PRJNA1137057,SAMN42568985,host_nonhuman,host,Mus musculus
2026-10-09,PRJNA637878,SAMN15803886,host_nonhuman,host,Mus musculus
2026-10-09,PRJNA1137057,SAMN42565199,host_nonhuman,host,Mus musculus
2026-10-09,PRJNA684454,SAMN17215475,host_nonhuman,host,Gallus gallus
2026-10-09,PRJNA1137057,SAMN42568544,host_nonhuman,host,Mus musculus
2026-10-09,PRJNA678871,SAMN18063315,host_nonhuman,host,Chicken
2026-10-09,PRJNA1025016,SAMN37722423,host_nonhuman,host,Mus musculus
2026-10-09,PRJNA1137057,SAMN42565127,host_nonhuman,host,Mus musculus
2026-10-09,PRJNA595966,SAMN13578063,host_nonhuman,host,Mus musculus
2026-10-09,PRJNA1268608,SAMN48758702,host_nonhuman,host,Mus musculus
2026-10-09,PRJNA1115089,SAMN41576905,host_nonhuman,host,Mus musculus
2026-10-09,PRJNA1268608,SAMN48758697,host_nonhuman,host,Mus musculus
2026-10-09,PRJEB58441,SAMEA112254382,host_nonhuman,host,Pan troglodytes
2026-10-09,PRJNA1137057,SAMN42565524,host_nonhuman,host,Mus musculus
2026-10-09,PRJNA1268608,SAMN48758716,host_nonhuman,host,Mus musculus
2026-10-09,PRJNA942264,SAMN33681736,other,host,synthetic
2026-10-09,PRJNA1137057,SAMN42568691,host_nonhuman,host,Mus musculus
2026-10-09,PRJNA450709,SAMN08958771,host_nonhuman,host,mouse
2026-10-09,PRJNA770295,SAMN22252813,host_nonhuman,host,Mus musculus
2026-10-09,PRJNA1115089,SAMN41576907,host_nonhuman,host,Mus musculus
2026-10-09,PRJNA964705,SAMN34496047,host_nonhuman,host,Bos taurus
2026-10-09,PRJNA1137057,SAMN42564794,host_nonhuman,host,Mus musculus
2026-10-09,PRJNA661048,SAMN15968267,host_nonhuman,host,Gorilla
2026-10-09,PRJNA1025016,SAMN37722359,host_nonhuman,host,Mus musculus
2026-10-09,PRJNA427653,SAMN08242307,other,host,Soil
2026-10-09,PRJNA595966,SAMN13578146,host_nonhuman,host,Mus musculus
2026-10-09,PRJNA1009084,SAMN37145928,host_nonhuman,host,Mus musculus
2026-10-09,PRJNA1137057,SAMN42565280,host_nonhuman,host,Mus musculus
2026-10-09,PRJNA1137057,SAMN42568603,host_nonhuman,host,Mus musculus
2026-10-09,PRJNA1137057,SAMN42569028,host_nonhuman,host,Mus musculus
2026-10-09,PRJNA1137057,SAMN42565370,host_nonhuman,host,Mus musculus
2026-10-09,PRJNA1137057,SAMN42564901,host_nonhuman,host,Mus musculus
2026-10-09,PRJNA1137057,SAMN42565417,host_nonhuman,host,Mus musculus
2026-10-09,PRJNA1137057,SAMN42568920,host_nonhuman,host,Mus musculus
2026-10-09,PRJNA1137057,SAMN42564862,host_nonhuman,host,Mus musculus
2026-10-09,PRJNA450709,SAMN08958777,host_nonhuman,host,mouse
2026-10-09,PRJNA1219628,SAMN47247290,host_nonhuman,host,Mus musculus
2026-10-09,PRJNA964705,SAMN34496379,host_nonhuman,host,Bos taurus
2026-10-09,PRJNA1009084,SAMN37145917,host_nonhuman,host,Mus musculus
2026-10-09,PRJNA1137057,SAMN42565431,host_nonhuman,host,Mus musculus
2026-10-09,PRJNA1268608,SAMN56631157,host_nonhuman,host,Mus musculus
2026-10-09,PRJNA942264,SAMN33681741,other,host,synthetic
2026-10-09,PRJNA1137057,SAMN42565519,host_nonhuman,host,Mus musculus
2026-10-09,PRJNA1137057,SAMN42565739,host_nonhuman,host,Mus musculus
2026-10-09,PRJNA684454,SAMN17279152,host_nonhuman,host,Sus scrofa
2026-10-09,PRJNA831236,SAMN27749346,host_nonhuman,host,Mus musculus
2026-10-09,PRJNA942264,SAMN33681671,other,host,synthetic
2026-10-09,PRJNA942264,SAMN33681807,other,host,synthetic
2026-10-09,PRJNA595966,SAMN13578158,host_nonhuman,host,Mus musculus
2026-10-09,PRJNA596121,SAMN13613334,host_nonhuman,host,Mouse
2026-10-09,PRJNA964705,SAMN34495860,host_nonhuman,host,Bos taurus
2026-10-09,PRJNA684454,SAMN17062649,host_nonhuman,host,Gallus gallus
2026-10-09,PRJNA732769,SAMN19340515,host_nonhuman,host,C57/BL6 mouse
2026-10-09,PRJNA1137057,SAMN42565114,host_nonhuman,host,Mus musculus
2026-10-09,PRJNA450709,SAMN08958701,host_nonhuman,host,mouse
2026-10-09,PRJNA769748,SAMN22169222,host_nonhuman,host,mouse
2026-10-09,PRJNA1137057,SAMN42565078,host_nonhuman,host,Mus musculus
2026-10-09,PRJNA1137057,SAMN42565703,host_nonhuman,host,Mus musculus
2026-10-09,PRJNA1219628,SAMN47247291,host_nonhuman,host,Mus musculus
2026-10-09,PRJNA1137057,SAMN42565167,host_nonhuman,host,Mus musculus
2026-10-09,PRJNA964705,SAMN34495818,host_nonhuman,host,Bos taurus
2026-10-09,PRJNA964705,SAMN34496054,host_nonhuman,host,Bos taurus
2026-10-09,PRJNA684454,SAMN17215482,host_nonhuman,host,Sus scrofa
2026-10-09,PRJNA1025016,SAMN37722386,host_nonhuman,host,Mus musculus
2026-10-09,PRJNA1219628,SAMN47247325,host_nonhuman,host,Mus musculus
2026-10-09,PRJNA831236,SAMN27749362,host_nonhuman,host,Mus musculus
2026-10-09,PRJNA1219628,SAMN47247293,host_nonhuman,host,Mus musculus
2026-10-09,PRJNA964705,SAMN34495739,host_nonhuman,host,Bos taurus
2026-10-09,PRJNA1137057,SAMN42565330,host_nonhuman,host,Mus musculus
2026-10-09,PRJNA684454,SAMN17215539,host_nonhuman,host,Sus scrofa
2026-10-09,PRJNA769748,SAMN22169220,host_nonhuman,host,mouse
2026-10-09,PRJNA942264,SAMN33681683,other,host,synthetic
2026-10-09,PRJNA1137057,SAMN42568546,host_nonhuman,host,Mus musculus
2026-10-09,PRJNA1137057,SAMN42565543,host_nonhuman,host,Mus musculus
2026-10-09,PRJNA684454,SAMN17062672,host_nonhuman,host,Bos taurus
2026-10-09,PRJNA1137057,SAMN42568974,host_nonhuman,host,Mus musculus
2026-10-09,PRJNA539933,SAMN11515175,host_nonhuman,host,Pan troglodytes
2026-10-09,PRJNA964705,SAMN34495939,host_nonhuman,host,Bos taurus
2026-10-09,PRJNA964705,SAMN34495696,host_nonhuman,host,Bos taurus
2026-10-09,PRJNA1137057,SAMN42564910,host_nonhuman,host,Mus musculus
2026-10-09,PRJNA1137057,SAMN42565409,host_nonhuman,host,Mus musculus
2026-10-09,PRJNA1137057,SAMN42565622,host_nonhuman,host,Mus musculus
2026-10-09,PRJNA769748,SAMN22169238,host_nonhuman,host,mouse
2026-10-09,PRJNA1137057,SAMN42568579,host_nonhuman,host,Mus musculus
2026-10-09,PRJNA539933,SAMN11515214,host_nonhuman,host,Gorilla gorilla gorilla
2026-10-09,PRJNA684454,SAMN17215487,host_nonhuman,host,Sus scrofa
2026-10-09,PRJNA595966,SAMN13578109,host_nonhuman,host,Mus musculus
2026-10-09,PRJNA964705,SAMN34495886,host_nonhuman,host,Bos taurus
2026-10-09,PRJNA1137057,SAMN42565626,host_nonhuman,host,Mus musculus
2026-10-09,PRJNA1137057,SAMN42565697,host_nonhuman,host,Mus musculus
2026-10-09,PRJNA831236,SAMN27749339,host_nonhuman,host,Mus musculus
2026-10-09,PRJNA1137057,SAMN42565089,host_nonhuman,host,Mus musculus
2026-10-09,PRJNA1268608,SAMN56631152,host_nonhuman,host,Mus musculus
2026-10-09,PRJNA1115089,SAMN41576906,host_nonhuman,host,Mus musculus
2026-10-09,PRJNA964705,SAMN34495668,host_nonhuman,host,Bos taurus
2026-10-09,PRJEB58441,SAMEA112254546,host_nonhuman,host,Pan troglodytes
2026-10-09,PRJNA1137057,SAMN42565471,host_nonhuman,host,Mus musculus
2026-10-09,PRJNA831236,SAMN27749334,host_nonhuman,host,Mus musculus
2026-10-09,PRJNA1137057,SAMN42568878,host_nonhuman,host,Mus musculus
2026-10-09,PRJNA1137057,SAMN42564819,host_nonhuman,host,Mus musculus
2026-10-09,PRJNA1115089,SAMN41661970,host_nonhuman,host,Mus musculus
2026-10-09,PRJNA1137057,SAMN42565572,host_nonhuman,host,Mus musculus
2026-10-09,PRJNA1137057,SAMN42565712,host_nonhuman,host,Mus musculus
2026-10-09,PRJNA964705,SAMN34495826,host_nonhuman,host,Bos taurus
2026-10-09,PRJNA942264,SAMN33681686,other,host,synthetic
2026-10-09,PRJNA1137057,SAMN42568629,host_nonhuman,host,Mus musculus
2026-10-09,PRJNA997572,SAMN36682512,host_nonhuman,host,Mus musculus
2026-10-09,PRJNA678871,SAMN16825082,host_nonhuman,host,Chicken
2026-10-09,PRJNA1137057,SAMN42568817,host_nonhuman,host,Mus musculus
2026-10-09,PRJNA1025016,SAMN37722366,host_nonhuman,host,Mus musculus
2026-10-09,PRJNA595966,SAMN13578154,host_nonhuman,host,Mus musculus
2026-10-09,PRJNA1219628,SAMN47247301,host_nonhuman,host,Mus musculus
2026-10-09,PRJNA964705,SAMN34495817,host_nonhuman,host,Bos taurus
2026-10-09,PRJNA1219628,SAMN47247345,host_nonhuman,host,Mus musculus
2026-10-09,PRJNA1137057,SAMN42565422,host_nonhuman,host,Mus musculus
2026-10-09,PRJNA427653,SAMN08242303,host_nonhuman,host,Goat
2026-10-09,PRJEB58441,SAMEA112254648,host_nonhuman,host,Pan troglodytes
2026-10-09,PRJNA1155655,SAMN43463062,host_nonhuman,host,mouse
2026-10-09,PRJNA1268608,SAMN56631102,host_nonhuman,host,Mus musculus
2026-10-09,PRJNA1137057,SAMN42569024,host_nonhuman,host,Mus musculus
2026-10-09,PRJNA1137057,SAMN42568719,host_nonhuman,host,Mus musculus
2026-10-09,PRJEB58441,SAMEA112254660,host_nonhuman,host,Pan troglodytes
2026-10-09,PRJNA942264,SAMN33681790,other,host,synthetic
2026-10-09,PRJNA612780,SAMN14381389,host_nonhuman,host,Gallus gallus domesticus
2026-10-09,PRJNA1025016,SAMN37722377,host_nonhuman,host,Mus musculus
2026-10-09,PRJNA964705,SAMN34496071,host_nonhuman,host,Bos taurus
2026-10-09,PRJNA1137057,SAMN42565750,host_nonhuman,host,Mus musculus
2026-10-09,PRJNA1137057,SAMN42568772,host_nonhuman,host,Mus musculus
2026-10-09,PRJNA1268608,SAMN48758700,host_nonhuman,host,Mus musculus
2026-10-09,PRJNA1219628,SAMN47247296,host_nonhuman,host,Mus musculus
2026-10-09,PRJNA596121,SAMN13613331,host_nonhuman,host,Mouse
2026-10-09,PRJNA1137057,SAMN42568831,host_nonhuman,host,Mus musculus
2026-10-09,PRJNA1025016,SAMN37722429,host_nonhuman,host,Mus musculus
2026-10-09,PRJNA1137057,SAMN42564948,host_nonhuman,host,Mus musculus
2026-10-09,PRJNA450709,SAMN08958676,host_nonhuman,host,mouse
2026-10-09,PRJNA427653,SAMN08242300,host_nonhuman,host,Goat
2026-10-09,PRJNA770295,SAMN22581347,host_nonhuman,host,Mus musculus
2026-10-09,PRJNA732769,SAMN19340524,host_nonhuman,host,C57/BL6 mouse
2026-10-09,PRJNA1025016,SAMN37722330,host_nonhuman,host,Mus musculus
2026-10-09,PRJNA1155655,SAMN43463092,host_nonhuman,host,mouse
2026-10-09,PRJNA1137057,SAMN42565650,host_nonhuman,host,Mus musculus
2026-10-09,PRJNA1155655,SAMN43463076,host_nonhuman,host,mouse
2026-10-09,PRJNA1137057,SAMN42565510,host_nonhuman,host,Mus musculus
2026-10-09,PRJNA964705,SAMN34496302,host_nonhuman,host,Bos taurus
2026-10-09,PRJNA964705,SAMN34495887,host_nonhuman,host,Bos taurus
2026-10-09,PRJNA1268608,SAMN56631108,host_nonhuman,host,Mus musculus
2026-10-09,PRJNA1137057,SAMN42569043,host_nonhuman,host,Mus musculus
2026-10-09,PRJNA450709,SAMN08958632,host_nonhuman,host,mouse
2026-10-09,PRJNA1131085,SAMN42240279,host_nonhuman,host,Mus musculus
2026-10-09,PRJNA1137057,SAMN42565191,host_nonhuman,host,Mus musculus
2026-10-09,PRJNA1137057,SAMN42568688,host_nonhuman,host,Mus musculus
2026-10-09,PRJNA1137057,SAMN42568847,host_nonhuman,host,Mus musculus
2026-10-09,PRJNA942264,SAMN33681744,other,host,synthetic
2026-10-09,PRJNA595966,SAMN13578046,host_nonhuman,host,Mus musculus
2026-10-09,PRJNA1268608,SAMN56631094,host_nonhuman,host,Mus musculus
2026-10-09,PRJNA1137057,SAMN42564813,host_nonhuman,host,Mus musculus
2026-10-09,PRJNA539933,SAMN11515182,host_nonhuman,host,Gorilla gorilla gorilla
2026-10-09,PRJNA1025016,SAMN37722354,host_nonhuman,host,Mus musculus
2026-10-09,PRJNA1137057,SAMN42565239,host_nonhuman,host,Mus musculus
2026-10-09,PRJNA595966,SAMN13578103,host_nonhuman,host,Mus musculus
2026-10-09,PRJNA1137057,SAMN42568777,host_nonhuman,host,Mus musculus
2026-10-09,PRJEB58441,SAMEA112254394,host_nonhuman,host,Pan troglodytes
2026-10-09,PRJNA767648,SAMN21923131,host_nonhuman,host,Mus musculus
2026-10-09,PRJNA1209134,SAMN46208692,host_nonhuman,host,mouse
2026-10-09,PRJNA1137057,SAMN42568680,host_nonhuman,host,Mus musculus
2026-10-09,PRJNA678871,SAMN18063305,host_nonhuman,host,Chicken
2026-10-09,PRJNA1137057,SAMN42565243,host_nonhuman,host,Mus musculus
2026-10-09,PRJNA450709,SAMN08958653,host_nonhuman,host,mouse
2026-10-09,PRJNA450709,SAMN08958728,host_nonhuman,host,mouse
2026-10-09,PRJNA1137057,SAMN42565270,host_nonhuman,host,Mus musculus
2026-10-09,PRJNA539933,SAMN11515218,host_nonhuman,host,Gorilla gorilla gorilla
2026-10-09,PRJNA1238458,SAMN47793426,host_nonhuman,host,Mus musculus
2026-10-09,PRJNA1137057,SAMN42569011,host_nonhuman,host,Mus musculus
2026-10-09,PRJNA942264,SAMN33681769,other,host,synthetic
2026-10-09,PRJNA964705,SAMN34495706,host_nonhuman,host,Bos taurus
2026-10-09,PRJNA1137057,SAMN42568663,host_nonhuman,host,Mus musculus
2026-10-09,PRJNA1137057,SAMN42565296,host_nonhuman,host,Mus musculus
2026-10-09,PRJNA1137057,SAMN42568639,host_nonhuman,host,Mus musculus
2026-10-09,PRJNA1137057,SAMN42564911,host_nonhuman,host,Mus musculus
2026-10-09,PRJNA1268608,SAMN48758760,host_nonhuman,host,Mus musculus
2026-10-09,PRJNA637878,SAMN15803868,host_nonhuman,host,Mus musculus
2026-10-09,PRJNA1137057,SAMN42568931,host_nonhuman,host,Mus musculus
2026-10-09,PRJNA767648,SAMN21923152,host_nonhuman,host,Mus musculus
2026-10-09,PRJNA450709,SAMN08958620,host_nonhuman,host,mouse
2026-10-09,PRJNA1137057,SAMN42565316,host_nonhuman,host,Mus musculus
2026-10-09,PRJNA1137057,SAMN42564885,host_nonhuman,host,Mus musculus
2026-10-09,PRJNA1137057,SAMN42568690,host_nonhuman,host,Mus musculus
2026-10-09,PRJNA1268608,SAMN56631144,host_nonhuman,host,Mus musculus
2026-10-09,PRJNA1268608,SAMN48758710,host_nonhuman,host,Mus musculus
2026-10-09,PRJNA1137057,SAMN42568584,host_nonhuman,host,Mus musculus
2026-10-09,PRJNA964705,SAMN34496102,host_nonhuman,host,Bos taurus
2026-10-09,PRJNA1137057,SAMN42565533,host_nonhuman,host,Mus musculus
2026-10-09,PRJNA942264,SAMN33681812,other,host,synthetic
2026-10-09,PRJNA678871,SAMN16825113,host_nonhuman,host,Chicken
2026-10-09,PRJNA1137057,SAMN42565493,host_nonhuman,host,Mus musculus
2026-10-09,PRJNA684454,SAMN17215491,host_nonhuman,host,Bos taurus
2026-10-09,PRJNA1137057,SAMN42565206,host_nonhuman,host,Mus musculus
2026-10-09,PRJNA1137057,SAMN42565588,host_nonhuman,host,Mus musculus
2026-10-09,PRJNA942264,SAMN33681734,other,host,synthetic
2026-10-09,PRJNA1137057,SAMN42565635,host_nonhuman,host,Mus musculus
2026-10-09,PRJNA964705,SAMN34495812,host_nonhuman,host,Bos taurus
2026-10-09,PRJNA450709,SAMN08958610,host_nonhuman,host,mouse
2026-10-09,PRJNA964705,SAMN34496087,host_nonhuman,host,Bos taurus
2026-10-09,PRJNA770295,SAMN25811363,host_nonhuman,host,Mus musculus
2026-10-09,PRJNA684454,SAMN17215520,host_nonhuman,host,Sus scrofa
2026-10-09,PRJNA1137057,SAMN42565309,host_nonhuman,host,Mus musculus
2026-10-09,PRJNA684454,SAMN17215531,host_nonhuman,host,Gallus gallus
2026-10-09,PRJNA964705,SAMN34496059,host_nonhuman,host,Bos taurus
2026-10-09,PRJNA450709,SAMN08958754,host_nonhuman,host,mouse
2026-10-09,PRJNA1137057,SAMN42565176,host_nonhuman,host,Mus musculus
2026-10-09,PRJNA427653,SAMN08242311,other,host,Soil
2026-10-09,PRJNA1009084,SAMN37145911,host_nonhuman,host,Mus musculus
2026-10-09,PRJNA684454,SAMN17215490,host_nonhuman,host,Bos taurus
2026-10-09,PRJNA1268608,SAMN56631092,host_nonhuman,host,Mus musculus
2026-10-09,PRJNA1137057,SAMN42565541,host_nonhuman,host,Mus musculus
2026-10-09,PRJNA684454,SAMN17062645,host_nonhuman,host,Gallus gallus
2026-10-09,PRJNA1137057,SAMN42568962,host_nonhuman,host,Mus musculus
2026-10-09,PRJNA450709,SAMN08958806,host_nonhuman,host,mouse
2026-10-09,PRJNA1137057,SAMN42568942,host_nonhuman,host,Mus musculus
2026-10-09,PRJNA964705,SAMN34496389,host_nonhuman,host,Bos taurus
2026-10-09,PRJNA450709,SAMN08958601,host_nonhuman,host,mouse
2026-10-09,PRJNA454826,SAMN13091316,host_nonhuman,host,Mus musculus
2026-10-09,PRJNA964705,SAMN34496358,host_nonhuman,host,Bos taurus
2026-10-09,PRJNA767648,SAMN21923142,host_nonhuman,host,Mus musculus
2026-10-09,PRJNA450709,SAMN08958725,host_nonhuman,host,mouse
2026-10-09,PRJNA770295,SAMN22252799,host_nonhuman,host,Mus musculus
2026-10-09,PRJNA1137057,SAMN42565724,host_nonhuman,host,Mus musculus
2026-10-09,PRJNA964705,SAMN34495720,host_nonhuman,host,Bos taurus
2026-10-09,PRJNA1137057,SAMN42565670,host_nonhuman,host,Mus musculus
2026-10-09,PRJNA770295,SAMN22581331,host_nonhuman,host,Mus musculus
2026-10-09,PRJNA770295,SAMN22252816,host_nonhuman,host,Mus musculus
2026-10-09,PRJNA612780,SAMN14381392,host_nonhuman,host,Gallus gallus domesticus
2026-10-09,PRJNA1137057,SAMN42565036,host_nonhuman,host,Mus musculus
2026-10-09,PRJEB58441,SAMEA112254674,host_nonhuman,host,Pan troglodytes
2026-10-09,PRJNA1137057,SAMN42569050,host_nonhuman,host,Mus musculus
2026-10-09,PRJNA1137057,SAMN42568794,host_nonhuman,host,Mus musculus
2026-10-09,PRJNA1137057,SAMN42565428,host_nonhuman,host,Mus musculus
2026-10-09,PRJNA942264,SAMN33681676,other,host,synthetic
2026-10-09,PRJNA1115089,SAMN41576918,host_nonhuman,host,Mus musculus
2026-10-09,PRJNA964705,SAMN34496246,host_nonhuman,host,Bos taurus
2026-10-09,PRJNA1137057,SAMN42565462,host_nonhuman,host,Mus musculus
2026-10-09,PRJNA1137057,SAMN42565631,host_nonhuman,host,Mus musculus
2026-10-09,PRJNA1137057,SAMN42568520,host_nonhuman,host,Mus musculus
2026-10-09,PRJNA450709,SAMN08958700,host_nonhuman,host,mouse
2026-10-09,PRJNA1137057,SAMN42565756,host_nonhuman,host,Mus musculus
2026-10-09,PRJNA684454,SAMN17062631,host_nonhuman,host,Bos taurus
2026-10-09,PRJNA1209134,SAMN46208718,host_nonhuman,host,mouse
2026-10-09,PRJNA1025016,SAMN37722422,host_nonhuman,host,Mus musculus
2026-10-09,PRJNA1137057,SAMN42565515,host_nonhuman,host,Mus musculus
2026-10-09,PRJNA684454,SAMN17215517,host_nonhuman,host,Sus scrofa
2026-10-09,PRJNA964705,SAMN34496074,host_nonhuman,host,Bos taurus
2026-10-09,PRJEB58441,SAMEA112254385,host_nonhuman,host,Pan troglodytes
2026-10-09,PRJNA1137057,SAMN42569038,host_nonhuman,host,Mus musculus
2026-10-09,PRJNA770295,SAMN22252807,host_nonhuman,host,Mus musculus
2026-10-09,PRJNA1268608,SAMN56631118,host_nonhuman,host,Mus musculus
2026-10-09,PRJNA450709,SAMN08958736,host_nonhuman,host,mouse
2026-10-09,PRJNA1137057,SAMN42568956,host_nonhuman,host,Mus musculus
2026-10-09,PRJNA313232,SAMN04517354,host_nonhuman,host,Guinea pig
2026-10-09,PRJNA1209134,SAMN46208671,host_nonhuman,host,mouse
2026-10-09,PRJNA1115089,SAMN41576910,host_nonhuman,host,Mus musculus
2026-10-09,PRJNA1183628,SAMN44631373,host_nonhuman,host,Rattus norvegicus
2026-10-09,PRJNA831236,SAMN27749342,host_nonhuman,host,Mus musculus
2026-10-09,PRJNA1115089,SAMN41661992,host_nonhuman,host,Mus musculus
2026-10-09,PRJNA1268608,SAMN48758753,host_nonhuman,host,Mus musculus
2026-10-09,PRJNA454826,SAMN13091331,host_nonhuman,host,Mus musculus
2026-10-09,PRJNA770295,SAMN22252820,host_nonhuman,host,Mus musculus
2026-10-09,PRJNA1137057,SAMN42568524,host_nonhuman,host,Mus musculus
2026-10-09,PRJNA1137057,SAMN42565513,host_nonhuman,host,Mus musculus
2026-10-09,PRJNA678871,SAMN18063314,host_nonhuman,host,Chicken
2026-10-09,PRJNA964705,SAMN34496210,host_nonhuman,host,Bos taurus
2026-10-09,PRJNA1137057,SAMN42568566,host_nonhuman,host,Mus musculus
2026-10-09,PRJNA1009084,SAMN37145924,host_nonhuman,host,Mus musculus
2026-10-09,PRJNA964705,SAMN34496322,host_nonhuman,host,Bos taurus
2026-10-09,PRJNA595966,SAMN13578108,host_nonhuman,host,Mus musculus
2026-10-09,PRJNA770295,SAMN22252793,host_nonhuman,host,Mus musculus
2026-10-09,PRJNA770295,SAMN22252810,host_nonhuman,host,Mus musculus
2026-10-09,PRJNA767648,SAMN21923117,host_nonhuman,host,Mus musculus
2026-10-09,PRJNA450709,SAMN08958664,host_nonhuman,host,mouse
2026-10-09,PRJNA1137057,SAMN42564904,host_nonhuman,host,Mus musculus
2026-10-09,PRJNA942264,SAMN33681748,other,host,synthetic
2026-10-09,PRJNA450709,SAMN08958792,host_nonhuman,host,mouse
2026-10-09,PRJNA1155655,SAMN43463051,host_nonhuman,host,mouse
2026-10-09,PRJNA982563,SAMN35710534,host_nonhuman,host,Sus scrofa
2026-10-09,PRJNA1219628,SAMN47247310,host_nonhuman,host,Mus musculus
2026-10-09,PRJNA1137057,SAMN42568532,host_nonhuman,host,Mus musculus
2026-10-09,PRJNA1137057,SAMN42565593,host_nonhuman,host,Mus musculus
2026-10-09,PRJNA1137057,SAMN42568864,host_nonhuman,host,Mus musculus
2026-10-09,PRJNA1137057,SAMN42565574,host_nonhuman,host,Mus musculus
2026-10-09,PRJNA684454,SAMN17215498,host_nonhuman,host,Gallus gallus
2026-10-09,PRJNA964705,SAMN34496273,host_nonhuman,host,Bos taurus
2026-10-09,PRJNA831236,SAMN27749347,host_nonhuman,host,Mus musculus
2026-10-09,PRJNA964705,SAMN34495700,host_nonhuman,host,Bos taurus
2026-10-09,PRJNA450709,SAMN08958753,host_nonhuman,host,mouse
2026-10-09,PRJNA770295,SAMN25811383,host_nonhuman,host,Mus musculus
2026-10-09,PRJNA1137057,SAMN42565264,host_nonhuman,host,Mus musculus
2026-10-09,PRJNA427653,SAMN08242268,host_nonhuman,host,Horse
2026-10-09,PRJNA1124507,SAMN41855790,host_nonhuman,host,MOUSE
2026-10-09,PRJNA1268608,SAMN56631116,host_nonhuman,host,Mus musculus
2026-10-09,PRJNA964705,SAMN34495681,host_nonhuman,host,Bos taurus
2026-10-09,PRJNA964705,SAMN34495802,host_nonhuman,host,Bos taurus
2026-10-09,PRJNA1137057,SAMN42568901,host_nonhuman,host,Mus musculus
2026-10-09,PRJEB58441,SAMEA112254139,host_nonhuman,host,Pan troglodytes
2026-10-09,PRJNA942264,SAMN33681762,other,host,synthetic
2026-10-09,PRJNA1137057,SAMN42568592,host_nonhuman,host,Mus musculus
2026-10-09,PRJNA942264,SAMN33681688,other,host,synthetic
2026-10-09,PRJNA427653,SAMN08242278,host_nonhuman,host,Sheep
2026-10-09,PRJNA678871,SAMN16825117,host_nonhuman,host,Chicken
2026-10-09,PRJEB58441,SAMEA112254678,host_nonhuman,host,Pan troglodytes
2026-10-09,PRJNA1009084,SAMN37145900,host_nonhuman,host,Mus musculus
2026-10-09,PRJNA678871,SAMN16825053,host_nonhuman,host,Chicken
2026-10-09,PRJNA1137057,SAMN42564880,host_nonhuman,host,Mus musculus
2026-10-09,PRJNA1137057,SAMN42568704,host_nonhuman,host,Mus musculus
2026-10-09,PRJNA575186,SAMN12879229,host_nonhuman,host,Mouse
2026-10-09,PRJNA831236,SAMN27749348,host_nonhuman,host,Mus musculus
2026-10-09,PRJNA595966,SAMN13578090,host_nonhuman,host,Mus musculus
2026-10-09,PRJNA964705,SAMN34495824,host_nonhuman,host,Bos taurus
2026-10-09,PRJNA964705,SAMN34496202,host_nonhuman,host,Bos taurus
2026-10-09,PRJNA964705,SAMN34496271,host_nonhuman,host,Bos taurus
2026-10-09,PRJNA964705,SAMN34496363,host_nonhuman,host,Bos taurus
2026-10-09,PRJNA450709,SAMN08958760,host_nonhuman,host,mouse
2026-10-09,PRJNA1268608,SAMN56631142,host_nonhuman,host,Mus musculus
2026-10-09,PRJNA684454,SAMN17279182,host_nonhuman,host,Gallus gallus
2026-10-09,PRJNA1155655,SAMN43463086,host_nonhuman,host,mouse
2026-10-09,PRJNA450709,SAMN08958681,host_nonhuman,host,mouse
2026-10-09,PRJNA1219628,SAMN47247332,host_nonhuman,host,Mus musculus
2026-10-09,PRJNA964705,SAMN34496006,host_nonhuman,host,Bos taurus
2026-10-09,PRJNA1137057,SAMN42565322,host_nonhuman,host,Mus musculus
2026-10-09,PRJEB58441,SAMEA112300169,host_nonhuman,host,Pan troglodytes
2026-10-09,PRJNA1137057,SAMN42565219,host_nonhuman,host,Mus musculus
2026-10-09,PRJNA1115089,SAMN41661964,host_nonhuman,host,Mus musculus
2026-10-09,PRJNA1137057,SAMN42565287,host_nonhuman,host,Mus musculus
2026-10-09,PRJNA982563,SAMN35710535,host_nonhuman,host,Sus scrofa
2026-10-09,PRJNA732769,SAMN19340554,host_nonhuman,host,C57/BL6 mouse
2026-10-09,PRJNA769748,SAMN22169224,host_nonhuman,host,mouse
2026-10-09,PRJNA942264,SAMN33681750,other,host,synthetic
2026-10-09,PRJNA1000750,SAMN36779497,host_nonhuman,host,Canis lupus familiaris
2026-10-09,PRJNA684454,SAMN17062677,host_nonhuman,host,Bos taurus
2026-10-09,PRJNA1137057,SAMN42565561,host_nonhuman,host,Mus musculus
2026-10-09,PRJNA1137057,SAMN42565128,host_nonhuman,host,Mus musculus
2026-10-09,PRJNA1137057,SAMN42568763,host_nonhuman,host,Mus musculus
2026-10-09,PRJNA1268608,SAMN48758744,host_nonhuman,host,Mus musculus
2026-10-09,PRJNA539933,SAMN11515228,host_nonhuman,host,Gorilla gorilla gorilla
2026-10-09,PRJNA1155655,SAMN43463046,host_nonhuman,host,mouse
2026-10-09,PRJNA769748,SAMN22169201,host_nonhuman,host,mouse
2026-10-09,PRJNA1219628,SAMN47247284,host_nonhuman,host,Mus musculus
2026-10-09,PRJNA770295,SAMN22581312,host_nonhuman,host,Mus musculus
2026-10-09,PRJNA684454,SAMN17215466,host_nonhuman,host,Gallus gallus
2026-10-09,PRJNA450709,SAMN08964104,host_nonhuman,host,mouse
2026-10-09,PRJNA1137057,SAMN42565328,host_nonhuman,host,Mus musculus
2026-10-09,PRJNA1137057,SAMN42564848,host_nonhuman,host,Mus musculus
2026-10-09,PRJNA450709,SAMN08958626,host_nonhuman,host,mouse
2026-10-09,PRJNA1137057,SAMN42568506,host_nonhuman,host,Mus musculus
2026-10-09,PRJNA450709,SAMN08958742,host_nonhuman,host,mouse
2026-10-09,PRJNA1137057,SAMN42565443,host_nonhuman,host,Mus musculus
2026-10-09,PRJNA684454,SAMN17062667,host_nonhuman,host,Bos taurus
2026-10-09,PRJNA1137057,SAMN42565044,host_nonhuman,host,Mus musculus
2026-10-09,PRJNA1009084,SAMN37145895,host_nonhuman,host,Mus musculus
2026-10-09,PRJNA1137057,SAMN42565528,host_nonhuman,host,Mus musculus
2026-10-09,PRJNA1137057,SAMN42565643,host_nonhuman,host,Mus musculus
2026-10-09,PRJNA678871,SAMN16825048,host_nonhuman,host,Chicken
2026-10-09,PRJNA1137057,SAMN42565074,host_nonhuman,host,Mus musculus
2026-10-09,PRJNA942264,SAMN33681787,other,host,synthetic
2026-10-09,PRJNA427653,SAMN08242275,host_nonhuman,host,Sheep
2026-10-09,PRJNA1009084,SAMN37145883,host_nonhuman,host,Mus musculus
2026-10-09,PRJNA942264,SAMN33681720,other,host,synthetic
2026-10-09,PRJNA1137057,SAMN42564801,host_nonhuman,host,Mus musculus
2026-10-09,PRJNA964705,SAMN34496354,host_nonhuman,host,Bos taurus
2026-10-09,PRJNA1137057,SAMN42565713,host_nonhuman,host,Mus musculus
2026-10-09,PRJNA1137057,SAMN42568518,host_nonhuman,host,Mus musculus
2026-10-09,PRJNA1137057,SAMN42568460,host_nonhuman,host,Mus musculus
2026-10-09,PRJNA684454,SAMN17062646,host_nonhuman,host,Gallus gallus
2026-10-09,PRJNA1137057,SAMN42565226,host_nonhuman,host,Mus musculus
2026-10-09,PRJNA1137057,SAMN42565602,host_nonhuman,host,Mus musculus
2026-10-09,PRJNA1209134,SAMN46208684,host_nonhuman,host,mouse
2026-10-09,PRJNA1137057,SAMN42568743,host_nonhuman,host,Mus musculus
2026-10-09,PRJNA964705,SAMN34495813,host_nonhuman,host,Bos taurus
2026-10-09,PRJNA450709,SAMN08958668,host_nonhuman,host,mouse
2026-10-09,PRJNA942264,SAMN57334956,host_nonhuman,host,Mus musculus
2026-10-09,PRJNA964705,SAMN34495834,host_nonhuman,host,Bos taurus
2026-10-09,PRJNA1137057,SAMN42565621,host_nonhuman,host,Mus musculus
2026-10-09,PRJNA770295,SAMN25811362,host_nonhuman,host,Mus musculus
2026-10-09,PRJNA1137057,SAMN42568852,host_nonhuman,host,Mus musculus
2026-10-09,PRJNA1155655,SAMN43463048,host_nonhuman,host,mouse
2026-10-09,PRJNA595966,SAMN13578164,host_nonhuman,host,Mus musculus
2026-10-09,PRJNA761454,SAMN21349080,other,host,water control
2026-10-09,PRJNA964705,SAMN34495946,host_nonhuman,host,Bos taurus
2026-10-09,PRJNA732769,SAMN19340552,host_nonhuman,host,C57/BL6 mouse
2026-10-09,PRJNA1268608,SAMN48758688,host_nonhuman,host,Mus musculus
2026-10-09,PRJNA1137057,SAMN42568528,host_nonhuman,host,Mus musculus
2026-10-09,PRJNA1137057,SAMN42568533,host_nonhuman,host,Mus musculus
2026-10-09,PRJNA678871,SAMN16825083,host_nonhuman,host,Chicken
2026-10-09,PRJNA595966,SAMN13578082,host_nonhuman,host,Mus musculus
2026-10-09,PRJNA450709,SAMN08958677,host_nonhuman,host,mouse
2026-10-09,PRJNA1137057,SAMN42565730,host_nonhuman,host,Mus musculus
2026-10-09,PRJNA1137057,SAMN42565072,host_nonhuman,host,Mus musculus
2026-10-09,PRJNA769748,SAMN22169200,host_nonhuman,host,mouse
2026-10-09,PRJNA1137057,SAMN42565495,host_nonhuman,host,Mus musculus
2026-10-09,PRJNA1137057,SAMN42564978,host_nonhuman,host,Mus musculus
2026-10-09,PRJNA1137057,SAMN42565202,host_nonhuman,host,Mus musculus
2026-10-09,PRJNA595966,SAMN13578055,host_nonhuman,host,Mus musculus
2026-10-09,PRJNA1137057,SAMN42568597,host_nonhuman,host,Mus musculus
2026-10-09,PRJNA1137057,SAMN42565030,host_nonhuman,host,Mus musculus
2026-10-09,PRJNA1137057,SAMN42565441,host_nonhuman,host,Mus musculus
2026-10-09,PRJNA770295,SAMN22252809,host_nonhuman,host,Mus musculus
2026-10-09,PRJNA964705,SAMN34495786,host_nonhuman,host,Bos taurus
2026-10-09,PRJNA770295,SAMN25811396,host_nonhuman,host,Mus musculus
2026-10-09,PRJNA942264,SAMN33681670,other,host,synthetic
2026-10-09,PRJNA1137057,SAMN42568522,host_nonhuman,host,Mus musculus
2026-10-09,PRJNA964705,SAMN34496318,host_nonhuman,host,Bos taurus
2026-10-09,PRJNA678871,SAMN16825133,host_nonhuman,host,Chicken
2026-10-09,PRJNA684454,SAMN17215458,host_nonhuman,host,Bos taurus
2026-10-09,PRJNA1025016,SAMN37722348,host_nonhuman,host,Mus musculus
2026-10-09,PRJNA1137057,SAMN42568530,host_nonhuman,host,Mus musculus
2026-10-09,PRJNA1137057,SAMN42564792,host_nonhuman,host,Mus musculus
2026-10-09,PRJNA684454,SAMN17215513,host_nonhuman,host,Bos taurus
2026-10-09,PRJNA661048,SAMN15968247,host_nonhuman,host,Gorilla
2026-10-09,PRJNA1137057,SAMN42564876,host_nonhuman,host,Mus musculus
2026-10-09,PRJNA1137057,SAMN42565152,host_nonhuman,host,Mus musculus
2026-10-09,PRJNA1137057,SAMN42568963,host_nonhuman,host,Mus musculus
2026-10-09,PRJNA539933,SAMN11515188,host_nonhuman,host,Gorilla gorilla gorilla
2026-10-09,PRJNA1137057,SAMN42568465,host_nonhuman,host,Mus musculus
2026-10-09,PRJNA1155655,SAMN43463025,host_nonhuman,host,mouse
2026-10-09,PRJNA1155655,SAMN43463064,host_nonhuman,host,mouse
2026-10-09,PRJNA964705,SAMN34495788,host_nonhuman,host,Bos taurus
2026-10-09,PRJNA1268608,SAMN56631124,host_nonhuman,host,Mus musculus
2026-10-09,PRJNA1137057,SAMN42564903,host_nonhuman,host,Mus musculus
2026-10-09,PRJEB58441,SAMEA112300173,host_nonhuman,host,Pan troglodytes
2026-10-09,PRJNA964705,SAMN34496058,host_nonhuman,host,Bos taurus
2026-10-09,PRJNA684454,SAMN17215435,host_nonhuman,host,Bos taurus
2026-10-09,PRJEB58441,SAMEA112254393,host_nonhuman,host,Pan troglodytes
2026-10-09,PRJNA1209134,SAMN46208712,host_nonhuman,host,mouse
2026-10-09,PRJNA1137057,SAMN42568870,host_nonhuman,host,Mus musculus
2026-10-09,PRJNA1137057,SAMN42564809,host_nonhuman,host,Mus musculus
2026-10-09,PRJEB58441,SAMEA112254672,host_nonhuman,host,Pan troglodytes
2026-10-09,PRJNA964705,SAMN34496101,host_nonhuman,host,Bos taurus
2026-10-09,PRJNA1137057,SAMN42565272,host_nonhuman,host,Mus musculus
2026-10-09,PRJNA1268608,SAMN56631139,host_nonhuman,host,Mus musculus
2026-10-09,PRJNA1155655,SAMN43463031,host_nonhuman,host,mouse
2026-10-09,PRJEB58441,SAMEA112254531,host_nonhuman,host,Pan troglodytes
2026-10-09,PRJNA1137057,SAMN42565751,host_nonhuman,host,Mus musculus
2026-10-09,PRJNA684454,SAMN17215518,host_nonhuman,host,Sus scrofa
2026-10-09,PRJNA964705,SAMN34495874,host_nonhuman,host,Bos taurus
2026-10-09,PRJNA964705,SAMN34495971,host_nonhuman,host,Bos taurus
2026-10-09,PRJNA1137057,SAMN42565680,host_nonhuman,host,Mus musculus
2026-10-09,PRJNA1137057,SAMN42568468,host_nonhuman,host,Mus musculus
2026-10-09,PRJNA427653,SAMN08242271,host_nonhuman,host,Sheep
2026-10-09,PRJNA1137057,SAMN42568604,host_nonhuman,host,Mus musculus
2026-10-09,PRJNA942264,SAMN33681768,other,host,synthetic
2026-10-09,PRJNA1137057,SAMN42565034,host_nonhuman,host,Mus musculus
2026-10-09,PRJNA678871,SAMN16825103,host_nonhuman,host,Chicken
2026-10-09,PRJNA1137057,SAMN42568927,host_nonhuman,host,Mus musculus
2026-10-09,PRJNA1124507,SAMN41855789,host_nonhuman,host,MOUSE
2026-10-09,PRJNA732769,SAMN19340522,host_nonhuman,host,C57/BL6 mouse
2026-10-09,PRJNA1137057,SAMN42565499,host_nonhuman,host,Mus musculus
2026-10-09,PRJNA770295,SAMN22252819,host_nonhuman,host,Mus musculus
2026-10-09,PRJNA732769,SAMN19340505,host_nonhuman,host,C57/BL6 mouse
2026-10-09,PRJNA1137057,SAMN42568766,host_nonhuman,host,Mus musculus
2026-10-09,PRJNA964705,SAMN34495732,host_nonhuman,host,Bos taurus
2026-10-09,PRJNA770295,SAMN22581333,host_nonhuman,host,Mus musculus
2026-10-09,PRJNA397664,SAMN07490689,host_nonhuman,host,Mus musculus
2026-10-09,PRJNA942264,SAMN33681775,other,host,synthetic
2026-10-09,PRJNA1137057,SAMN42568978,host_nonhuman,host,Mus musculus
2026-10-09,PRJNA1137057,SAMN42568569,host_nonhuman,host,Mus musculus
2026-10-09,PRJNA942264,SAMN33681698,other,host,synthetic
2026-10-09,PRJNA1137057,SAMN42564779,host_nonhuman,host,Mus musculus
2026-10-09,PRJNA1238458,SAMN47793450,host_nonhuman,host,Mus musculus
2026-10-09,PRJNA1268608,SAMN56631098,host_nonhuman,host,Mus musculus
2026-10-09,PRJNA1115089,SAMN41661975,host_nonhuman,host,Mus musculus
2026-10-09,PRJNA595966,SAMN13578117,host_nonhuman,host,Mus musculus
2026-10-09,PRJNA769748,SAMN22169240,host_nonhuman,host,mouse
2026-10-09,PRJNA1137057,SAMN42568862,host_nonhuman,host,Mus musculus
2026-10-09,PRJNA427653,SAMN08242252,other,host,Soil
2026-10-09,PRJNA539933,SAMN11515176,host_nonhuman,host,Pan troglodytes
2026-10-09,PRJNA1137057,SAMN42565026,host_nonhuman,host,Mus musculus
2026-10-09,PRJNA831236,SAMN27749364,host_nonhuman,host,Mus musculus
2026-10-09,PRJNA732769,SAMN19340525,host_nonhuman,host,C57/BL6 mouse
2026-10-09,PRJNA942264,SAMN33681796,other,host,synthetic
2026-10-09,PRJNA1137057,SAMN42565511,host_nonhuman,host,Mus musculus
2026-10-09,PRJNA1219628,SAMN47247285,host_nonhuman,host,Mus musculus
2026-10-09,PRJNA1137057,SAMN42564839,host_nonhuman,host,Mus musculus
2026-10-09,PRJNA1268608,SAMN56631110,host_nonhuman,host,Mus musculus
2026-10-09,PRJNA450709,SAMN08958693,host_nonhuman,host,mouse
2026-10-09,PRJNA637878,SAMN15803871,host_nonhuman,host,Mus musculus
2026-10-09,PRJNA767648,SAMN21923136,host_nonhuman,host,Mus musculus
2026-10-09,PRJNA1137057,SAMN42565648,host_nonhuman,host,Mus musculus
2026-10-09,PRJNA1137057,SAMN42569040,host_nonhuman,host,Mus musculus
2026-10-09,PRJNA450709,SAMN08964107,host_nonhuman,host,mouse
2026-10-09,PRJNA1137057,SAMN42565565,host_nonhuman,host,Mus musculus
2026-10-09,PRJNA1137057,SAMN42564852,host_nonhuman,host,Mus musculus
2026-10-09,PRJEB58441,SAMEA112254516,host_nonhuman,host,Pan troglodytes
2026-10-09,PRJNA1137057,SAMN42565279,host_nonhuman,host,Mus musculus
2026-10-09,PRJNA539933,SAMN11515201,host_nonhuman,host,Pan troglodytes troglodytes
2026-10-09,PRJNA1137057,SAMN42564783,host_nonhuman,host,Mus musculus
2026-10-09,PRJNA684454,SAMN17279180,host_nonhuman,host,Sus scrofa
2026-10-09,PRJNA684454,SAMN17062689,host_nonhuman,host,Bos taurus
2026-10-09,PRJNA1137057,SAMN42565710,host_nonhuman,host,Mus musculus
2026-10-09,PRJNA1137057,SAMN42568783,host_nonhuman,host,Mus musculus
2026-10-09,PRJNA1137057,SAMN42564922,host_nonhuman,host,Mus musculus
2026-10-09,PRJNA942264,SAMN33681673,other,host,synthetic
2026-10-09,PRJNA1137057,SAMN42569046,host_nonhuman,host,Mus musculus
2026-10-09,PRJNA1137057,SAMN42565273,host_nonhuman,host,Mus musculus
2026-10-09,PRJNA1137057,SAMN42565634,host_nonhuman,host,Mus musculus
2026-10-09,PRJNA964705,SAMN34495884,host_nonhuman,host,Bos taurus
2026-10-09,PRJNA1137057,SAMN42565124,host_nonhuman,host,Mus musculus
2026-10-09,PRJNA1137057,SAMN42564816,host_nonhuman,host,Mus musculus
2026-10-09,PRJNA1209134,SAMN46208707,host_nonhuman,host,mouse
2026-10-09,PRJNA769748,SAMN22169197,host_nonhuman,host,mouse
2026-10-09,PRJDB19255,SAMD00837654,host_nonhuman,host,Mus musculus
2026-10-09,PRJDB19255,SAMD00837652,host_nonhuman,host,Mus musculus
2026-10-09,PRJDB19255,SAMD00837651,host_nonhuman,host,Mus musculus
2026-10-09,PRJDB19255,SAMD00837650,host_nonhuman,host,Mus musculus
2026-10-09,PRJDB41627,SAMD01865016,host_nonhuman,host,Mus musculus
2026-10-09,PRJDB41627,SAMD01865014,host_nonhuman,host,Mus musculus
2026-10-09,PRJDB41627,SAMD01865001,host_nonhuman,host,Mus musculus
2026-10-09,PRJDB41627,SAMD01865000,host_nonhuman,host,Mus musculus
2026-10-09,PRJDB41627,SAMD01864987,host_nonhuman,host,Mus musculus
2026-10-09,PRJDB41627,SAMD01864982,host_nonhuman,host,Mus musculus
2026-10-09,PRJDB41627,SAMD01864981,host_nonhuman,host,Mus musculus
2026-10-09,PRJDB41627,SAMD01864978,host_nonhuman,host,Mus musculus
2026-10-09,PRJDB41627,SAMD01864977,host_nonhuman,host,Mus musculus
2026-10-09,PRJDB41627,SAMD01864970,host_nonhuman,host,Mus musculus
2026-10-09,PRJDB41627,SAMD01864966,host_nonhuman,host,Mus musculus
2026-10-09,PRJDB41627,SAMD01864965,host_nonhuman,host,Mus musculus
2026-10-09,PRJDB41627,SAMD01864964,host_nonhuman,host,Mus musculus
2026-10-09,PRJDB41627,SAMD01864958,host_nonhuman,host,Mus musculus
2026-10-09,PRJDB41627,SAMD01864957,host_nonhuman,host,Mus musculus
2026-10-09,PRJDB41627,SAMD01865043,host_nonhuman,host,Mus musculus
2026-10-09,PRJDB41627,SAMD01865042,host_nonhuman,host,Mus musculus
2026-10-09,PRJDB41627,SAMD01865041,host_nonhuman,host,Mus musculus
2026-10-09,PRJDB41627,SAMD01865039,host_nonhuman,host,Mus musculus
2026-10-09,PRJDB41627,SAMD01865035,host_nonhuman,host,Mus musculus
2026-10-09,PRJDB41627,SAMD01865033,host_nonhuman,host,Mus musculus
2026-10-09,PRJDB41627,SAMD01865029,host_nonhuman,host,Mus musculus
2026-10-09,PRJDB41627,SAMD01865022,host_nonhuman,host,Mus musculus
2026-10-09,PRJDB41627,SAMD01865021,host_nonhuman,host,Mus musculus
2026-10-09,PRJDB41627,SAMD01865019,host_nonhuman,host,Mus musculus
2026-10-09,PRJNA1372133,SAMN54950436,host_nonhuman,host,Bos taurus
2026-10-09,PRJNA1372133,SAMN54950422,host_nonhuman,host,Bos taurus
2026-10-09,PRJNA1372133,SAMN54950421,host_nonhuman,host,Bos taurus
2026-10-09,PRJNA1372133,SAMN54950412,host_nonhuman,host,Bos taurus
2026-10-09,PRJNA1372133,SAMN54950409,host_nonhuman,host,Bos taurus
2026-10-09,PRJNA1372133,SAMN54950405,host_nonhuman,host,Bos taurus
2026-10-09,PRJNA1372133,SAMN54950402,host_nonhuman,host,Bos taurus
2026-10-09,PRJNA1372133,SAMN54950401,host_nonhuman,host,Bos taurus
2026-10-09,PRJNA1372133,SAMN54950400,host_nonhuman,host,Bos taurus
2026-10-09,PRJNA1372133,SAMN54950391,host_nonhuman,host,Bos taurus
2026-10-09,PRJNA1372133,SAMN54950388,host_nonhuman,host,Bos taurus
2026-10-09,PRJNA1372133,SAMN54950384,host_nonhuman,host,Bos taurus
2026-10-09,PRJNA1372133,SAMN54950381,host_nonhuman,host,Bos taurus
2026-10-09,PRJNA1372133,SAMN54950379,host_nonhuman,host,Bos taurus
2026-10-09,PRJNA1514052,SAMN62477255,host_nonhuman,host,Mus musculus
2026-10-09,PRJNA1514052,SAMN62477249,host_nonhuman,host,Mus musculus
2026-10-09,PRJNA1514052,SAMN62477230,host_nonhuman,host,Mus musculus
2026-10-09,PRJNA1514052,SAMN62477229,host_nonhuman,host,Mus musculus
2026-10-09,PRJNA1514052,SAMN62477226,host_nonhuman,host,Mus musculus
2026-10-09,PRJNA1514052,SAMN62477225,host_nonhuman,host,Mus musculus
2026-10-09,PRJNA397664,SAMN07490684,host_nonhuman,host,Mus musculus
2026-10-09,PRJNA595966,SAMN13578123,host_nonhuman,host,Mus musculus
2026-10-09,PRJNA684454,SAMN17215460,host_nonhuman,host,Bos taurus
2026-10-09,PRJEB58441,SAMEA112254406,host_nonhuman,host,Pan troglodytes
2026-10-09,PRJNA1137057,SAMN42568551,host_nonhuman,host,Mus musculus
2026-10-09,PRJNA1268608,SAMN48758728,host_nonhuman,host,Mus musculus
2026-10-09,PRJNA1155655,SAMN43463059,host_nonhuman,host,mouse
2026-10-09,PRJNA678871,SAMN16825078,host_nonhuman,host,Chicken
2026-10-09,PRJNA595966,SAMN13578110,host_nonhuman,host,Mus musculus
2026-10-09,PRJNA595966,SAMN13578084,host_nonhuman,host,Mus musculus
2026-10-09,PRJNA964705,SAMN34495885,host_nonhuman,host,Bos taurus
2026-10-09,PRJNA1137057,SAMN42568560,host_nonhuman,host,Mus musculus
2026-10-09,PRJNA1137057,SAMN42565258,host_nonhuman,host,Mus musculus
2026-10-09,PRJNA1137057,SAMN42565344,host_nonhuman,host,Mus musculus
2026-10-09,PRJNA964705,SAMN34495952,host_nonhuman,host,Bos taurus
2026-10-09,PRJNA878528,SAMN54929684,host_nonhuman,host,Mus musculus
2026-10-09,PRJNA1268608,SAMN48758759,host_nonhuman,host,Mus musculus
2026-10-09,PRJNA1219628,SAMN47247294,host_nonhuman,host,Mus musculus
2026-10-09,PRJNA1137057,SAMN42565450,host_nonhuman,host,Mus musculus
2026-10-09,PRJNA1137057,SAMN42565337,host_nonhuman,host,Mus musculus
2026-10-09,PRJNA1137057,SAMN42565159,host_nonhuman,host,Mus musculus
2026-10-09,PRJNA1137057,SAMN42565554,host_nonhuman,host,Mus musculus
2026-10-09,PRJNA454826,SAMN13091314,host_nonhuman,host,Mus musculus
2026-10-09,PRJNA964705,SAMN34495940,host_nonhuman,host,Bos taurus
2026-10-09,PRJNA1137057,SAMN42565559,host_nonhuman,host,Mus musculus
2026-10-09,PRJEB58441,SAMEA112254667,host_nonhuman,host,Pan troglodytes
2026-10-09,PRJNA964705,SAMN34495753,host_nonhuman,host,Bos taurus
2026-10-09,PRJNA539933,SAMN11515211,host_nonhuman,host,Pan troglodytes troglodytes
2026-10-09,PRJNA964705,SAMN34495945,host_nonhuman,host,Bos taurus
2026-10-09,PRJNA770295,SAMN25811414,host_nonhuman,host,Mus musculus
2026-10-09,PRJNA964705,SAMN34496247,host_nonhuman,host,Bos taurus
2026-10-09,PRJNA964705,SAMN34495698,host_nonhuman,host,Bos taurus
2026-10-09,PRJNA1238458,SAMN47793424,host_nonhuman,host,Mus musculus
2026-10-09,PRJNA769748,SAMN22169206,host_nonhuman,host,mouse
2026-10-09,PRJNA1137057,SAMN42565057,host_nonhuman,host,Mus musculus
2026-10-09,PRJNA1137057,SAMN42565517,host_nonhuman,host,Mus musculus
2026-10-09,PRJNA964705,SAMN34495699,host_nonhuman,host,Bos taurus
2026-10-09,PRJNA1268608,SAMN48758761,host_nonhuman,host,Mus musculus
2026-10-09,PRJNA732769,SAMN19340538,host_nonhuman,host,C57/BL6 mouse
2026-10-09,PRJNA964705,SAMN34496023,host_nonhuman,host,Bos taurus
2026-10-09,PRJNA1209134,SAMN46208676,host_nonhuman,host,mouse
2026-10-09,PRJNA1137057,SAMN42564930,host_nonhuman,host,Mus musculus
2026-10-09,PRJNA769748,SAMN22169202,host_nonhuman,host,mouse
2026-10-09,PRJNA1137057,SAMN42565274,host_nonhuman,host,Mus musculus
2026-10-09,PRJNA942264,SAMN57334953,host_nonhuman,host,Mus musculus
2026-10-09,PRJNA397664,SAMN07490686,host_nonhuman,host,Mus musculus
2026-10-09,PRJNA1137057,SAMN42565062,host_nonhuman,host,Mus musculus
2026-10-09,PRJNA1268608,SAMN56631096,host_nonhuman,host,Mus musculus
2026-10-09,PRJNA770295,SAMN22581344,host_nonhuman,host,Mus musculus
2026-10-09,PRJNA1137057,SAMN42569020,host_nonhuman,host,Mus musculus
2026-10-09,PRJNA1137057,SAMN42568803,host_nonhuman,host,Mus musculus
2026-10-09,PRJNA1137057,SAMN42565244,host_nonhuman,host,Mus musculus
2026-10-09,PRJNA964705,SAMN34495974,host_nonhuman,host,Bos taurus
2026-10-09,PRJNA997572,SAMN36682513,host_nonhuman,host,Mus musculus
2026-10-09,PRJNA1137057,SAMN42568669,host_nonhuman,host,Mus musculus
2026-10-09,PRJNA1009084,SAMN37145927,host_nonhuman,host,Mus musculus
2026-10-09,PRJNA1137057,SAMN42565718,host_nonhuman,host,Mus musculus
2026-10-09,PRJNA964705,SAMN34496079,host_nonhuman,host,Bos taurus
2026-10-09,PRJNA1209134,SAMN46208673,host_nonhuman,host,mouse
2026-10-09,PRJNA964705,SAMN34495777,host_nonhuman,host,Bos taurus
2026-10-09,PRJNA964705,SAMN34496200,host_nonhuman,host,Bos taurus
2026-10-09,PRJNA678871,SAMN16825116,host_nonhuman,host,Chicken
2026-10-09,PRJNA1137057,SAMN42565354,host_nonhuman,host,Mus musculus
2026-10-09,PRJNA1137057,SAMN42568507,host_nonhuman,host,Mus musculus
2026-10-09,PRJNA1137057,SAMN42568752,host_nonhuman,host,Mus musculus
2026-10-09,PRJNA964705,SAMN34496313,host_nonhuman,host,Bos taurus
2026-10-09,PRJNA684454,SAMN17215512,host_nonhuman,host,Bos taurus
2026-10-09,PRJNA684454,SAMN17215439,host_nonhuman,host,Sus scrofa
2026-10-09,PRJNA1137057,SAMN42565365,host_nonhuman,host,Mus musculus
2026-10-09,PRJNA1209134,SAMN46208720,host_nonhuman,host,mouse
2026-10-09,PRJNA454826,SAMN13091317,host_nonhuman,host,Mus musculus
2026-10-09,PRJNA427653,SAMN08242298,host_nonhuman,host,Goat
2026-10-09,PRJNA684454,SAMN17215537,host_nonhuman,host,Sus scrofa
2026-10-09,PRJNA964705,SAMN34496115,host_nonhuman,host,Bos taurus
2026-10-09,PRJNA942264,SAMN33681811,other,host,synthetic
2026-10-09,PRJNA1137057,SAMN42568461,host_nonhuman,host,Mus musculus
2026-10-09,PRJNA1137057,SAMN42568510,host_nonhuman,host,Mus musculus
2026-10-09,PRJEB58441,SAMEA112254524,host_nonhuman,host,Pan troglodytes
2026-10-09,PRJNA1137057,SAMN42565093,host_nonhuman,host,Mus musculus
2026-10-09,PRJNA1137057,SAMN42568768,host_nonhuman,host,Mus musculus
2026-10-09,PRJNA1137057,SAMN42565137,host_nonhuman,host,Mus musculus
2026-10-09,PRJNA1268608,SAMN48758730,host_nonhuman,host,Mus musculus
2026-10-09,PRJNA1209134,SAMN46208701,host_nonhuman,host,mouse
2026-10-09,PRJNA684454,SAMN17062659,host_nonhuman,host,Gallus gallus
2026-10-09,PRJNA450709,SAMN08964114,host_nonhuman,host,mouse
2026-10-09,PRJNA450709,SAMN08964112,host_nonhuman,host,mouse
2026-10-09,PRJNA450709,SAMN08958776,host_nonhuman,host,mouse
2026-10-09,PRJNA770295,SAMN25811410,host_nonhuman,host,Mus musculus
2026-10-09,PRJNA831236,SAMN27749375,host_nonhuman,host,Mus musculus
2026-10-09,PRJNA450709,SAMN08958699,host_nonhuman,host,mouse
2026-10-09,PRJNA539933,SAMN11515173,host_nonhuman,host,Pan troglodytes
2026-10-09,PRJEB58441,SAMEA112254396,host_nonhuman,host,Pan troglodytes
2026-10-09,PRJNA1137057,SAMN42568598,host_nonhuman,host,Mus musculus
2026-10-09,PRJNA964705,SAMN34496365,host_nonhuman,host,Bos taurus
2026-10-09,PRJNA770295,SAMN25811379,host_nonhuman,host,Mus musculus
2026-10-09,PRJNA770295,SAMN22581342,host_nonhuman,host,Mus musculus
2026-10-09,PRJNA964705,SAMN34495844,host_nonhuman,host,Bos taurus
2026-10-09,PRJNA964705,SAMN34495769,host_nonhuman,host,Bos taurus
2026-10-09,PRJNA1268608,SAMN56631133,host_nonhuman,host,Mus musculus
2026-10-09,PRJNA1137057,SAMN42568859,host_nonhuman,host,Mus musculus
2026-10-09,PRJNA684454,SAMN17062661,host_nonhuman,host,Gallus gallus
2026-10-09,PRJNA637878,SAMN15803883,host_nonhuman,host,Mus musculus
2026-10-09,PRJNA595966,SAMN13578133,host_nonhuman,host,Mus musculus
2026-10-09,PRJNA1137057,SAMN42564814,host_nonhuman,host,Mus musculus
2026-10-09,PRJNA997572,SAMN36682536,host_nonhuman,host,Mus musculus
2026-10-09,PRJNA1137057,SAMN42565338,host_nonhuman,host,Mus musculus
2026-10-09,PRJNA942264,SAMN33681689,other,host,synthetic
2026-10-09,PRJNA1137057,SAMN42565269,host_nonhuman,host,Mus musculus
2026-10-09,PRJNA684454,SAMN17215457,host_nonhuman,host,Bos taurus
2026-10-09,PRJNA1137057,SAMN42568589,host_nonhuman,host,Mus musculus
2026-10-09,PRJNA1137057,SAMN42565070,host_nonhuman,host,Mus musculus
2026-10-09,PRJNA1137057,SAMN42568884,host_nonhuman,host,Mus musculus
2026-10-09,PRJNA612780,SAMN14381386,host_nonhuman,host,Gallus gallus domesticus
2026-10-09,PRJNA1137057,SAMN42568502,host_nonhuman,host,Mus musculus
2026-10-09,PRJNA1137057,SAMN42568496,host_nonhuman,host,Mus musculus
2026-10-09,PRJNA1137057,SAMN42568836,host_nonhuman,host,Mus musculus
2026-10-09,PRJNA1209134,SAMN46208703,host_nonhuman,host,mouse
2026-10-09,PRJNA1137057,SAMN42564936,host_nonhuman,host,Mus musculus
2026-10-09,PRJNA1268608,SAMN48758729,host_nonhuman,host,Mus musculus
2026-10-09,PRJNA1137057,SAMN42565052,host_nonhuman,host,Mus musculus
2026-10-09,PRJNA1137057,SAMN42565373,host_nonhuman,host,Mus musculus
2026-10-09,PRJNA942264,SAMN57334969,other,host,synthetic
2026-10-09,PRJNA964705,SAMN34495931,host_nonhuman,host,Bos taurus
2026-10-09,PRJNA1137057,SAMN42565081,host_nonhuman,host,Mus musculus
2026-10-09,PRJNA539933,SAMN11515227,host_nonhuman,host,Gorilla gorilla gorilla
2026-10-09,PRJNA1137057,SAMN42568720,host_nonhuman,host,Mus musculus
2026-10-09,PRJNA1155655,SAMN43463071,host_nonhuman,host,mouse
2026-10-09,PRJNA1137057,SAMN42565629,host_nonhuman,host,Mus musculus
2026-10-09,PRJNA831236,SAMN27749367,host_nonhuman,host,Mus musculus
2026-10-09,PRJNA1268608,SAMN48758715,host_nonhuman,host,Mus musculus
2026-10-09,PRJNA450709,SAMN08958622,host_nonhuman,host,mouse
2026-10-09,PRJNA1025016,SAMN37722356,host_nonhuman,host,Mus musculus
2026-10-09,PRJNA997572,SAMN36682510,host_nonhuman,host,Mus musculus
2026-10-09,PRJNA1137057,SAMN42568814,host_nonhuman,host,Mus musculus
2026-10-09,PRJNA942264,SAMN33681735,other,host,synthetic
2026-10-09,PRJNA942264,SAMN33681766,other,host,synthetic
2026-10-09,PRJNA1137057,SAMN42565644,host_nonhuman,host,Mus musculus
2026-10-09,PRJNA964705,SAMN34496330,host_nonhuman,host,Bos taurus
2026-10-09,PRJNA1137057,SAMN42568517,host_nonhuman,host,Mus musculus
2026-10-09,PRJNA942264,SAMN33681701,other,host,synthetic
2026-10-09,PRJNA450709,SAMN08958683,host_nonhuman,host,mouse
2026-10-09,PRJNA539933,SAMN11515196,host_nonhuman,host,Pan troglodytes troglodytes
2026-10-09,PRJNA767648,SAMN21923119,host_nonhuman,host,Mus musculus
2026-10-09,PRJNA1137057,SAMN42568753,host_nonhuman,host,Mus musculus
2026-10-09,PRJNA1137057,SAMN42569054,host_nonhuman,host,Mus musculus
2026-10-09,PRJNA964705,SAMN34496257,host_nonhuman,host,Bos taurus
2026-10-09,PRJNA450709,SAMN08958689,host_nonhuman,host,mouse
2026-10-09,PRJNA637878,SAMN15803875,host_nonhuman,host,Mus musculus
2026-10-09,PRJNA450709,SAMN08958802,host_nonhuman,host,mouse
2026-10-09,PRJEB58441,SAMEA112254515,host_nonhuman,host,Pan troglodytes
2026-10-09,PRJNA1137057,SAMN42568785,host_nonhuman,host,Mus musculus
2026-10-09,PRJNA964705,SAMN34496127,host_nonhuman,host,Bos taurus
2026-10-09,PRJNA1025016,SAMN37722390,host_nonhuman,host,Mus musculus
2026-10-09,PRJNA769748,SAMN22169209,host_nonhuman,host,mouse
2026-10-09,PRJNA1137057,SAMN42568666,host_nonhuman,host,Mus musculus
2026-10-09,PRJNA1137057,SAMN42564778,host_nonhuman,host,Mus musculus
2026-10-09,PRJNA1268608,SAMN56631132,host_nonhuman,host,Mus musculus
2026-10-09,PRJNA1137057,SAMN42565418,host_nonhuman,host,Mus musculus
2026-10-09,PRJNA1137057,SAMN42565727,host_nonhuman,host,Mus musculus
2026-10-09,PRJNA769748,SAMN22169223,host_nonhuman,host,mouse
2026-10-09,PRJNA767648,SAMN21923125,host_nonhuman,host,Mus musculus
2026-10-09,PRJNA1137057,SAMN42568472,host_nonhuman,host,Mus musculus
2026-10-09,PRJNA964705,SAMN34496329,host_nonhuman,host,Bos taurus
2026-10-09,PRJNA1219628,SAMN47247342,host_nonhuman,host,Mus musculus
2026-10-09,PRJNA964705,SAMN34496282,host_nonhuman,host,Bos taurus
2026-10-09,PRJNA964705,SAMN34496193,host_nonhuman,host,Bos taurus
2026-10-09,PRJNA1137057,SAMN42564869,host_nonhuman,host,Mus musculus
2026-10-09,PRJNA1025016,SAMN37722407,host_nonhuman,host,Mus musculus
2026-10-09,PRJNA427653,SAMN08242255,other,host,Soil
2026-10-09,PRJNA1137057,SAMN42568516,host_nonhuman,host,Mus musculus
2026-10-09,PRJNA1137057,SAMN42568759,host_nonhuman,host,Mus musculus
2026-10-09,PRJNA1025016,SAMN37722408,host_nonhuman,host,Mus musculus
2026-10-09,PRJNA1137057,SAMN42568902,host_nonhuman,host,Mus musculus
2026-10-09,PRJNA1209134,SAMN46208670,host_nonhuman,host,mouse
2026-10-09,PRJNA1155655,SAMN43463056,host_nonhuman,host,mouse
2026-10-09,PRJNA831236,SAMN27749371,host_nonhuman,host,Mus musculus
2026-10-09,PRJNA1137057,SAMN42568733,host_nonhuman,host,Mus musculus
2026-10-09,PRJNA1137057,SAMN42568853,host_nonhuman,host,Mus musculus
2026-10-09,PRJNA1137057,SAMN42565090,host_nonhuman,host,Mus musculus
2026-10-09,PRJNA1268608,SAMN56631120,host_nonhuman,host,Mus musculus
2026-10-09,PRJNA539933,SAMN11515191,host_nonhuman,host,Gorilla gorilla gorilla
2026-10-09,PRJNA1137057,SAMN42565521,host_nonhuman,host,Mus musculus
2026-10-09,PRJNA684454,SAMN17215523,host_nonhuman,host,Bos taurus
2026-10-09,PRJNA575186,SAMN12879231,host_nonhuman,host,Mouse
2026-10-09,PRJNA1137057,SAMN42568665,host_nonhuman,host,Mus musculus
2026-10-09,PRJNA678871,SAMN16825056,host_nonhuman,host,Chicken
2026-10-09,PRJNA1268608,SAMN56631129,host_nonhuman,host,Mus musculus
2026-10-09,PRJNA1137057,SAMN42565734,host_nonhuman,host,Mus musculus
2026-10-09,PRJNA942264,SAMN33681707,other,host,synthetic
2026-10-09,PRJNA684454,SAMN17215530,host_nonhuman,host,Gallus gallus
2026-10-09,PRJNA1137057,SAMN42565320,host_nonhuman,host,Mus musculus
2026-10-09,PRJNA1137057,SAMN42565430,host_nonhuman,host,Mus musculus
2026-10-09,PRJNA313232,SAMN04517355,host_nonhuman,host,Guinea pig
2026-10-09,PRJNA1268608,SAMN56631089,host_nonhuman,host,Mus musculus
2026-10-09,PRJNA831236,SAMN27749385,host_nonhuman,host,Mus musculus
2026-10-09,PRJNA1155655,SAMN43463078,host_nonhuman,host,mouse
2026-10-09,PRJNA1137057,SAMN42568821,host_nonhuman,host,Mus musculus
2026-10-09,PRJNA1137057,SAMN42568908,host_nonhuman,host,Mus musculus
2026-10-09,PRJNA1137057,SAMN42568697,host_nonhuman,host,Mus musculus
2026-10-09,PRJNA450709,SAMN08958641,host_nonhuman,host,mouse
2026-10-09,PRJNA1137057,SAMN42568602,host_nonhuman,host,Mus musculus
2026-10-09,PRJNA1137057,SAMN42565598,host_nonhuman,host,Mus musculus
2026-10-09,PRJNA964705,SAMN34496016,host_nonhuman,host,Bos taurus
2026-10-09,PRJNA1137057,SAMN42565551,host_nonhuman,host,Mus musculus
2026-10-09,PRJNA982563,SAMN35710533,host_nonhuman,host,Sus scrofa
2026-10-09,PRJNA1137057,SAMN42565461,host_nonhuman,host,Mus musculus
2026-10-09,PRJNA684454,SAMN17062644,host_nonhuman,host,Gallus gallus
2026-10-09,PRJEB58441,SAMEA112254647,host_nonhuman,host,Pan troglodytes
2026-10-09,PRJNA1268608,SAMN48758745,host_nonhuman,host,Mus musculus
2026-10-09,PRJNA1131085,SAMN42240274,host_nonhuman,host,Mus musculus
2026-10-09,PRJNA1137057,SAMN42564883,host_nonhuman,host,Mus musculus
2026-10-09,PRJNA450709,SAMN08958600,host_nonhuman,host,mouse
2026-10-09,PRJNA1137057,SAMN42565215,host_nonhuman,host,Mus musculus
2026-10-09,PRJNA964705,SAMN34496323,host_nonhuman,host,Bos taurus
2026-10-09,PRJNA1155655,SAMN43463074,host_nonhuman,host,mouse
2026-10-09,PRJNA761454,SAMN21349079,other,host,water control
2026-10-09,PRJNA684454,SAMN17215484,host_nonhuman,host,Sus scrofa
2026-10-09,PRJNA732769,SAMN19340508,host_nonhuman,host,C57/BL6 mouse
2026-10-09,PRJNA575186,SAMN12879234,host_nonhuman,host,Mouse
2026-10-09,PRJNA1137057,SAMN42568892,host_nonhuman,host,Mus musculus
2026-10-09,PRJNA1137057,SAMN42565248,host_nonhuman,host,Mus musculus
2026-10-09,PRJNA1137057,SAMN42568926,host_nonhuman,host,Mus musculus
2026-10-09,PRJNA964705,SAMN34495714,host_nonhuman,host,Bos taurus
2026-10-09,PRJNA1137057,SAMN42564812,host_nonhuman,host,Mus musculus
2026-10-09,PRJNA964705,SAMN34495695,host_nonhuman,host,Bos taurus
2026-10-09,PRJNA767648,SAMN21923147,host_nonhuman,host,Mus musculus
2026-10-09,PRJNA770295,SAMN25811413,host_nonhuman,host,Mus musculus
2026-10-09,PRJEB58441,SAMEA112254543,host_nonhuman,host,Pan troglodytes
2026-10-09,PRJNA1137057,SAMN42568635,host_nonhuman,host,Mus musculus
2026-10-09,PRJNA964705,SAMN34496131,host_nonhuman,host,Bos taurus
2026-10-09,PRJNA1219628,SAMN47247289,host_nonhuman,host,Mus musculus
2026-10-09,PRJNA678871,SAMN16825132,host_nonhuman,host,Chicken
2026-10-09,PRJNA1137057,SAMN42565645,host_nonhuman,host,Mus musculus
2026-10-09,PRJNA397664,SAMN07490674,host_nonhuman,host,Mus musculus
2026-10-09,PRJNA1137057,SAMN42565721,host_nonhuman,host,Mus musculus
2026-10-09,PRJNA678871,SAMN16825058,host_nonhuman,host,Chicken
2026-10-09,PRJNA1025016,SAMN37722367,host_nonhuman,host,Mus musculus
2026-10-09,PRJNA595966,SAMN13578145,host_nonhuman,host,Mus musculus
2026-10-09,PRJNA1268608,SAMN56631126,host_nonhuman,host,Mus musculus
2026-10-09,PRJNA1137057,SAMN42564892,host_nonhuman,host,Mus musculus
2026-10-09,PRJNA1155655,SAMN43463032,host_nonhuman,host,mouse
2026-10-09,PRJNA1209134,SAMN46208677,host_nonhuman,host,mouse
2026-10-09,PRJNA1155655,SAMN43463022,host_nonhuman,host,mouse
2026-10-09,PRJNA770295,SAMN25811365,host_nonhuman,host,Mus musculus
2026-10-09,PRJNA942264,SAMN33681804,other,host,synthetic
2026-10-09,PRJNA1268608,SAMN56631131,host_nonhuman,host,Mus musculus
2026-10-09,PRJNA450709,SAMN08958599,host_nonhuman,host,mouse
2026-10-09,PRJNA1025016,SAMN37722404,host_nonhuman,host,Mus musculus
2026-10-09,PRJNA1268608,SAMN56631136,host_nonhuman,host,Mus musculus
2026-10-09,PRJNA942264,SAMN33681781,other,host,synthetic
2026-10-09,PRJNA1137057,SAMN42565080,host_nonhuman,host,Mus musculus
2026-10-09,PRJNA767648,SAMN21923132,host_nonhuman,host,Mus musculus
2026-10-09,PRJNA964705,SAMN34495985,host_nonhuman,host,Bos taurus
2026-10-09,PRJNA595966,SAMN13578157,host_nonhuman,host,Mus musculus
2026-10-09,PRJNA770295,SAMN22581340,host_nonhuman,host,Mus musculus
2026-10-09,PRJNA1155655,SAMN43463042,host_nonhuman,host,mouse
2026-10-09,PRJNA684454,SAMN17215430,host_nonhuman,host,Bos taurus
2026-10-09,PRJNA942264,SAMN33681774,other,host,synthetic
2026-10-09,PRJNA964705,SAMN34496341,host_nonhuman,host,Bos taurus
2026-10-09,PRJNA539933,SAMN11515190,host_nonhuman,host,Gorilla gorilla gorilla
2026-10-09,PRJNA1137057,SAMN42564976,host_nonhuman,host,Mus musculus
2026-10-09,PRJNA1137057,SAMN42565614,host_nonhuman,host,Mus musculus
2026-10-09,PRJNA770295,SAMN22252808,host_nonhuman,host,Mus musculus
2026-10-09,PRJNA450709,SAMN08958623,host_nonhuman,host,mouse
2026-10-09,PRJNA1137057,SAMN42568501,host_nonhuman,host,Mus musculus
2026-10-09,PRJNA1219628,SAMN47247305,host_nonhuman,host,Mus musculus
2026-10-09,PRJNA1137057,SAMN42568832,host_nonhuman,host,Mus musculus
2026-10-09,PRJNA770295,SAMN25811402,host_nonhuman,host,Mus musculus
2026-10-09,PRJNA1115089,SAMN41576911,host_nonhuman,host,Mus musculus
2026-10-09,PRJNA964705,SAMN34496187,host_nonhuman,host,Bos taurus
2026-10-09,PRJNA1155655,SAMN43463067,host_nonhuman,host,mouse
2026-10-09,PRJNA964705,SAMN34496219,host_nonhuman,host,Bos taurus
2026-10-09,PRJNA1137057,SAMN42565660,host_nonhuman,host,Mus musculus
2026-10-09,PRJNA831236,SAMN27749390,host_nonhuman,host,Mus musculus
2026-10-09,PRJNA1137057,SAMN42568830,host_nonhuman,host,Mus musculus
2026-10-09,PRJNA1137057,SAMN42565043,host_nonhuman,host,Mus musculus
2026-10-09,PRJNA1137057,SAMN42565297,host_nonhuman,host,Mus musculus
2026-10-09,PRJEB58441,SAMEA112254107,host_nonhuman,host,Pan troglodytes
2026-10-09,PRJNA942264,SAMN33681740,other,host,synthetic
2026-10-09,PRJNA450709,SAMN08958595,host_nonhuman,host,mouse
2026-10-09,PRJNA1137057,SAMN42568677,host_nonhuman,host,Mus musculus
2026-10-09,PRJNA637878,SAMN15803881,host_nonhuman,host,Mus musculus
2026-10-09,PRJNA942264,SAMN33681808,other,host,synthetic
2026-10-09,PRJNA1115089,SAMN41576888,host_nonhuman,host,Mus musculus
2026-10-09,PRJNA1155655,SAMN43463090,host_nonhuman,host,mouse
2026-10-09,PRJNA539933,SAMN11515224,host_nonhuman,host,Gorilla gorilla gorilla
2026-10-09,PRJNA964705,SAMN34495892,host_nonhuman,host,Bos taurus
2026-10-09,PRJNA767648,SAMN21923121,host_nonhuman,host,Mus musculus
2026-10-09,PRJNA450709,SAMN08958767,host_nonhuman,host,mouse
2026-10-09,PRJNA1137057,SAMN42565351,host_nonhuman,host,Mus musculus
2026-10-09,PRJNA1137057,SAMN42564975,host_nonhuman,host,Mus musculus
2026-10-09,PRJNA942264,SAMN33681776,other,host,synthetic
2026-10-09,PRJNA964705,SAMN34495772,host_nonhuman,host,Bos taurus
2026-10-09,PRJNA1009084,SAMN37145899,host_nonhuman,host,Mus musculus
2026-10-09,PRJNA1137057,SAMN42568625,host_nonhuman,host,Mus musculus
2026-10-09,PRJNA1137057,SAMN42565263,host_nonhuman,host,Mus musculus
2026-10-09,PRJNA1137057,SAMN42568631,host_nonhuman,host,Mus musculus
2026-10-09,PRJNA1137057,SAMN42564893,host_nonhuman,host,Mus musculus
2026-10-09,PRJNA1219628,SAMN47247321,host_nonhuman,host,Mus musculus
2026-10-09,PRJNA684454,SAMN17062669,host_nonhuman,host,Gallus gallus
2026-10-09,PRJNA1137057,SAMN42568826,host_nonhuman,host,Mus musculus
2026-10-09,PRJNA1137057,SAMN42565402,host_nonhuman,host,Mus musculus
2026-10-09,PRJNA1137057,SAMN42565224,host_nonhuman,host,Mus musculus
2026-10-09,PRJNA1137057,SAMN42568755,host_nonhuman,host,Mus musculus
2026-10-09,PRJNA1137057,SAMN42568700,host_nonhuman,host,Mus musculus
2026-10-09,PRJNA1009084,SAMN37145916,host_nonhuman,host,Mus musculus
2026-10-09,PRJNA1137057,SAMN42565558,host_nonhuman,host,Mus musculus
2026-10-09,PRJNA964705,SAMN34496135,host_nonhuman,host,Bos taurus
2026-10-09,PRJNA1137057,SAMN42564884,host_nonhuman,host,Mus musculus
2026-10-09,PRJNA1268608,SAMN48758699,host_nonhuman,host,Mus musculus
2026-10-09,PRJNA1157403,SAMN43512655,host_nonhuman,host,Mus musculus
2026-10-09,PRJNA964705,SAMN34495680,host_nonhuman,host,Bos taurus
2026-10-09,PRJNA539933,SAMN11515183,host_nonhuman,host,Gorilla gorilla gorilla
2026-10-09,PRJNA1137057,SAMN42568562,host_nonhuman,host,Mus musculus
2026-10-09,PRJNA1137057,SAMN42569008,host_nonhuman,host,Mus musculus
2026-10-09,PRJNA684454,SAMN17215507,host_nonhuman,host,Gallus gallus
2026-10-09,PRJNA964705,SAMN34495805,host_nonhuman,host,Bos taurus
2026-10-09,PRJNA964705,SAMN34496256,host_nonhuman,host,Bos taurus
2026-10-09,PRJNA1137057,SAMN42568987,host_nonhuman,host,Mus musculus
2026-10-09,PRJNA964705,SAMN34496116,host_nonhuman,host,Bos taurus
2026-10-09,PRJNA1137057,SAMN42565156,host_nonhuman,host,Mus musculus
2026-10-09,PRJNA770295,SAMN25811366,host_nonhuman,host,Mus musculus
2026-10-09,PRJNA1025016,SAMN37722353,host_nonhuman,host,Mus musculus
2026-10-09,PRJNA1137057,SAMN42565722,host_nonhuman,host,Mus musculus
2026-10-09,PRJNA878528,SAMN54929670,host_nonhuman,host,Mus musculus
2026-10-09,PRJNA1131085,SAMN42240282,host_nonhuman,host,Mus musculus
2026-10-09,PRJNA1137057,SAMN42569037,host_nonhuman,host,Mus musculus
2026-10-09,PRJNA539933,SAMN11515165,host_nonhuman,host,Pan troglodytes
2026-10-09,PRJNA991155,SAMN37147986,host_nonhuman,host,Mus musculus
2026-10-09,PRJNA1137057,SAMN42564826,host_nonhuman,host,Mus musculus
2026-10-09,PRJNA450709,SAMN08958607,host_nonhuman,host,mouse
2026-10-09,PRJNA1137057,SAMN42568746,host_nonhuman,host,Mus musculus
2026-10-09,PRJNA1137057,SAMN42565267,host_nonhuman,host,Mus musculus
2026-10-09,PRJNA1137057,SAMN42564919,host_nonhuman,host,Mus musculus
2026-10-09,PRJNA1137057,SAMN42564965,host_nonhuman,host,Mus musculus
2026-10-09,PRJNA1137057,SAMN42565690,host_nonhuman,host,Mus musculus
2026-10-09,PRJNA1183628,SAMN44631346,host_nonhuman,host,Rattus norvegicus
2026-10-09,PRJNA770295,SAMN22581309,host_nonhuman,host,Mus musculus
2026-10-09,PRJNA595966,SAMN13578033,host_nonhuman,host,Mus musculus
2026-10-09,PRJNA942264,SAMN33681760,other,host,synthetic
2026-10-09,PRJNA942264,SAMN33681805,other,host,synthetic
2026-10-09,PRJNA1137057,SAMN42565103,host_nonhuman,host,Mus musculus
2026-10-09,PRJNA427653,SAMN08242305,other,host,Soil
2026-10-09,PRJNA1137057,SAMN42568779,host_nonhuman,host,Mus musculus
2026-10-09,PRJNA1137057,SAMN42564806,host_nonhuman,host,Mus musculus
2026-10-09,PRJNA1137057,SAMN42565252,host_nonhuman,host,Mus musculus
2026-10-09,PRJNA1155655,SAMN43463044,host_nonhuman,host,mouse
2026-10-09,PRJNA595966,SAMN13578134,host_nonhuman,host,Mus musculus
2026-10-09,PRJNA1209134,SAMN46208702,host_nonhuman,host,mouse
2026-10-09,PRJNA454826,SAMN13091319,host_nonhuman,host,Mus musculus
2026-10-09,PRJNA450709,SAMN08958688,host_nonhuman,host,mouse
2026-10-09,PRJNA964705,SAMN34495820,host_nonhuman,host,Bos taurus
2026-10-09,PRJNA769748,SAMN22169239,host_nonhuman,host,mouse
2026-10-09,PRJNA1137057,SAMN42568871,host_nonhuman,host,Mus musculus
2026-10-09,PRJNA964705,SAMN34495707,host_nonhuman,host,Bos taurus
2026-10-09,PRJNA1137057,SAMN42568541,host_nonhuman,host,Mus musculus
2026-10-09,PRJNA1137057,SAMN42565693,host_nonhuman,host,Mus musculus
2026-10-09,PRJNA1137057,SAMN42565098,host_nonhuman,host,Mus musculus
2026-10-09,PRJNA964705,SAMN34495770,host_nonhuman,host,Bos taurus
2026-10-09,PRJNA1137057,SAMN42568907,host_nonhuman,host,Mus musculus
2026-10-09,PRJNA684454,SAMN17062679,host_nonhuman,host,Bos taurus
2026-10-09,PRJNA942264,SAMN33681674,other,host,synthetic
2026-10-09,PRJNA1137057,SAMN42565684,host_nonhuman,host,Mus musculus
2026-10-09,PRJNA1137057,SAMN42565130,host_nonhuman,host,Mus musculus
2026-10-09,PRJNA678871,SAMN16825109,host_nonhuman,host,Chicken
2026-10-09,PRJNA1137057,SAMN42568599,host_nonhuman,host,Mus musculus
2026-10-09,PRJNA964705,SAMN34495869,host_nonhuman,host,Bos taurus
2026-10-09,PRJNA1137057,SAMN42568970,host_nonhuman,host,Mus musculus
2026-10-09,PRJNA1137057,SAMN42565112,host_nonhuman,host,Mus musculus
2026-10-09,PRJNA1137057,SAMN42565753,host_nonhuman,host,Mus musculus
2026-10-09,PRJNA1137057,SAMN42568553,host_nonhuman,host,Mus musculus
2026-10-09,PRJNA1115089,SAMN41661960,host_nonhuman,host,Mus musculus
2026-10-09,PRJNA964705,SAMN34496353,host_nonhuman,host,Bos taurus
2026-10-09,PRJNA684454,SAMN17279183,host_nonhuman,host,Gallus gallus
2026-10-09,PRJNA1137057,SAMN42564889,host_nonhuman,host,Mus musculus
2026-10-09,PRJNA1137057,SAMN42568886,host_nonhuman,host,Mus musculus
2026-10-09,PRJNA1025016,SAMN37722416,host_nonhuman,host,Mus musculus
2026-10-09,PRJNA450709,SAMN08958733,host_nonhuman,host,mouse
2026-10-09,PRJNA964705,SAMN34495710,host_nonhuman,host,Bos taurus
2026-10-09,PRJNA964705,SAMN34495964,host_nonhuman,host,Bos taurus
2026-10-09,PRJNA964705,SAMN34495923,host_nonhuman,host,Bos taurus
2026-10-09,PRJNA1137057,SAMN42565318,host_nonhuman,host,Mus musculus
2026-10-09,PRJNA539933,SAMN11515205,host_nonhuman,host,Pan troglodytes troglodytes
2026-10-09,PRJNA684454,SAMN17062663,host_nonhuman,host,Gallus gallus
2026-10-09,PRJNA964705,SAMN34496191,host_nonhuman,host,Bos taurus
2026-10-09,PRJNA1219628,SAMN47247303,host_nonhuman,host,Mus musculus
2026-10-09,PRJNA1155655,SAMN43463094,host_nonhuman,host,mouse
2026-10-09,PRJNA770295,SAMN22581314,host_nonhuman,host,Mus musculus
2026-10-09,PRJNA942264,SAMN33681749,other,host,synthetic
2026-10-09,PRJNA1115089,SAMN41661978,host_nonhuman,host,Mus musculus
2026-10-09,PRJNA1137057,SAMN42564992,host_nonhuman,host,Mus musculus
2026-10-09,PRJNA769748,SAMN22169231,host_nonhuman,host,mouse
2026-10-09,PRJNA595966,SAMN13578112,host_nonhuman,host,Mus musculus
2026-10-09,PRJNA1137057,SAMN42565490,host_nonhuman,host,Mus musculus
2026-10-09,PRJNA1155655,SAMN43463063,host_nonhuman,host,mouse
2026-10-09,PRJNA450709,SAMN08958661,host_nonhuman,host,mouse
2026-10-09,PRJNA1268608,SAMN56631151,host_nonhuman,host,Mus musculus
2026-10-09,PRJNA1025016,SAMN37722388,host_nonhuman,host,Mus musculus
2026-10-09,PRJNA684454,SAMN17215455,host_nonhuman,host,Bos taurus
2026-10-09,PRJNA678871,SAMN16825141,other,host,Soil
2026-10-09,PRJNA1137057,SAMN42564786,host_nonhuman,host,Mus musculus
2026-10-09,PRJNA1137057,SAMN42568687,host_nonhuman,host,Mus musculus
2026-10-09,PRJNA1137057,SAMN42568961,host_nonhuman,host,Mus musculus
2026-10-09,PRJNA1025016,SAMN37722341,host_nonhuman,host,Mus musculus
2026-10-09,PRJNA450709,SAMN08958766,host_nonhuman,host,mouse
2026-10-09,PRJNA1137057,SAMN42564888,host_nonhuman,host,Mus musculus
2026-10-09,PRJNA595966,SAMN13578121,host_nonhuman,host,Mus musculus
2026-10-09,PRJNA1183628,SAMN44631341,host_nonhuman,host,Rattus norvegicus
2026-10-09,PRJNA450709,SAMN08958719,host_nonhuman,host,mouse
2026-10-09,PRJNA1137057,SAMN42564842,host_nonhuman,host,Mus musculus
2026-10-09,PRJNA1137057,SAMN42568745,host_nonhuman,host,Mus musculus
2026-10-09,PRJNA1137057,SAMN42568574,host_nonhuman,host,Mus musculus
2026-10-09,PRJNA397664,SAMN07490682,host_nonhuman,host,Mus musculus
2026-10-09,PRJNA1268608,SAMN56631137,host_nonhuman,host,Mus musculus
2026-10-09,PRJNA1137057,SAMN42568586,host_nonhuman,host,Mus musculus
2026-10-09,PRJNA1268608,SAMN56631109,host_nonhuman,host,Mus musculus
2026-10-09,PRJNA769748,SAMN22169198,host_nonhuman,host,mouse
2026-10-09,PRJNA1025016,SAMN37722412,host_nonhuman,host,Mus musculus
2026-10-09,PRJNA450709,SAMN08958685,host_nonhuman,host,mouse
2026-10-09,PRJNA1137057,SAMN42568722,host_nonhuman,host,Mus musculus
2026-10-09,PRJNA1137057,SAMN42565453,host_nonhuman,host,Mus musculus
2026-10-09,PRJNA732769,SAMN19340532,host_nonhuman,host,C57/BL6 mouse
2026-10-09,PRJNA1137057,SAMN42565752,host_nonhuman,host,Mus musculus
2026-10-09,PRJNA964705,SAMN34496157,host_nonhuman,host,Bos taurus
2026-10-09,PRJNA612780,SAMN14381381,host_nonhuman,host,Gallus gallus domesticus
2026-10-09,PRJNA1137057,SAMN42568651,host_nonhuman,host,Mus musculus
2026-10-09,PRJNA997572,SAMN36682511,host_nonhuman,host,Mus musculus
2026-10-09,PRJNA964705,SAMN34495853,host_nonhuman,host,Bos taurus
2026-10-09,PRJNA1268608,SAMN48758727,host_nonhuman,host,Mus musculus
2026-10-09,PRJNA1183628,SAMN44631351,host_nonhuman,host,Rattus norvegicus
2026-10-09,PRJNA964705,SAMN34495848,host_nonhuman,host,Bos taurus
2026-10-09,PRJNA1137057,SAMN42568600,host_nonhuman,host,Mus musculus
2026-10-09,PRJNA1137057,SAMN42568806,host_nonhuman,host,Mus musculus
2026-10-09,PRJNA678871,SAMN16825079,host_nonhuman,host,Chicken
2026-10-09,PRJNA1137057,SAMN42568744,host_nonhuman,host,Mus musculus
2026-10-09,PRJNA596121,SAMN13613321,host_nonhuman,host,Mouse
2026-10-09,PRJNA539933,SAMN11515193,host_nonhuman,host,Gorilla gorilla gorilla
2026-10-09,PRJNA1137057,SAMN42565277,host_nonhuman,host,Mus musculus
2026-10-09,PRJNA1209134,SAMN46208668,host_nonhuman,host,mouse
2026-10-09,PRJNA1137057,SAMN42564796,host_nonhuman,host,Mus musculus
2026-10-09,PRJNA1137057,SAMN42568865,host_nonhuman,host,Mus musculus
2026-10-09,PRJNA1137057,SAMN42565549,host_nonhuman,host,Mus musculus
2026-10-09,PRJNA637878,SAMN15803885,host_nonhuman,host,Mus musculus
2026-10-09,PRJNA1268608,SAMN48758726,host_nonhuman,host,Mus musculus
2026-10-09,PRJNA678871,SAMN18063316,host_nonhuman,host,Chicken
2026-10-09,PRJNA397664,SAMN07490680,host_nonhuman,host,Mus musculus
2026-10-09,PRJNA1025016,SAMN37722351,host_nonhuman,host,Mus musculus
2026-10-09,PRJNA1137057,SAMN42568514,host_nonhuman,host,Mus musculus
2026-10-09,PRJNA1137057,SAMN42568802,host_nonhuman,host,Mus musculus
2026-10-09,PRJNA539933,SAMN11515225,host_nonhuman,host,Gorilla gorilla gorilla
2026-10-09,PRJNA831236,SAMN27749380,host_nonhuman,host,Mus musculus
2026-10-09,PRJNA1137057,SAMN42565077,host_nonhuman,host,Mus musculus
2026-10-09,PRJNA732769,SAMN19340492,host_nonhuman,host,C57/BL6 mouse
2026-10-09,PRJNA964705,SAMN34495807,host_nonhuman,host,Bos taurus
2026-10-09,PRJNA1137057,SAMN42568940,host_nonhuman,host,Mus musculus
2026-10-09,PRJNA964705,SAMN34495904,host_nonhuman,host,Bos taurus
2026-10-09,PRJNA964705,SAMN34495851,host_nonhuman,host,Bos taurus
2026-10-09,PRJNA684454,SAMN17062675,host_nonhuman,host,Bos taurus
2026-10-09,PRJNA1009084,SAMN37145902,host_nonhuman,host,Mus musculus
2026-10-09,PRJNA450709,SAMN08958680,host_nonhuman,host,mouse
2026-10-09,PRJNA1137057,SAMN42565208,host_nonhuman,host,Mus musculus
2026-10-09,PRJEB58441,SAMEA112254650,host_nonhuman,host,Pan troglodytes
2026-10-09,PRJNA450709,SAMN08958750,host_nonhuman,host,mouse
2026-10-09,PRJNA1137057,SAMN42565265,host_nonhuman,host,Mus musculus
2026-10-09,PRJNA1137057,SAMN42564952,host_nonhuman,host,Mus musculus
2026-10-09,PRJNA1137057,SAMN42565188,host_nonhuman,host,Mus musculus
2026-10-09,PRJNA769748,SAMN22169210,host_nonhuman,host,mouse
2026-10-09,PRJNA831236,SAMN27749394,host_nonhuman,host,Mus musculus
2026-10-09,PRJNA831236,SAMN27749340,host_nonhuman,host,Mus musculus
2026-10-09,PRJNA1115089,SAMN41661963,host_nonhuman,host,Mus musculus
2026-10-09,PRJNA942264,SAMN57334967,host_nonhuman,host,Mus musculus
2026-10-09,PRJNA964705,SAMN34496171,host_nonhuman,host,Bos taurus
2026-10-09,PRJNA964705,SAMN34496324,host_nonhuman,host,Bos taurus
2026-10-09,PRJNA1066070,SAMN39458709,host_nonhuman,host,Mus musculus
2026-10-09,PRJNA612780,SAMN14381385,host_nonhuman,host,Gallus gallus domesticus
2026-10-09,PRJNA770295,SAMN22581330,host_nonhuman,host,Mus musculus
2026-10-09,PRJNA1268608,SAMN48758732,host_nonhuman,host,Mus musculus
2026-10-09,PRJNA1137057,SAMN42565065,host_nonhuman,host,Mus musculus
2026-10-09,PRJNA637878,SAMN15803877,host_nonhuman,host,Mus musculus
2026-10-09,PRJNA678871,SAMN16825142,other,host,Soil
2026-10-09,PRJNA1137057,SAMN42568480,host_nonhuman,host,Mus musculus
2026-10-09,PRJNA1137057,SAMN42565758,host_nonhuman,host,Mus musculus
2026-10-09,PRJNA678871,SAMN16825149,other,host,Soil
2026-10-09,PRJNA732769,SAMN19340533,host_nonhuman,host,C57/BL6 mouse
2026-10-09,PRJNA964705,SAMN34495763,host_nonhuman,host,Bos taurus
2026-10-09,PRJNA595966,SAMN13578140,host_nonhuman,host,Mus musculus
2026-10-09,PRJNA1137057,SAMN42565485,host_nonhuman,host,Mus musculus
2026-10-09,PRJNA1025016,SAMN37722376,host_nonhuman,host,Mus musculus
2026-10-09,PRJNA427653,SAMN08242264,host_nonhuman,host,Horse
2026-10-09,PRJNA1137057,SAMN42568916,host_nonhuman,host,Mus musculus
2026-10-09,PRJNA1137057,SAMN42565262,host_nonhuman,host,Mus musculus
2026-10-09,PRJNA732769,SAMN19340544,host_nonhuman,host,C57/BL6 mouse
2026-10-09,PRJNA1115089,SAMN41661966,host_nonhuman,host,Mus musculus
2026-10-09,PRJNA1137057,SAMN42564785,host_nonhuman,host,Mus musculus
2026-10-09,PRJNA1137057,SAMN42565003,host_nonhuman,host,Mus musculus
2026-10-09,PRJNA595966,SAMN13578138,host_nonhuman,host,Mus musculus
2026-10-09,PRJNA1137057,SAMN42565283,host_nonhuman,host,Mus musculus
2026-10-09,PRJNA1137057,SAMN42568648,host_nonhuman,host,Mus musculus
2026-10-09,PRJNA450709,SAMN08958805,host_nonhuman,host,mouse
2026-10-09,PRJNA1157403,SAMN43512656,host_nonhuman,host,Mus musculus
2026-10-09,PRJNA1157403,SAMN43512657,host_nonhuman,host,Mus musculus
2026-10-09,PRJNA769748,SAMN22169228,host_nonhuman,host,mouse
2026-10-09,PRJNA1137057,SAMN42568646,host_nonhuman,host,Mus musculus
2026-10-09,PRJNA964705,SAMN34496125,host_nonhuman,host,Bos taurus
2026-10-09,PRJNA770295,SAMN25811392,host_nonhuman,host,Mus musculus
2026-10-09,PRJNA1137057,SAMN42564923,host_nonhuman,host,Mus musculus
2026-10-09,PRJNA450709,SAMN08958737,host_nonhuman,host,mouse
2026-10-09,PRJNA1137057,SAMN42565234,host_nonhuman,host,Mus musculus
2026-10-09,PRJNA964705,SAMN34495852,host_nonhuman,host,Bos taurus
2026-10-09,PRJNA1137057,SAMN42568812,host_nonhuman,host,Mus musculus
2026-10-09,PRJNA1137057,SAMN42564805,host_nonhuman,host,Mus musculus
2026-10-09,PRJNA1137057,SAMN42569004,host_nonhuman,host,Mus musculus
2026-10-09,PRJNA1137057,SAMN42565439,host_nonhuman,host,Mus musculus
2026-10-09,PRJNA1137057,SAMN42565740,host_nonhuman,host,Mus musculus
2026-10-09,PRJNA684454,SAMN17215464,host_nonhuman,host,Gallus gallus
2026-10-09,PRJNA1115089,SAMN41661968,host_nonhuman,host,Mus musculus
2026-10-09,PRJNA1137057,SAMN42568946,host_nonhuman,host,Mus musculus
2026-10-09,PRJNA454826,SAMN13091336,host_nonhuman,host,Mus musculus
2026-10-09,PRJNA684454,SAMN17062626,host_nonhuman,host,Sus scrofa
2026-10-09,PRJNA678871,SAMN16825105,host_nonhuman,host,Chicken
2026-10-09,PRJNA595966,SAMN13578091,host_nonhuman,host,Mus musculus
2026-10-09,PRJNA1137057,SAMN42564984,host_nonhuman,host,Mus musculus
2026-10-09,PRJNA1137057,SAMN42568590,host_nonhuman,host,Mus musculus
2026-10-09,PRJNA1238458,SAMN47793460,host_nonhuman,host,Mus musculus
2026-10-09,PRJNA1009084,SAMN37145889,host_nonhuman,host,Mus musculus
2026-10-09,PRJNA769748,SAMN22169217,host_nonhuman,host,mouse
2026-10-09,PRJNA678871,SAMN16825050,host_nonhuman,host,Chicken
2026-10-09,PRJNA450709,SAMN08964102,host_nonhuman,host,mouse
2026-10-09,PRJNA678871,SAMN16825128,host_nonhuman,host,Chicken
2026-10-09,PRJNA1137057,SAMN42565009,host_nonhuman,host,Mus musculus
2026-10-09,PRJNA942264,SAMN33681800,other,host,synthetic
2026-10-09,PRJNA1137057,SAMN42565084,host_nonhuman,host,Mus musculus
2026-10-09,PRJNA878528,SAMN54929688,host_nonhuman,host,Mus musculus
2026-10-09,PRJNA1137057,SAMN42568492,host_nonhuman,host,Mus musculus
2026-10-09,PRJNA595966,SAMN13578039,host_nonhuman,host,Mus musculus
2026-10-09,PRJNA942264,SAMN33681752,other,host,synthetic
2026-10-09,PRJNA1219628,SAMN47247326,host_nonhuman,host,Mus musculus
2026-10-09,PRJNA539933,SAMN11515223,host_nonhuman,host,Gorilla gorilla gorilla
2026-10-09,PRJNA1137057,SAMN42565619,host_nonhuman,host,Mus musculus
2026-10-09,PRJNA450709,SAMN08958669,host_nonhuman,host,mouse
2026-10-09,PRJNA761454,SAMN21349082,other,host,water control
2026-10-09,PRJNA595966,SAMN13578116,host_nonhuman,host,Mus musculus
2026-10-09,PRJNA1268608,SAMN48758736,host_nonhuman,host,Mus musculus
2026-10-09,PRJNA450709,SAMN08964092,host_nonhuman,host,mouse
2026-10-09,PRJNA770295,SAMN22252812,host_nonhuman,host,Mus musculus
2026-10-09,PRJNA1137057,SAMN42568781,host_nonhuman,host,Mus musculus
2026-10-09,PRJEB58441,SAMEA112254659,host_nonhuman,host,Pan troglodytes
2026-10-09,PRJNA1137057,SAMN42568935,host_nonhuman,host,Mus musculus
2026-10-09,PRJNA1137057,SAMN42568683,host_nonhuman,host,Mus musculus
2026-10-09,PRJNA450709,SAMN08958710,host_nonhuman,host,mouse
2026-10-09,PRJNA761454,SAMN21349074,other,host,water control
2026-10-09,PRJNA770295,SAMN25811376,host_nonhuman,host,Mus musculus
2026-10-09,PRJNA770295,SAMN22252791,host_nonhuman,host,Mus musculus
2026-10-09,PRJNA770295,SAMN22581326,host_nonhuman,host,Mus musculus
2026-10-09,PRJNA770295,SAMN25811384,host_nonhuman,host,Mus musculus
2026-10-09,PRJNA964705,SAMN34495830,host_nonhuman,host,Bos taurus
2026-10-09,PRJNA1025016,SAMN37722397,host_nonhuman,host,Mus musculus
2026-10-09,PRJNA1268608,SAMN48758709,host_nonhuman,host,Mus musculus
2026-10-09,PRJNA450709,SAMN08958618,host_nonhuman,host,mouse
2026-10-09,PRJNA997572,SAMN36682518,host_nonhuman,host,Mus musculus
2026-10-09,PRJNA991155,SAMN37147985,host_nonhuman,host,Mus musculus
2026-10-09,PRJNA684454,SAMN17062671,host_nonhuman,host,Gallus gallus
2026-10-09,PRJNA1337640,SAMN52380189,host_nonhuman,host,Mus musculus
2026-10-09,PRJNA1137057,SAMN42565427,host_nonhuman,host,Mus musculus
2026-10-09,PRJEB58441,SAMEA112300171,host_nonhuman,host,Pan troglodytes
2026-10-09,PRJNA1137057,SAMN42565348,host_nonhuman,host,Mus musculus
2026-10-09,PRJNA1155655,SAMN43463035,host_nonhuman,host,mouse
2026-10-09,PRJNA964705,SAMN34496174,host_nonhuman,host,Bos taurus
2026-10-09,PRJNA770295,SAMN22581343,host_nonhuman,host,Mus musculus
2026-10-09,PRJNA964705,SAMN34495758,host_nonhuman,host,Bos taurus
2026-10-09,PRJNA770295,SAMN25811358,host_nonhuman,host,Mus musculus
2026-10-09,PRJNA1025016,SAMN37722383,host_nonhuman,host,Mus musculus
2026-10-09,PRJNA770295,SAMN22252823,host_nonhuman,host,Mus musculus
2026-10-09,PRJNA450709,SAMN08958768,host_nonhuman,host,mouse
2026-10-09,PRJNA1137057,SAMN42564926,host_nonhuman,host,Mus musculus
2026-10-09,PRJNA1137057,SAMN42568868,host_nonhuman,host,Mus musculus
2026-10-09,PRJNA1137057,SAMN42564957,host_nonhuman,host,Mus musculus
2026-10-09,PRJNA1137057,SAMN42565761,host_nonhuman,host,Mus musculus
2026-10-09,PRJNA450709,SAMN08958697,host_nonhuman,host,mouse
2026-10-09,PRJNA1009084,SAMN37145885,host_nonhuman,host,Mus musculus
2026-10-09,PRJNA1137057,SAMN42568875,host_nonhuman,host,Mus musculus
2026-10-09,PRJNA678871,SAMN18063309,host_nonhuman,host,Chicken
2026-10-09,PRJNA1115089,SAMN41576896,host_nonhuman,host,Mus musculus
2026-10-09,PRJNA450709,SAMN08958784,host_nonhuman,host,mouse
2026-10-09,PRJNA678871,SAMN16825054,host_nonhuman,host,Chicken
2026-10-09,PRJNA831236,SAMN27749395,host_nonhuman,host,Mus musculus
2026-10-09,PRJNA1137057,SAMN42568994,host_nonhuman,host,Mus musculus
2026-10-09,PRJNA942264,SAMN33681703,other,host,synthetic
2026-10-09,PRJNA878528,SAMN54929681,host_nonhuman,host,Mus musculus
2026-10-09,PRJNA1025016,SAMN37722343,host_nonhuman,host,Mus musculus
2026-10-09,PRJNA450709,SAMN08958598,host_nonhuman,host,mouse
2026-10-09,PRJNA1137057,SAMN42568649,host_nonhuman,host,Mus musculus
2026-10-09,PRJNA1268608,SAMN48758746,host_nonhuman,host,Mus musculus
2026-10-09,PRJNA661048,SAMN15968271,host_nonhuman,host,Gorilla
2026-10-09,PRJNA539933,SAMN11515207,host_nonhuman,host,Pan troglodytes troglodytes
2026-10-09,PRJNA964705,SAMN34495850,host_nonhuman,host,Bos taurus
2026-10-09,PRJNA1268608,SAMN48758748,host_nonhuman,host,Mus musculus
2026-10-09,PRJNA1137057,SAMN42568764,host_nonhuman,host,Mus musculus
2026-10-09,PRJNA1137057,SAMN42568789,host_nonhuman,host,Mus musculus
2026-10-09,PRJNA1137057,SAMN42564781,host_nonhuman,host,Mus musculus
2026-10-09,PRJNA997572,SAMN36682528,host_nonhuman,host,Mus musculus
2026-10-09,PRJNA1009084,SAMN37145887,host_nonhuman,host,Mus musculus
2026-10-09,PRJNA964705,SAMN34495741,host_nonhuman,host,Bos taurus
2026-10-09,PRJNA1137057,SAMN42564873,host_nonhuman,host,Mus musculus
2026-10-09,PRJNA769748,SAMN22169207,host_nonhuman,host,mouse
2026-10-09,PRJNA1137057,SAMN42564928,host_nonhuman,host,Mus musculus
2026-10-09,PRJNA1137057,SAMN42565151,host_nonhuman,host,Mus musculus
2026-10-09,PRJNA964705,SAMN34496359,host_nonhuman,host,Bos taurus
2026-10-09,PRJNA1137057,SAMN42564966,host_nonhuman,host,Mus musculus
2026-10-09,PRJNA595966,SAMN13578100,host_nonhuman,host,Mus musculus
2026-10-09,PRJNA964705,SAMN34495876,host_nonhuman,host,Bos taurus
2026-10-09,PRJNA1137057,SAMN42565153,host_nonhuman,host,Mus musculus
2026-10-09,PRJNA1137057,SAMN42568463,host_nonhuman,host,Mus musculus
2026-10-09,PRJNA1009084,SAMN37145922,host_nonhuman,host,Mus musculus
2026-10-09,PRJNA678871,SAMN16825076,host_nonhuman,host,Chicken
2026-10-09,PRJNA1025016,SAMN37722401,host_nonhuman,host,Mus musculus
2026-10-09,PRJNA770295,SAMN25811360,host_nonhuman,host,Mus musculus
2026-10-09,PRJNA1131085,SAMN42240271,host_nonhuman,host,Mus musculus
2026-10-09,PRJNA678871,SAMN16825057,host_nonhuman,host,Chicken
2026-10-09,PRJNA450709,SAMN08958705,host_nonhuman,host,mouse
2026-10-09,PRJEB58441,SAMEA112254402,host_nonhuman,host,Pan troglodytes
2026-10-09,PRJNA1137057,SAMN42565545,host_nonhuman,host,Mus musculus
2026-10-09,PRJNA450709,SAMN08958712,host_nonhuman,host,mouse
2026-10-09,PRJNA1268608,SAMN48758690,host_nonhuman,host,Mus musculus
2026-10-09,PRJNA1137057,SAMN42568493,host_nonhuman,host,Mus musculus
2026-10-09,PRJNA1137057,SAMN42568557,host_nonhuman,host,Mus musculus
2026-10-09,PRJNA1137057,SAMN42565289,host_nonhuman,host,Mus musculus
2026-10-09,PRJNA1137057,SAMN42568469,host_nonhuman,host,Mus musculus
2026-10-09,PRJNA450709,SAMN08958698,host_nonhuman,host,mouse
2026-10-09,PRJNA595966,SAMN13578072,host_nonhuman,host,Mus musculus
2026-10-09,PRJNA942264,SAMN33681664,other,host,synthetic
2026-10-09,PRJNA1137057,SAMN42565379,host_nonhuman,host,Mus musculus
2026-10-09,PRJNA1137057,SAMN42568829,host_nonhuman,host,Mus musculus
2026-10-09,PRJNA1219628,SAMN47247298,host_nonhuman,host,Mus musculus
2026-10-09,PRJNA1137057,SAMN42568910,host_nonhuman,host,Mus musculus
2026-10-09,PRJNA1137057,SAMN42568712,host_nonhuman,host,Mus musculus
2026-10-09,PRJNA1115089,SAMN41576883,host_nonhuman,host,Mus musculus
2026-10-09,PRJEB58441,SAMEA112254389,host_nonhuman,host,Pan troglodytes
2026-10-09,PRJNA1137057,SAMN42568723,host_nonhuman,host,Mus musculus
2026-10-09,PRJNA878528,SAMN54929689,host_nonhuman,host,Mus musculus
2026-10-09,PRJNA539933,SAMN11515197,host_nonhuman,host,Pan troglodytes troglodytes
2026-10-09,PRJNA684454,SAMN17215533,host_nonhuman,host,Gallus gallus
2026-10-09,PRJNA1137057,SAMN42568895,host_nonhuman,host,Mus musculus
2026-10-09,PRJNA1155655,SAMN43463038,host_nonhuman,host,mouse
2026-10-09,PRJNA427653,SAMN08242296,host_nonhuman,host,Goat
2026-10-09,PRJNA454826,SAMN13091315,host_nonhuman,host,Mus musculus
2026-10-09,PRJNA1137057,SAMN42568675,host_nonhuman,host,Mus musculus
2026-10-09,PRJNA1137057,SAMN42564897,host_nonhuman,host,Mus musculus
2026-10-09,PRJNA997572,SAMN36682520,host_nonhuman,host,Mus musculus
2026-10-09,PRJNA1137057,SAMN42565314,host_nonhuman,host,Mus musculus
2026-10-09,PRJNA684454,SAMN17215469,host_nonhuman,host,Gallus gallus
2026-10-09,PRJNA1137057,SAMN42565688,host_nonhuman,host,Mus musculus
2026-10-09,PRJNA1137057,SAMN42565433,host_nonhuman,host,Mus musculus
2026-10-09,PRJNA1137057,SAMN42568739,host_nonhuman,host,Mus musculus
2026-10-09,PRJNA1137057,SAMN42565446,host_nonhuman,host,Mus musculus
2026-10-09,PRJNA595966,SAMN13578165,host_nonhuman,host,Mus musculus
2026-10-09,PRJNA1137057,SAMN42565358,host_nonhuman,host,Mus musculus
2026-10-09,PRJNA964705,SAMN34496335,host_nonhuman,host,Bos taurus
2026-10-09,PRJNA1137057,SAMN42565757,host_nonhuman,host,Mus musculus
2026-10-09,PRJNA964705,SAMN34496284,host_nonhuman,host,Bos taurus
2026-10-09,PRJNA1137057,SAMN42568822,host_nonhuman,host,Mus musculus
2026-10-09,PRJNA450709,SAMN08958627,host_nonhuman,host,mouse
2026-10-09,PRJNA1137057,SAMN42568543,host_nonhuman,host,Mus musculus
2026-10-09,PRJNA1268608,SAMN56631099,host_nonhuman,host,Mus musculus
2026-10-09,PRJNA595966,SAMN13578064,host_nonhuman,host,Mus musculus
2026-10-09,PRJNA964705,SAMN34496232,host_nonhuman,host,Bos taurus
2026-10-09,PRJNA1137057,SAMN42568790,host_nonhuman,host,Mus musculus
2026-10-09,PRJNA878528,SAMN54929668,host_nonhuman,host,Mus musculus
2026-10-09,PRJNA1137057,SAMN42565293,host_nonhuman,host,Mus musculus
2026-10-09,PRJNA1025016,SAMN37722344,host_nonhuman,host,Mus musculus
2026-10-09,PRJNA1137057,SAMN42564776,host_nonhuman,host,Mus musculus
2026-10-09,PRJNA684454,SAMN17062657,host_nonhuman,host,Gallus gallus
2026-10-09,PRJNA637878,SAMN15803872,host_nonhuman,host,Mus musculus
2026-10-09,PRJNA964705,SAMN34496097,host_nonhuman,host,Bos taurus
2026-10-09,PRJNA964705,SAMN34496234,host_nonhuman,host,Bos taurus
2026-10-09,PRJNA1219628,SAMN47247343,host_nonhuman,host,Mus musculus
2026-10-09,PRJNA596121,SAMN13613324,host_nonhuman,host,Mouse
2026-10-09,PRJNA964705,SAMN34495754,host_nonhuman,host,Bos taurus
2026-10-09,PRJNA684454,SAMN17215492,host_nonhuman,host,Sus scrofa
2026-10-09,PRJNA595966,SAMN13578099,host_nonhuman,host,Mus musculus
2026-10-09,PRJNA1337640,SAMN52380191,host_nonhuman,host,Mus musculus
2026-10-09,PRJNA1137057,SAMN42565139,host_nonhuman,host,Mus musculus
2026-10-09,PRJNA1137057,SAMN42564967,host_nonhuman,host,Mus musculus
2026-10-09,PRJNA539933,SAMN11515200,host_nonhuman,host,Pan troglodytes troglodytes
2026-10-09,PRJNA678871,SAMN16825051,host_nonhuman,host,Chicken
2026-10-09,PRJNA684454,SAMN17062641,host_nonhuman,host,Bos taurus
2026-10-09,PRJNA732769,SAMN19340498,host_nonhuman,host,C57/BL6 mouse
2026-10-09,PRJNA1137057,SAMN42565587,host_nonhuman,host,Mus musculus
2026-10-09,PRJNA964705,SAMN34496364,host_nonhuman,host,Bos taurus
2026-10-09,PRJNA1137057,SAMN42565101,host_nonhuman,host,Mus musculus
2026-10-09,PRJNA595966,SAMN13578114,host_nonhuman,host,Mus musculus
2026-10-09,PRJNA1137057,SAMN42565317,host_nonhuman,host,Mus musculus
2026-10-09,PRJNA1268608,SAMN56631121,host_nonhuman,host,Mus musculus
2026-10-09,PRJNA678871,SAMN16825062,host_nonhuman,host,Chicken
2026-10-09,PRJNA1137057,SAMN42568714,host_nonhuman,host,Mus musculus
2026-10-09,PRJNA1137057,SAMN42568609,host_nonhuman,host,Mus musculus
2026-10-09,PRJNA1009084,SAMN37145904,host_nonhuman,host,Mus musculus
2026-10-09,PRJNA678871,SAMN16825093,host_nonhuman,host,Chicken
2026-10-09,PRJNA1137057,SAMN42568710,host_nonhuman,host,Mus musculus
2026-10-09,PRJNA1209134,SAMN46208700,host_nonhuman,host,mouse
2026-10-09,PRJNA831236,SAMN27749381,host_nonhuman,host,Mus musculus
2026-10-09,PRJNA450709,SAMN08958657,host_nonhuman,host,mouse
2026-10-09,PRJNA684454,SAMN17215474,host_nonhuman,host,Gallus gallus
2026-10-09,PRJNA539933,SAMN11515169,host_nonhuman,host,Pan troglodytes
2026-10-09,PRJNA1137057,SAMN42568489,host_nonhuman,host,Mus musculus
2026-10-09,PRJNA964705,SAMN34495760,host_nonhuman,host,Bos taurus
2026-10-09,PRJNA1137057,SAMN42565661,host_nonhuman,host,Mus musculus
2026-10-09,PRJNA539933,SAMN11515235,host_nonhuman,host,Gorilla gorilla gorilla
2026-10-09,PRJNA964705,SAMN34495994,host_nonhuman,host,Bos taurus
2026-10-09,PRJNA450709,SAMN08958630,host_nonhuman,host,mouse
2026-10-09,PRJNA1137057,SAMN42565000,host_nonhuman,host,Mus musculus
2026-10-09,PRJNA1137057,SAMN42568618,host_nonhuman,host,Mus musculus
2026-10-09,PRJNA539933,SAMN11515233,host_nonhuman,host,Gorilla gorilla gorilla
2026-10-09,PRJNA454826,SAMN13091308,host_nonhuman,host,Mus musculus
2026-10-09,PRJNA942264,SAMN33681818,other,host,synthetic
2026-10-09,PRJNA684454,SAMN17062666,host_nonhuman,host,Bos taurus
2026-10-09,PRJNA1137057,SAMN42568457,host_nonhuman,host,Mus musculus
2026-10-09,PRJNA964705,SAMN34495998,host_nonhuman,host,Bos taurus
2026-10-09,PRJNA1137057,SAMN42565116,host_nonhuman,host,Mus musculus
2026-10-09,PRJNA684454,SAMN17062678,host_nonhuman,host,Bos taurus
2026-10-09,PRJNA1137057,SAMN42565146,host_nonhuman,host,Mus musculus
2026-10-09,PRJNA1183628,SAMN44631368,host_nonhuman,host,Rattus norvegicus
2026-10-09,PRJNA1268608,SAMN48758723,host_nonhuman,host,Mus musculus
2026-10-09,PRJNA427653,SAMN08242261,host_nonhuman,host,Horse
2026-10-09,PRJNA595966,SAMN13578068,host_nonhuman,host,Mus musculus
2026-10-09,PRJNA1137057,SAMN42568918,host_nonhuman,host,Mus musculus
2026-10-09,PRJNA942264,SAMN57334952,host_nonhuman,host,Mus musculus
2026-10-09,PRJNA1115089,SAMN41576895,host_nonhuman,host,Mus musculus
2026-10-09,PRJNA1137057,SAMN42565745,host_nonhuman,host,Mus musculus
2026-10-09,PRJNA1137057,SAMN42569048,host_nonhuman,host,Mus musculus
2026-10-09,PRJNA1137057,SAMN42568850,host_nonhuman,host,Mus musculus
2026-10-09,PRJNA684454,SAMN17062660,host_nonhuman,host,Gallus gallus
2026-10-09,PRJNA1137057,SAMN42565367,host_nonhuman,host,Mus musculus
2026-10-09,PRJNA964705,SAMN34495905,host_nonhuman,host,Bos taurus
2026-10-09,PRJNA678871,SAMN16825070,host_nonhuman,host,Chicken
2026-10-09,PRJNA1137057,SAMN42568613,host_nonhuman,host,Mus musculus
2026-10-09,PRJNA1137057,SAMN42568784,host_nonhuman,host,Mus musculus
2026-10-09,PRJNA1137057,SAMN42565125,host_nonhuman,host,Mus musculus
2026-10-09,PRJNA1025016,SAMN37722381,host_nonhuman,host,Mus musculus
2026-10-09,PRJNA769748,SAMN22169256,host_nonhuman,host,mouse
2026-10-09,PRJNA1025016,SAMN37722334,host_nonhuman,host,Mus musculus
2026-10-09,PRJEB58441,SAMEA112254651,host_nonhuman,host,Pan troglodytes
2026-10-09,PRJNA964705,SAMN34496042,host_nonhuman,host,Bos taurus
2026-10-09,PRJNA684454,SAMN17215527,host_nonhuman,host,Bos taurus
2026-10-09,PRJNA397664,SAMN07490678,host_nonhuman,host,Mus musculus
2026-10-09,PRJNA450709,SAMN08958645,host_nonhuman,host,mouse
2026-10-09,PRJNA450709,SAMN08958732,host_nonhuman,host,mouse
2026-10-09,PRJNA684454,SAMN17279187,host_nonhuman,host,Bos taurus
2026-10-09,PRJNA964705,SAMN34496328,host_nonhuman,host,Bos taurus
2026-10-09,PRJNA450709,SAMN08958769,host_nonhuman,host,mouse
2026-10-09,PRJNA1066070,SAMN39458699,host_nonhuman,host,Mus musculus
2026-10-09,PRJNA1137057,SAMN42565424,host_nonhuman,host,Mus musculus
2026-10-09,PRJNA964705,SAMN34495787,host_nonhuman,host,Bos taurus
2026-10-09,PRJNA596121,SAMN13613330,host_nonhuman,host,Mouse
2026-10-09,PRJNA1137057,SAMN42568834,host_nonhuman,host,Mus musculus
2026-10-09,PRJNA1137057,SAMN42568889,host_nonhuman,host,Mus musculus
2026-10-09,PRJNA964705,SAMN34495771,host_nonhuman,host,Bos taurus
2026-10-09,PRJNA595966,SAMN13578168,host_nonhuman,host,Mus musculus
2026-10-09,PRJNA450709,SAMN08958663,host_nonhuman,host,mouse
2026-10-09,PRJNA450709,SAMN08958808,host_nonhuman,host,mouse
2026-10-09,PRJNA1137057,SAMN42569018,host_nonhuman,host,Mus musculus
2026-10-09,PRJNA964705,SAMN34495796,host_nonhuman,host,Bos taurus
2026-10-09,PRJNA770295,SAMN25811382,host_nonhuman,host,Mus musculus
2026-10-09,PRJNA1219628,SAMN47247335,host_nonhuman,host,Mus musculus
2026-10-09,PRJNA1137057,SAMN42564820,host_nonhuman,host,Mus musculus
2026-10-09,PRJNA964705,SAMN34496207,host_nonhuman,host,Bos taurus
2026-10-09,PRJNA1137057,SAMN42565692,host_nonhuman,host,Mus musculus
2026-10-09,PRJNA770295,SAMN25811381,host_nonhuman,host,Mus musculus
2026-10-09,PRJNA684454,SAMN17215493,host_nonhuman,host,Bos taurus
2026-10-09,PRJEB58441,SAMEA112254384,host_nonhuman,host,Pan troglodytes
2026-10-09,PRJNA1268608,SAMN48758755,host_nonhuman,host,Mus musculus
2026-10-09,PRJNA450709,SAMN08958727,host_nonhuman,host,mouse
2026-10-09,PRJNA1238458,SAMN47793420,host_nonhuman,host,Mus musculus
2026-10-09,PRJNA1137057,SAMN42568876,host_nonhuman,host,Mus musculus
2026-10-09,PRJNA1137057,SAMN42568685,host_nonhuman,host,Mus musculus
2026-10-09,PRJNA964705,SAMN34496316,host_nonhuman,host,Bos taurus
2026-10-09,PRJNA1268608,SAMN48758740,host_nonhuman,host,Mus musculus
2026-10-09,PRJNA1137057,SAMN42565329,host_nonhuman,host,Mus musculus
2026-10-09,PRJNA1137057,SAMN42564787,host_nonhuman,host,Mus musculus
2026-10-09,PRJNA539933,SAMN11515186,host_nonhuman,host,Gorilla gorilla gorilla
2026-10-09,PRJNA596121,SAMN13613326,host_nonhuman,host,Mouse
2026-10-09,PRJNA1025016,SAMN37722360,host_nonhuman,host,Mus musculus
2026-10-09,PRJNA678871,SAMN16825069,host_nonhuman,host,Chicken
2026-10-09,PRJNA684454,SAMN17215516,host_nonhuman,host,Sus scrofa
2026-10-09,PRJNA1115089,SAMN41576916,host_nonhuman,host,Mus musculus
2026-10-09,PRJNA1137057,SAMN42565140,host_nonhuman,host,Mus musculus
2026-10-09,PRJNA1137057,SAMN42568498,host_nonhuman,host,Mus musculus
2026-10-09,PRJNA1009084,SAMN37145908,host_nonhuman,host,Mus musculus
2026-10-09,PRJNA769748,SAMN22169205,host_nonhuman,host,mouse
2026-10-09,PRJNA1137057,SAMN42564987,host_nonhuman,host,Mus musculus
2026-10-09,PRJNA596121,SAMN13613323,host_nonhuman,host,Mouse
2026-10-09,PRJNA1137057,SAMN42565229,host_nonhuman,host,Mus musculus
2026-10-09,PRJNA678871,SAMN16825059,host_nonhuman,host,Chicken
2026-10-09,PRJNA1137057,SAMN42568805,host_nonhuman,host,Mus musculus
2026-10-09,PRJNA1209134,SAMN46208723,host_nonhuman,host,mouse
2026-10-09,PRJNA1137057,SAMN42565246,host_nonhuman,host,Mus musculus
2026-10-09,PRJNA1137057,SAMN42569034,host_nonhuman,host,Mus musculus
2026-10-09,PRJNA1137057,SAMN42565506,host_nonhuman,host,Mus musculus
2026-10-09,PRJNA964705,SAMN34495951,host_nonhuman,host,Bos taurus
2026-10-09,PRJNA831236,SAMN27749337,host_nonhuman,host,Mus musculus
2026-10-09,PRJNA1025016,SAMN37722399,host_nonhuman,host,Mus musculus
2026-10-09,PRJNA770295,SAMN25811398,host_nonhuman,host,Mus musculus
2026-10-09,PRJNA1137057,SAMN42565313,host_nonhuman,host,Mus musculus
2026-10-09,PRJNA964705,SAMN34495881,host_nonhuman,host,Bos taurus
2026-10-09,PRJNA678871,SAMN16825146,other,host,Soil
2026-10-09,PRJNA942264,SAMN57334971,other,host,synthetic
2026-10-09,PRJNA1137057,SAMN42565222,host_nonhuman,host,Mus musculus
2026-10-09,PRJNA769748,SAMN22169199,host_nonhuman,host,mouse
2026-10-09,PRJNA770295,SAMN22252800,host_nonhuman,host,Mus musculus
2026-10-09,PRJNA1137057,SAMN42565180,host_nonhuman,host,Mus musculus
2026-10-09,PRJNA1137057,SAMN42565209,host_nonhuman,host,Mus musculus
2026-10-09,PRJNA1137057,SAMN42564977,host_nonhuman,host,Mus musculus
2026-10-09,PRJNA1137057,SAMN42565395,host_nonhuman,host,Mus musculus
2026-10-09,PRJNA1137057,SAMN42568729,host_nonhuman,host,Mus musculus
2026-10-09,PRJNA1115089,SAMN41576886,host_nonhuman,host,Mus musculus
2026-10-09,PRJNA964705,SAMN34496320,host_nonhuman,host,Bos taurus
2026-10-09,PRJNA1268608,SAMN56631111,host_nonhuman,host,Mus musculus
2026-10-09,PRJNA1137057,SAMN42565083,host_nonhuman,host,Mus musculus
2026-10-09,PRJNA1268608,SAMN48758720,host_nonhuman,host,Mus musculus
2026-10-09,PRJNA964705,SAMN34495862,host_nonhuman,host,Bos taurus
2026-10-09,PRJNA1124507,SAMN41855782,host_nonhuman,host,MOUSE
2026-10-09,PRJNA1137057,SAMN42565683,host_nonhuman,host,Mus musculus
2026-10-09,PRJNA1137057,SAMN42565522,host_nonhuman,host,Mus musculus
2026-10-09,PRJNA595966,SAMN13578097,host_nonhuman,host,Mus musculus
2026-10-09,PRJNA450709,SAMN08958711,host_nonhuman,host,mouse
2026-10-09,PRJNA1137057,SAMN42568934,host_nonhuman,host,Mus musculus
2026-10-09,PRJNA1009084,SAMN37145918,host_nonhuman,host,Mus musculus
2026-10-09,PRJNA684454,SAMN17215534,host_nonhuman,host,Sus scrofa
2026-10-09,PRJNA1137057,SAMN42565025,host_nonhuman,host,Mus musculus
2026-10-09,PRJNA1137057,SAMN42568721,host_nonhuman,host,Mus musculus
2026-10-09,PRJNA1137057,SAMN42568684,host_nonhuman,host,Mus musculus
2026-10-09,PRJNA1025016,SAMN37722384,host_nonhuman,host,Mus musculus
2026-10-09,PRJEB58441,SAMEA112254538,host_nonhuman,host,Pan troglodytes
2026-10-09,PRJNA1137057,SAMN42564878,host_nonhuman,host,Mus musculus
2026-10-09,PRJNA1155655,SAMN43463028,host_nonhuman,host,mouse
2026-10-09,PRJNA1155655,SAMN43463055,host_nonhuman,host,mouse
2026-10-09,PRJNA1137057,SAMN42568537,host_nonhuman,host,Mus musculus
2026-10-09,PRJNA1209134,SAMN46208721,host_nonhuman,host,mouse
2026-10-09,PRJNA1157403,SAMN43512651,host_nonhuman,host,Mus musculus
2026-10-09,PRJNA1137057,SAMN42568913,host_nonhuman,host,Mus musculus
2026-10-09,PRJNA1137057,SAMN42568682,host_nonhuman,host,Mus musculus
2026-10-09,PRJNA1137057,SAMN42564881,host_nonhuman,host,Mus musculus
2026-10-09,PRJNA942264,SAMN33681743,other,host,synthetic
2026-10-09,PRJNA1137057,SAMN42564874,host_nonhuman,host,Mus musculus
2026-10-09,PRJNA1137057,SAMN42568792,host_nonhuman,host,Mus musculus
2026-10-09,PRJNA1137057,SAMN42564882,host_nonhuman,host,Mus musculus
2026-10-09,PRJNA1137057,SAMN42568637,host_nonhuman,host,Mus musculus
2026-10-09,PRJNA1137057,SAMN42565200,host_nonhuman,host,Mus musculus
2026-10-09,PRJNA1137057,SAMN42565059,host_nonhuman,host,Mus musculus
2026-10-09,PRJNA964705,SAMN34496110,host_nonhuman,host,Bos taurus
2026-10-09,PRJNA1137057,SAMN42568734,host_nonhuman,host,Mus musculus
2026-10-09,PRJNA964705,SAMN34496068,host_nonhuman,host,Bos taurus
2026-10-09,PRJNA1137057,SAMN42565376,host_nonhuman,host,Mus musculus
2026-10-09,PRJNA1137057,SAMN42565527,host_nonhuman,host,Mus musculus
2026-10-09,PRJNA964705,SAMN34496314,host_nonhuman,host,Bos taurus
2026-10-09,PRJNA1137057,SAMN42568944,host_nonhuman,host,Mus musculus
2026-10-09,PRJNA1137057,SAMN42568703,host_nonhuman,host,Mus musculus
2026-10-09,PRJNA964705,SAMN34495975,host_nonhuman,host,Bos taurus
2026-10-09,PRJNA1238458,SAMN47793439,host_nonhuman,host,Mus musculus
2026-10-09,PRJNA1137057,SAMN42564863,host_nonhuman,host,Mus musculus
2026-10-09,PRJNA964705,SAMN34496094,host_nonhuman,host,Bos taurus
2026-10-09,PRJNA1137057,SAMN42565035,host_nonhuman,host,Mus musculus
2026-10-09,PRJNA595966,SAMN13578079,host_nonhuman,host,Mus musculus
2026-10-09,PRJNA684454,SAMN17215508,host_nonhuman,host,Gallus gallus
2026-10-09,PRJNA770295,SAMN22252804,host_nonhuman,host,Mus musculus
2026-10-09,PRJNA732769,SAMN19340501,host_nonhuman,host,C57/BL6 mouse
2026-10-09,PRJNA1137057,SAMN42568922,host_nonhuman,host,Mus musculus
2026-10-09,PRJNA964705,SAMN34496248,host_nonhuman,host,Bos taurus
2026-10-09,PRJNA732769,SAMN19340493,host_nonhuman,host,C57/BL6 mouse
2026-10-09,PRJNA964705,SAMN34496208,host_nonhuman,host,Bos taurus
2026-10-09,PRJNA595966,SAMN13578151,host_nonhuman,host,Mus musculus
2026-10-09,PRJNA1137057,SAMN42568633,host_nonhuman,host,Mus musculus
2026-10-09,PRJNA1137057,SAMN42564963,host_nonhuman,host,Mus musculus
2026-10-09,PRJNA964705,SAMN34496026,host_nonhuman,host,Bos taurus
2026-10-09,PRJNA678871,SAMN16825144,other,host,Soil
2026-10-09,PRJNA1157403,SAMN43512658,host_nonhuman,host,Mus musculus
2026-10-09,PRJNA1219628,SAMN47247316,host_nonhuman,host,Mus musculus
2026-10-09,PRJNA450709,SAMN08958629,host_nonhuman,host,mouse
2026-10-09,PRJNA1137057,SAMN42564946,host_nonhuman,host,Mus musculus
2026-10-09,PRJNA1183628,SAMN44631359,host_nonhuman,host,Rattus norvegicus
2026-10-09,PRJNA767648,SAMN21923156,host_nonhuman,host,Mus musculus
2026-10-09,PRJNA397664,SAMN07490671,host_nonhuman,host,Mus musculus
2026-10-09,PRJNA1137057,SAMN42568594,host_nonhuman,host,Mus musculus
2026-10-09,PRJNA1066070,SAMN39458695,host_nonhuman,host,Mus musculus
2026-10-09,PRJNA684454,SAMN17062628,host_nonhuman,host,Sus scrofa
2026-10-09,PRJNA1124507,SAMN41855786,host_nonhuman,host,MOUSE
2026-10-09,PRJNA942264,SAMN33681724,other,host,synthetic
2026-10-09,PRJNA1137057,SAMN42568696,host_nonhuman,host,Mus musculus
2026-10-09,PRJNA964705,SAMN34496007,host_nonhuman,host,Bos taurus
2026-10-09,PRJNA1025016,SAMN37722400,host_nonhuman,host,Mus musculus
2026-10-09,PRJNA1268608,SAMN48758724,host_nonhuman,host,Mus musculus
2026-10-09,PRJNA1268608,SAMN48758733,host_nonhuman,host,Mus musculus
2026-10-09,PRJNA684454,SAMN17062652,host_nonhuman,host,Gallus gallus
2026-10-09,PRJNA1137057,SAMN42565343,host_nonhuman,host,Mus musculus
2026-10-09,PRJNA1137057,SAMN42565603,host_nonhuman,host,Mus musculus
2026-10-09,PRJNA1268608,SAMN48758754,host_nonhuman,host,Mus musculus
2026-10-09,PRJNA684454,SAMN17279170,host_nonhuman,host,Gallus gallus
2026-10-09,PRJNA575186,SAMN12879246,host_nonhuman,host,Mouse
2026-10-09,PRJNA1137057,SAMN42568674,host_nonhuman,host,Mus musculus
2026-10-09,PRJNA1209134,SAMN46208705,host_nonhuman,host,mouse
2026-10-09,PRJNA1137057,SAMN42565010,host_nonhuman,host,Mus musculus
2026-10-09,PRJNA1268608,SAMN48758685,host_nonhuman,host,Mus musculus
2026-10-09,PRJNA612780,SAMN14381382,host_nonhuman,host,Gallus gallus domesticus
2026-10-09,PRJNA1115089,SAMN41661987,host_nonhuman,host,Mus musculus
2026-10-09,PRJNA684454,SAMN17215452,host_nonhuman,host,Bos taurus
2026-10-09,PRJNA1137057,SAMN42565362,host_nonhuman,host,Mus musculus
2026-10-09,PRJNA831236,SAMN27749393,host_nonhuman,host,Mus musculus
2026-10-09,PRJNA575186,SAMN12879241,host_nonhuman,host,Mouse
2026-10-09,PRJNA1137057,SAMN42568749,host_nonhuman,host,Mus musculus
2026-10-09,PRJNA964705,SAMN34496100,host_nonhuman,host,Bos taurus
2026-10-09,PRJNA1155655,SAMN43463057,host_nonhuman,host,mouse
2026-10-09,PRJNA1137057,SAMN42569022,host_nonhuman,host,Mus musculus
2026-10-09,PRJNA964705,SAMN34496073,host_nonhuman,host,Bos taurus
2026-10-09,PRJNA684454,SAMN17215524,host_nonhuman,host,Bos taurus
2026-10-09,PRJNA831236,SAMN27749389,host_nonhuman,host,Mus musculus
2026-10-09,PRJNA684454,SAMN17215480,host_nonhuman,host,Sus scrofa
2026-10-09,PRJNA1137057,SAMN42564958,host_nonhuman,host,Mus musculus
2026-10-09,PRJNA454826,SAMN13091334,host_nonhuman,host,Mus musculus
2026-10-09,PRJNA1137057,SAMN42568972,host_nonhuman,host,Mus musculus
2026-10-09,PRJNA1137057,SAMN42565299,host_nonhuman,host,Mus musculus
2026-10-09,PRJNA1009084,SAMN37145893,host_nonhuman,host,Mus musculus
2026-10-09,PRJNA964705,SAMN34495937,host_nonhuman,host,Bos taurus
2026-10-09,PRJNA1209134,SAMN46208706,host_nonhuman,host,mouse
2026-10-09,PRJNA1137057,SAMN42565332,host_nonhuman,host,Mus musculus
2026-10-09,PRJNA1137057,SAMN42565129,host_nonhuman,host,Mus musculus
2026-10-09,PRJNA1115089,SAMN41661993,host_nonhuman,host,Mus musculus
2026-10-09,PRJNA1137057,SAMN42564990,host_nonhuman,host,Mus musculus
2026-10-09,PRJNA454826,SAMN13091322,host_nonhuman,host,Mus musculus
2026-10-09,PRJNA1137057,SAMN42564939,host_nonhuman,host,Mus musculus
2026-10-09,PRJNA770295,SAMN22252826,host_nonhuman,host,Mus musculus
2026-10-09,PRJNA1137057,SAMN42568513,host_nonhuman,host,Mus musculus
2026-10-09,PRJNA454826,SAMN13091306,host_nonhuman,host,Mus musculus
2026-10-09,PRJNA1137057,SAMN42565165,host_nonhuman,host,Mus musculus
2026-10-09,PRJNA1137057,SAMN42565415,host_nonhuman,host,Mus musculus
2026-10-09,PRJNA454826,SAMN13091310,host_nonhuman,host,Mus musculus
2026-10-09,PRJNA1137057,SAMN42565437,host_nonhuman,host,Mus musculus
2026-10-09,PRJNA1137057,SAMN42565604,host_nonhuman,host,Mus musculus
2026-10-09,PRJNA1137057,SAMN42564899,host_nonhuman,host,Mus musculus
2026-10-09,PRJNA964705,SAMN34495709,host_nonhuman,host,Bos taurus
2026-10-09,PRJNA1155655,SAMN43463054,host_nonhuman,host,mouse
2026-10-09,PRJNA964705,SAMN34495713,host_nonhuman,host,Bos taurus
2026-10-09,PRJNA1066070,SAMN39458700,host_nonhuman,host,Mus musculus
2026-10-09,PRJNA964705,SAMN34496218,host_nonhuman,host,Bos taurus
2026-10-09,PRJNA1137057,SAMN42565333,host_nonhuman,host,Mus musculus
2026-10-09,PRJNA450709,SAMN08958667,host_nonhuman,host,mouse
2026-10-09,PRJNA1137057,SAMN42565216,host_nonhuman,host,Mus musculus
2026-10-09,PRJNA1137057,SAMN42565687,host_nonhuman,host,Mus musculus
2026-10-09,PRJNA964705,SAMN34496057,host_nonhuman,host,Bos taurus
2026-10-09,PRJNA1009084,SAMN37145914,host_nonhuman,host,Mus musculus
2026-10-09,PRJNA1137057,SAMN42565512,host_nonhuman,host,Mus musculus
2026-10-09,PRJNA1137057,SAMN42565589,host_nonhuman,host,Mus musculus
2026-10-09,PRJNA964705,SAMN34496025,host_nonhuman,host,Bos taurus
2026-10-09,PRJNA1137057,SAMN42568842,host_nonhuman,host,Mus musculus
2026-10-09,PRJNA661048,SAMN15968231,host_nonhuman,host,Pan troglodytes
2026-10-09,PRJNA1137057,SAMN42564989,host_nonhuman,host,Mus musculus
2026-10-09,PRJNA1137057,SAMN42564927,host_nonhuman,host,Mus musculus
2026-10-09,PRJNA1137057,SAMN42565276,host_nonhuman,host,Mus musculus
2026-10-09,PRJNA1137057,SAMN42564961,host_nonhuman,host,Mus musculus
2026-10-09,PRJNA1209134,SAMN46208697,host_nonhuman,host,mouse
2026-10-09,PRJNA964705,SAMN34495708,host_nonhuman,host,Bos taurus
2026-10-09,PRJNA539933,SAMN11515194,host_nonhuman,host,Gorilla gorilla gorilla
2026-10-09,PRJNA997572,SAMN36682514,host_nonhuman,host,Mus musculus
2026-10-09,PRJNA769748,SAMN22169252,host_nonhuman,host,mouse
2026-10-09,PRJNA1115089,SAMN41576887,host_nonhuman,host,Mus musculus
2026-10-09,PRJNA1009084,SAMN37145890,host_nonhuman,host,Mus musculus
2026-10-09,PRJNA1137057,SAMN42565731,host_nonhuman,host,Mus musculus
2026-10-09,PRJNA1137057,SAMN42565121,host_nonhuman,host,Mus musculus
2026-10-09,PRJNA684454,SAMN17062638,host_nonhuman,host,Bos taurus
2026-10-09,PRJNA769748,SAMN22169248,host_nonhuman,host,mouse
2026-10-09,PRJNA1137057,SAMN42565390,host_nonhuman,host,Mus musculus
2026-10-09,PRJNA1137057,SAMN42568673,host_nonhuman,host,Mus musculus
2026-10-09,PRJNA1137057,SAMN42568728,host_nonhuman,host,Mus musculus
2026-10-09,PRJNA1137057,SAMN42568644,host_nonhuman,host,Mus musculus
2026-10-09,PRJNA427653,SAMN08242258,other,host,Soil
2026-10-09,PRJNA1268608,SAMN48758738,host_nonhuman,host,Mus musculus
2026-10-09,PRJNA684454,SAMN17215451,host_nonhuman,host,Bos taurus
2026-10-09,PRJNA1115089,SAMN41661977,host_nonhuman,host,Mus musculus
2026-10-09,PRJNA1137057,SAMN42568695,host_nonhuman,host,Mus musculus
2026-10-09,PRJNA732769,SAMN19340546,host_nonhuman,host,C57/BL6 mouse
2026-10-09,PRJNA450709,SAMN08958801,host_nonhuman,host,mouse
2026-10-09,PRJNA450709,SAMN08958703,host_nonhuman,host,mouse
2026-10-09,PRJNA678871,SAMN16825148,other,host,Soil
2026-10-09,PRJNA1137057,SAMN42564827,host_nonhuman,host,Mus musculus
2026-10-09,PRJNA1238458,SAMN47793452,host_nonhuman,host,Mus musculus
2026-10-09,PRJNA1137057,SAMN42564908,host_nonhuman,host,Mus musculus
2026-10-09,PRJNA450709,SAMN08958731,host_nonhuman,host,mouse
2026-10-09,PRJNA964705,SAMN34495823,host_nonhuman,host,Bos taurus
2026-10-09,PRJNA964705,SAMN34496048,host_nonhuman,host,Bos taurus
2026-10-09,PRJNA678871,SAMN16825101,host_nonhuman,host,Chicken
2026-10-09,PRJNA1137057,SAMN42565715,host_nonhuman,host,Mus musculus
2026-10-09,PRJNA769748,SAMN22169249,host_nonhuman,host,mouse
2026-10-09,PRJNA942264,SAMN33681697,other,host,synthetic
2026-10-09,PRJNA450709,SAMN08958759,host_nonhuman,host,mouse
2026-10-09,PRJNA1137057,SAMN42568960,host_nonhuman,host,Mus musculus
2026-10-09,PRJNA769748,SAMN22169194,host_nonhuman,host,mouse
2026-10-09,PRJNA450709,SAMN08958779,host_nonhuman,host,mouse
2026-10-09,PRJNA1238458,SAMN47793430,host_nonhuman,host,Mus musculus
2026-10-09,PRJNA1137057,SAMN42565754,host_nonhuman,host,Mus musculus
2026-10-09,PRJNA1137057,SAMN42565504,host_nonhuman,host,Mus musculus
2026-10-09,PRJNA1137057,SAMN42565610,host_nonhuman,host,Mus musculus
2026-10-09,PRJNA1137057,SAMN42565235,host_nonhuman,host,Mus musculus
2026-10-09,PRJNA770295,SAMN25811406,host_nonhuman,host,Mus musculus
2026-10-09,PRJNA769748,SAMN22169215,host_nonhuman,host,mouse
2026-10-09,PRJNA427653,SAMN08242310,other,host,Soil
2026-10-09,PRJNA1137057,SAMN42568534,host_nonhuman,host,Mus musculus
2026-10-09,PRJNA427653,SAMN08242308,other,host,Soil
2026-10-09,PRJNA684454,SAMN17215462,host_nonhuman,host,Gallus gallus
2026-10-09,PRJNA1137057,SAMN42565685,host_nonhuman,host,Mus musculus
2026-10-09,PRJNA1025016,SAMN37722432,host_nonhuman,host,Mus musculus
2026-10-09,PRJNA1137057,SAMN42565447,host_nonhuman,host,Mus musculus
2026-10-09,PRJNA1115089,SAMN41661962,host_nonhuman,host,Mus musculus
2026-10-09,PRJNA1137057,SAMN42565398,host_nonhuman,host,Mus musculus
2026-10-09,PRJNA1137057,SAMN42568996,host_nonhuman,host,Mus musculus
2026-10-09,PRJNA964705,SAMN34495672,host_nonhuman,host,Bos taurus
2026-10-09,PRJEB58441,SAMEA112254386,host_nonhuman,host,Pan troglodytes
2026-10-09,PRJNA1137057,SAMN42569047,host_nonhuman,host,Mus musculus
2026-10-09,PRJNA1137057,SAMN42565300,host_nonhuman,host,Mus musculus
2026-10-09,PRJNA450709,SAMN08958803,host_nonhuman,host,mouse
2026-10-09,PRJNA1137057,SAMN42564870,host_nonhuman,host,Mus musculus
2026-10-09,PRJNA767648,SAMN21923118,host_nonhuman,host,Mus musculus
2026-10-09,PRJNA1137057,SAMN42568968,host_nonhuman,host,Mus musculus
2026-10-09,PRJNA450709,SAMN08958696,host_nonhuman,host,mouse
2026-10-09,PRJNA1137057,SAMN42565594,host_nonhuman,host,Mus musculus
2026-10-09,PRJNA1115089,SAMN41576908,host_nonhuman,host,Mus musculus
2026-10-09,PRJNA770295,SAMN25811378,host_nonhuman,host,Mus musculus
2026-10-09,PRJNA1137057,SAMN42569051,host_nonhuman,host,Mus musculus
2026-10-09,PRJNA770295,SAMN25811403,host_nonhuman,host,Mus musculus
2026-10-09,PRJNA1137057,SAMN42565615,host_nonhuman,host,Mus musculus
2026-10-09,PRJNA964705,SAMN34495686,host_nonhuman,host,Bos taurus
2026-10-09,PRJNA397664,SAMN07490690,host_nonhuman,host,Mus musculus
2026-10-09,PRJNA1137057,SAMN42568921,host_nonhuman,host,Mus musculus
2026-10-09,PRJNA964705,SAMN34495778,host_nonhuman,host,Bos taurus
2026-10-09,PRJNA1137057,SAMN42565150,host_nonhuman,host,Mus musculus
2026-10-09,PRJNA1137057,SAMN42565237,host_nonhuman,host,Mus musculus
2026-10-09,PRJNA1009084,SAMN37145906,host_nonhuman,host,Mus musculus
2026-10-09,PRJNA964705,SAMN34496158,host_nonhuman,host,Bos taurus
2026-10-09,PRJNA1137057,SAMN42568999,host_nonhuman,host,Mus musculus
2026-10-09,PRJNA539933,SAMN11515229,host_nonhuman,host,Gorilla gorilla gorilla
2026-10-09,PRJNA1209134,SAMN46208716,host_nonhuman,host,mouse
2026-10-09,PRJNA427653,SAMN08242267,host_nonhuman,host,Horse
2026-10-09,PRJNA1155655,SAMN43463089,host_nonhuman,host,mouse
2026-10-09,PRJNA684454,SAMN17215499,host_nonhuman,host,Gallus gallus
2026-10-09,PRJNA684454,SAMN17062683,host_nonhuman,host,Gallus gallus
2026-10-09,PRJNA770295,SAMN22581341,host_nonhuman,host,Mus musculus
2026-10-09,PRJNA1137057,SAMN42565111,host_nonhuman,host,Mus musculus
2026-10-09,PRJNA1337640,SAMN52380193,host_nonhuman,host,Mus musculus
2026-10-09,PRJNA539933,SAMN11515178,host_nonhuman,host,Pan troglodytes
2026-10-09,PRJNA831236,SAMN27749383,host_nonhuman,host,Mus musculus
2026-10-09,PRJNA1137057,SAMN42568937,host_nonhuman,host,Mus musculus
2026-10-09,PRJNA878528,SAMN54929678,host_nonhuman,host,Mus musculus
2026-10-09,PRJNA595966,SAMN13578156,host_nonhuman,host,Mus musculus
2026-10-09,PRJNA767648,SAMN21923120,host_nonhuman,host,Mus musculus
2026-10-09,PRJNA575186,SAMN12879239,host_nonhuman,host,Mouse
2026-10-09,PRJNA964705,SAMN34495679,host_nonhuman,host,Bos taurus
2026-10-09,PRJNA684454,SAMN17215485,host_nonhuman,host,Sus scrofa
2026-10-09,PRJNA1238458,SAMN47793459,host_nonhuman,host,Mus musculus
2026-10-09,PRJEB58441,SAMEA112254388,host_nonhuman,host,Pan troglodytes
2026-10-09,PRJNA1115089,SAMN41576892,host_nonhuman,host,Mus musculus
2026-10-09,PRJNA1000750,SAMN36779486,host_nonhuman,host,Mus musculus
2026-10-09,PRJNA1137057,SAMN42568482,host_nonhuman,host,Mus musculus
2026-10-09,PRJNA1137057,SAMN42565134,host_nonhuman,host,Mus musculus
2026-10-09,PRJNA1137057,SAMN42568915,host_nonhuman,host,Mus musculus
2026-10-09,PRJNA1137057,SAMN42568505,host_nonhuman,host,Mus musculus
2026-10-09,PRJNA1137057,SAMN42569023,host_nonhuman,host,Mus musculus
2026-10-09,PRJNA1268608,SAMN48758718,host_nonhuman,host,Mus musculus
2026-10-09,PRJNA1155655,SAMN43463075,host_nonhuman,host,mouse
2026-10-09,PRJNA964705,SAMN34495928,host_nonhuman,host,Bos taurus
2026-10-09,PRJNA1137057,SAMN42569044,host_nonhuman,host,Mus musculus
2026-10-09,PRJNA1137057,SAMN42564954,host_nonhuman,host,Mus musculus
2026-10-09,PRJNA942264,SAMN33681742,other,host,synthetic
2026-10-09,PRJNA964705,SAMN34496392,host_nonhuman,host,Bos taurus
2026-10-09,PRJNA450709,SAMN08958717,host_nonhuman,host,mouse
2026-10-09,PRJNA964705,SAMN34496061,host_nonhuman,host,Bos taurus
2026-10-09,PRJNA964705,SAMN34496041,host_nonhuman,host,Bos taurus
2026-10-09,PRJNA1137057,SAMN42565271,host_nonhuman,host,Mus musculus
2026-10-09,PRJNA1137057,SAMN42565641,host_nonhuman,host,Mus musculus
2026-10-09,PRJNA678871,SAMN16825094,host_nonhuman,host,Chicken
2026-10-09,PRJNA942264,SAMN33681660,other,host,synthetic
2026-10-09,PRJNA1124507,SAMN41855784,host_nonhuman,host,MOUSE
2026-10-09,PRJNA1137057,SAMN42564973,host_nonhuman,host,Mus musculus
2026-10-09,PRJNA1137057,SAMN42565474,host_nonhuman,host,Mus musculus
2026-10-09,PRJNA1137057,SAMN42565553,host_nonhuman,host,Mus musculus
2026-10-09,PRJNA1009084,SAMN37145882,host_nonhuman,host,Mus musculus
2026-10-09,PRJNA942264,SAMN33681709,other,host,synthetic
2026-10-09,PRJNA964705,SAMN34496114,host_nonhuman,host,Bos taurus
2026-10-09,PRJNA1137057,SAMN42565469,host_nonhuman,host,Mus musculus
2026-10-09,PRJNA1137057,SAMN42564808,host_nonhuman,host,Mus musculus
2026-10-09,PRJNA1137057,SAMN42568991,host_nonhuman,host,Mus musculus
2026-10-09,PRJNA1137057,SAMN42568905,host_nonhuman,host,Mus musculus
2026-10-09,PRJNA732769,SAMN19340513,host_nonhuman,host,C57/BL6 mouse
2026-10-09,PRJNA964705,SAMN34495687,host_nonhuman,host,Bos taurus
2026-10-09,PRJNA1137057,SAMN42564850,host_nonhuman,host,Mus musculus
2026-10-09,PRJNA1137057,SAMN42565707,host_nonhuman,host,Mus musculus
2026-10-09,PRJNA1137057,SAMN42564784,host_nonhuman,host,Mus musculus
2026-10-09,PRJNA450709,SAMN08958724,host_nonhuman,host,mouse
2026-10-09,PRJNA964705,SAMN34495759,host_nonhuman,host,Bos taurus
2026-10-09,PRJNA684454,SAMN17215506,host_nonhuman,host,Gallus gallus
2026-10-09,PRJNA1268608,SAMN48758719,host_nonhuman,host,Mus musculus
2026-10-09,PRJNA1137057,SAMN42568726,host_nonhuman,host,Mus musculus
2026-10-09,PRJNA510571,SAMN10715792,host_nonhuman,host,Gorilla beringei graueri sample 2
2026-10-09,PRJNA1155655,SAMN43463085,host_nonhuman,host,mouse
2026-10-09,PRJNA1137057,SAMN42564981,host_nonhuman,host,Mus musculus
2026-10-09,PRJNA964705,SAMN34495690,host_nonhuman,host,Bos taurus
2026-10-09,PRJNA1137057,SAMN42565374,host_nonhuman,host,Mus musculus
2026-10-09,PRJNA684454,SAMN17062629,host_nonhuman,host,Sus scrofa
2026-10-09,PRJNA964705,SAMN34496166,host_nonhuman,host,Bos taurus
2026-10-09,PRJNA770295,SAMN22581315,host_nonhuman,host,Mus musculus
2026-10-09,PRJNA684454,SAMN17215511,host_nonhuman,host,Bos taurus
2026-10-09,PRJNA732769,SAMN19340497,host_nonhuman,host,C57/BL6 mouse
2026-10-09,PRJNA1009084,SAMN37145926,host_nonhuman,host,Mus musculus
2026-10-09,PRJNA1137057,SAMN42565016,host_nonhuman,host,Mus musculus
2026-10-09,PRJNA769748,SAMN22169258,host_nonhuman,host,mouse
2026-10-09,PRJNA770295,SAMN22581327,host_nonhuman,host,Mus musculus
2026-10-09,PRJNA1137057,SAMN42565601,host_nonhuman,host,Mus musculus
2026-10-09,PRJNA769748,SAMN22169235,host_nonhuman,host,mouse
2026-10-09,PRJNA1137057,SAMN42569016,host_nonhuman,host,Mus musculus
2026-10-09,PRJNA1115089,SAMN41661969,host_nonhuman,host,Mus musculus
2026-10-09,PRJNA1137057,SAMN42568585,host_nonhuman,host,Mus musculus
2026-10-09,PRJNA1137057,SAMN42564861,host_nonhuman,host,Mus musculus
2026-10-09,PRJNA1137057,SAMN42565664,host_nonhuman,host,Mus musculus
2026-10-09,PRJNA1372133,SAMN54950371,host_nonhuman,host,Bos taurus
2026-10-09,PRJNA1372133,SAMN54950375,host_nonhuman,host,Bos taurus
2026-10-09,PRJNA1372133,SAMN54950382,host_nonhuman,host,Bos taurus
2026-10-09,PRJNA1372133,SAMN54950387,host_nonhuman,host,Bos taurus
2026-10-09,PRJNA1372133,SAMN54950392,host_nonhuman,host,Bos taurus
2026-10-09,PRJNA1372133,SAMN54950393,host_nonhuman,host,Bos taurus
2026-10-09,PRJNA1372133,SAMN54950396,host_nonhuman,host,Bos taurus
2026-10-09,PRJNA1372133,SAMN54950399,host_nonhuman,host,Bos taurus
2026-10-09,PRJNA1372133,SAMN54950406,host_nonhuman,host,Bos taurus
2026-10-09,PRJNA1372133,SAMN54950411,host_nonhuman,host,Bos taurus
2026-10-09,PRJNA1372133,SAMN54950413,host_nonhuman,host,Bos taurus
2026-10-09,PRJNA1372133,SAMN54950427,host_nonhuman,host,Bos taurus
2026-10-09,PRJNA1372133,SAMN54950428,host_nonhuman,host,Bos taurus
2026-10-09,PRJNA1472735,SAMN60516011,host_nonhuman,host,Mus musculus
2026-10-09,PRJNA1472735,SAMN60516012,host_nonhuman,host,Mus musculus
2026-10-09,PRJNA1472735,SAMN60516013,host_nonhuman,host,Mus musculus
2026-10-09,PRJNA1472735,SAMN60516015,host_nonhuman,host,Mus musculus
2026-10-09,PRJNA1472735,SAMN60516017,host_nonhuman,host,Mus musculus
2026-10-09,PRJNA1472735,SAMN60516021,host_nonhuman,host,Mus musculus
2026-10-09,PRJNA1514052,SAMN62477224,host_nonhuman,host,Mus musculus
2026-10-09,PRJNA1514052,SAMN62477228,host_nonhuman,host,Mus musculus
2026-10-09,PRJNA1514052,SAMN62477231,host_nonhuman,host,Mus musculus
2026-10-09,PRJNA1514052,SAMN62477233,host_nonhuman,host,Mus musculus
2026-10-09,PRJNA1514052,SAMN62477237,host_nonhuman,host,Mus musculus
2026-10-09,PRJNA1514052,SAMN62477239,host_nonhuman,host,Mus musculus
2026-10-09,PRJNA1514052,SAMN62477240,host_nonhuman,host,Mus musculus
2026-10-09,PRJNA1514052,SAMN62477241,host_nonhuman,host,Mus musculus
2026-10-09,PRJNA1514052,SAMN62477248,host_nonhuman,host,Mus musculus
2026-10-09,PRJNA1514052,SAMN62477250,host_nonhuman,host,Mus musculus
2026-10-09,PRJNA1514052,SAMN62477254,host_nonhuman,host,Mus musculus
2026-10-09,PRJNA1514052,SAMN62477256,host_nonhuman,host,Mus musculus
2026-10-09,PRJEB56784,SAMEA111486561,host_nonhuman,host_common_name,mouse
2026-10-09,PRJEB13595,SAMEA3932940,host_nonhuman,host_common_name,dog
2026-10-09,PRJEB40903,SAMEA12936642,host_nonhuman,host_common_name,cat
2026-10-09,PRJEB40903,SAMEA12936734,host_nonhuman,host_common_name,mouse
2026-10-09,PRJEB13595,SAMEA3932842,host_nonhuman,host_common_name,dog
2026-10-09,PRJEB56784,SAMEA111486525,host_nonhuman,host_common_name,mouse
2026-10-09,PRJEB13595,SAMEA3932656,host_nonhuman,host_common_name,dog
2026-10-09,PRJEB13595,SAMEA3933074,host_nonhuman,host_common_name,dog
2026-10-09,PRJEB40903,SAMEA12936656,host_nonhuman,host_common_name,cat
2026-10-09,PRJEB40903,SAMEA12936164,host_nonhuman,host_common_name,cat
2026-10-09,PRJEB13595,SAMEA3933020,host_nonhuman,host_common_name,dog
2026-10-09,PRJEB13595,SAMEA3933032,host_nonhuman,host_common_name,dog
2026-10-09,PRJEB40903,SAMEA12935573,host_nonhuman,host_common_name,cat
2026-10-09,PRJEB13595,SAMEA3932802,host_nonhuman,host_common_name,dog
2026-10-09,PRJEB13595,SAMEA3932834,host_nonhuman,host_common_name,dog
2026-10-09,PRJEB13595,SAMEA3932741,host_nonhuman,host_common_name,dog
2026-10-09,PRJEB13595,SAMEA3932816,host_nonhuman,host_common_name,dog
2026-10-09,PRJEB13595,SAMEA3933072,host_nonhuman,host_common_name,dog
2026-10-09,PRJEB13595,SAMEA3932961,host_nonhuman,host_common_name,dog
2026-10-09,PRJEB40903,SAMEA7469236,host_nonhuman,host_common_name,cat
2026-10-09,PRJEB13595,SAMEA3932824,host_nonhuman,host_common_name,dog
2026-10-09,PRJEB40903,SAMEA12936163,host_nonhuman,host_common_name,cat
2026-10-09,PRJEB40903,SAMEA7468865,host_nonhuman,host_common_name,mouse
2026-10-09,PRJEB13595,SAMEA3932728,host_nonhuman,host_common_name,dog
2026-10-09,PRJEB13595,SAMEA3932706,host_nonhuman,host_common_name,dog
2026-10-09,PRJEB13595,SAMEA3933010,host_nonhuman,host_common_name,dog
2026-10-09,PRJEB13595,SAMEA3932949,host_nonhuman,host_common_name,dog
2026-10-09,PRJEB40903,SAMEA12936647,host_nonhuman,host_common_name,cat
2026-10-09,PRJEB56784,SAMEA111486547,host_nonhuman,host_common_name,mouse
2026-10-09,PRJEB13595,SAMEA3933043,host_nonhuman,host_common_name,dog
2026-10-09,PRJEB13595,SAMEA3932970,host_nonhuman,host_common_name,dog
2026-10-09,PRJEB13595,SAMEA3932760,host_nonhuman,host_common_name,dog
2026-10-09,PRJEB40903,SAMEA7469284,host_nonhuman,host_common_name,mouse
2026-10-09,PRJEB13595,SAMEA3932817,host_nonhuman,host_common_name,dog
2026-10-09,PRJEB40903,SAMEA7469239,host_nonhuman,host_common_name,cat
2026-10-09,PRJEB13595,SAMEA3932779,host_nonhuman,host_common_name,dog
2026-10-09,PRJEB40903,SAMEA12936735,host_nonhuman,host_common_name,mouse
2026-10-09,PRJEB13595,SAMEA3932822,host_nonhuman,host_common_name,dog
2026-10-09,PRJEB40903,SAMEA12936226,host_nonhuman,host_common_name,mouse
2026-10-09,PRJEB13595,SAMEA3933014,host_nonhuman,host_common_name,dog
2026-10-09,PRJEB13595,SAMEA3932980,host_nonhuman,host_common_name,dog
2026-10-09,PRJEB13595,SAMEA3932702,host_nonhuman,host_common_name,dog
2026-10-09,PRJEB13595,SAMEA3932977,host_nonhuman,host_common_name,dog
2026-10-09,PRJEB40903,SAMEA12936750,host_nonhuman,host_common_name,mouse
2026-10-09,PRJEB13595,SAMEA3932784,host_nonhuman,host_common_name,dog
2026-10-09,PRJEB13595,SAMEA3932752,host_nonhuman,host_common_name,dog
2026-10-09,PRJEB13595,SAMEA3932725,host_nonhuman,host_common_name,dog
2026-10-09,PRJEB40903,SAMEA7468862,host_nonhuman,host_common_name,mouse
2026-10-09,PRJEB13595,SAMEA3932958,host_nonhuman,host_common_name,dog
2026-10-09,PRJEB40903,SAMEA12936748,host_nonhuman,host_common_name,mouse
2026-10-09,PRJEB40903,SAMEA12936235,host_nonhuman,host_common_name,mouse
2026-10-09,PRJEB56784,SAMEA111486563,host_nonhuman,host_common_name,mouse
2026-10-09,PRJEB13595,SAMEA3932953,host_nonhuman,host_common_name,dog
2026-10-09,PRJEB13595,SAMEA3932863,host_nonhuman,host_common_name,dog
2026-10-09,PRJEB13595,SAMEA3932989,host_nonhuman,host_common_name,dog
2026-10-09,PRJEB40903,SAMEA12936743,host_nonhuman,host_common_name,mouse
2026-10-09,PRJEB40903,SAMEA12936771,host_nonhuman,host_common_name,mouse
2026-10-09,PRJEB13595,SAMEA3932874,host_nonhuman,host_common_name,dog
2026-10-09,PRJEB13595,SAMEA3932703,host_nonhuman,host_common_name,dog
2026-10-09,PRJEB40903,SAMEA12936242,host_nonhuman,host_common_name,mouse
2026-10-09,PRJEB13595,SAMEA3932886,host_nonhuman,host_common_name,dog
2026-10-09,PRJEB40903,SAMEA12936147,host_nonhuman,host_common_name,cat
2026-10-09,PRJEB13595,SAMEA3932884,host_nonhuman,host_common_name,dog
2026-10-09,PRJEB40903,SAMEA12935588,host_nonhuman,host_common_name,cat
2026-10-09,PRJEB13595,SAMEA3932939,host_nonhuman,host_common_name,dog
2026-10-09,PRJEB13595,SAMEA3932988,host_nonhuman,host_common_name,dog
2026-10-09,PRJEB13595,SAMEA3932890,host_nonhuman,host_common_name,dog
2026-10-09,PRJEB40903,SAMEA12935648,host_nonhuman,host_common_name,mouse
2026-10-09,PRJEB13595,SAMEA3932719,host_nonhuman,host_common_name,dog
2026-10-09,PRJEB13595,SAMEA3932838,host_nonhuman,host_common_name,dog
2026-10-09,PRJEB40903,SAMEA12935589,host_nonhuman,host_common_name,cat
2026-10-09,PRJEB56784,SAMEA111486522,host_nonhuman,host_common_name,mouse
2026-10-09,PRJEB13595,SAMEA3932688,host_nonhuman,host_common_name,dog
2026-10-09,PRJEB40903,SAMEA12935583,host_nonhuman,host_common_name,cat
2026-10-09,PRJEB40903,SAMEA12935646,host_nonhuman,host_common_name,mouse
2026-10-09,PRJEB13595,SAMEA3932975,host_nonhuman,host_common_name,dog
2026-10-09,PRJEB40903,SAMEA12936144,host_nonhuman,host_common_name,cat
2026-10-09,PRJEB40903,SAMEA12936142,host_nonhuman,host_common_name,cat
2026-10-09,PRJEB13595,SAMEA3932805,host_nonhuman,host_common_name,dog
2026-10-09,PRJEB13595,SAMEA3932763,host_nonhuman,host_common_name,dog
2026-10-09,PRJEB13595,SAMEA3932680,host_nonhuman,host_common_name,dog
2026-10-09,PRJEB40903,SAMEA12935577,host_nonhuman,host_common_name,cat
2026-10-09,PRJEB56784,SAMEA111486535,host_nonhuman,host_common_name,mouse
2026-10-09,PRJEB13595,SAMEA3932999,host_nonhuman,host_common_name,dog
2026-10-09,PRJEB13595,SAMEA3932684,host_nonhuman,host_common_name,dog
2026-10-09,PRJEB13595,SAMEA3932945,host_nonhuman,host_common_name,dog
2026-10-09,PRJEB56784,SAMEA111486565,host_nonhuman,host_common_name,mouse
2026-10-09,PRJEB40903,SAMEA12936741,host_nonhuman,host_common_name,mouse
2026-10-09,PRJEB13595,SAMEA3932711,host_nonhuman,host_common_name,dog
2026-10-09,PRJEB13595,SAMEA3933081,host_nonhuman,host_common_name,dog
2026-10-09,PRJEB40903,SAMEA12935663,host_nonhuman,host_common_name,mouse
2026-10-09,PRJEB40903,SAMEA12936231,host_nonhuman,host_common_name,mouse
2026-10-09,PRJEB13595,SAMEA3932923,host_nonhuman,host_common_name,dog
2026-10-09,PRJEB13595,SAMEA3932876,host_nonhuman,host_common_name,dog
2026-10-09,PRJEB40903,SAMEA12936143,host_nonhuman,host_common_name,cat
2026-10-09,PRJEB40903,SAMEA7469285,host_nonhuman,host_common_name,mouse
2026-10-09,PRJEB13595,SAMEA3932662,host_nonhuman,host_common_name,dog
2026-10-09,PRJEB13595,SAMEA3933041,host_nonhuman,host_common_name,dog
2026-10-09,PRJEB13595,SAMEA3932932,host_nonhuman,host_common_name,dog
2026-10-09,PRJEB13595,SAMEA3932862,host_nonhuman,host_common_name,dog
2026-10-09,PRJEB13595,SAMEA3932814,host_nonhuman,host_common_name,dog
2026-10-09,PRJEB40903,SAMEA12936742,host_nonhuman,host_common_name,mouse
2026-10-09,PRJEB13595,SAMEA3933025,host_nonhuman,host_common_name,dog
2026-10-09,PRJEB13595,SAMEA3932936,host_nonhuman,host_common_name,dog
2026-10-09,PRJEB13595,SAMEA3933071,host_nonhuman,host_common_name,dog
2026-10-09,PRJEB13595,SAMEA3932813,host_nonhuman,host_common_name,dog
2026-10-09,PRJEB13595,SAMEA3932700,host_nonhuman,host_common_name,dog
2026-10-09,PRJEB40903,SAMEA12935581,host_nonhuman,host_common_name,cat
2026-10-09,PRJEB40903,SAMEA12936730,host_nonhuman,host_common_name,mouse
2026-10-09,PRJEB13595,SAMEA3932901,host_nonhuman,host_common_name,dog
2026-10-09,PRJEB40903,SAMEA12935671,host_nonhuman,host_common_name,mouse
2026-10-09,PRJEB13595,SAMEA3933057,host_nonhuman,host_common_name,dog
2026-10-09,PRJEB13595,SAMEA3932649,host_nonhuman,host_common_name,dog
2026-10-09,PRJEB13595,SAMEA3932897,host_nonhuman,host_common_name,dog
2026-10-09,PRJEB40903,SAMEA12936232,host_nonhuman,host_common_name,mouse
2026-10-09,PRJEB40903,SAMEA12935580,host_nonhuman,host_common_name,cat
2026-10-09,PRJEB13595,SAMEA3932962,host_nonhuman,host_common_name,dog
2026-10-09,PRJEB13595,SAMEA3932791,host_nonhuman,host_common_name,dog
2026-10-09,PRJEB40903,SAMEA12935637,host_nonhuman,host_common_name,mouse
2026-10-09,PRJEB13595,SAMEA3932765,host_nonhuman,host_common_name,dog
2026-10-09,PRJEB13595,SAMEA3932852,host_nonhuman,host_common_name,dog
2026-10-09,PRJEB13595,SAMEA3932800,host_nonhuman,host_common_name,dog
2026-10-09,PRJEB40903,SAMEA12936158,host_nonhuman,host_common_name,cat
2026-10-09,PRJEB40903,SAMEA12935578,host_nonhuman,host_common_name,cat
2026-10-09,PRJEB40903,SAMEA12936215,host_nonhuman,host_common_name,mouse
2026-10-09,PRJEB13595,SAMEA3932918,host_nonhuman,host_common_name,dog
2026-10-09,PRJEB40903,SAMEA7468867,host_nonhuman,host_common_name,mouse
2026-10-09,PRJEB56784,SAMEA111486554,host_nonhuman,host_common_name,mouse
2026-10-09,PRJEB13595,SAMEA3932746,host_nonhuman,host_common_name,dog
2026-10-09,PRJEB13595,SAMEA3932868,host_nonhuman,host_common_name,dog
2026-10-09,PRJEB40903,SAMEA12936234,host_nonhuman,host_common_name,mouse
2026-10-09,PRJEB40903,SAMEA7469263,host_nonhuman,host_common_name,mouse
2026-10-09,PRJEB13595,SAMEA3932670,host_nonhuman,host_common_name,dog
2026-10-09,PRJEB13595,SAMEA3933068,host_nonhuman,host_common_name,dog
2026-10-09,PRJEB13595,SAMEA3932926,host_nonhuman,host_common_name,dog
2026-10-09,PRJEB13595,SAMEA3932660,host_nonhuman,host_common_name,dog
2026-10-09,PRJEB56784,SAMEA111486564,host_nonhuman,host_common_name,mouse
2026-10-09,PRJEB13595,SAMEA3932673,host_nonhuman,host_common_name,dog
2026-10-09,PRJEB13595,SAMEA3932993,host_nonhuman,host_common_name,dog
2026-10-09,PRJEB40903,SAMEA12936756,host_nonhuman,host_common_name,mouse
2026-10-09,PRJEB13595,SAMEA3932963,host_nonhuman,host_common_name,dog
2026-10-09,PRJEB13595,SAMEA3932907,host_nonhuman,host_common_name,dog
2026-10-09,PRJEB40903,SAMEA12936646,host_nonhuman,host_common_name,cat
2026-10-09,PRJEB13595,SAMEA3932994,host_nonhuman,host_common_name,dog
2026-10-09,PRJEB13595,SAMEA3932786,host_nonhuman,host_common_name,dog
2026-10-09,PRJEB40903,SAMEA12936156,host_nonhuman,host_common_name,cat
2026-10-09,PRJEB13595,SAMEA3932941,host_nonhuman,host_common_name,dog
2026-10-09,PRJEB40903,SAMEA7469286,host_nonhuman,host_common_name,mouse
2026-10-09,PRJEB13595,SAMEA3932716,host_nonhuman,host_common_name,dog
2026-10-09,PRJEB40903,SAMEA7468848,host_nonhuman,host_common_name,cat
2026-10-09,PRJEB40903,SAMEA12936661,host_nonhuman,host_common_name,cat
2026-10-09,PRJEB56784,SAMEA111486557,host_nonhuman,host_common_name,mouse
2026-10-09,PRJEB13595,SAMEA3933063,host_nonhuman,host_common_name,dog
2026-10-09,PRJEB13595,SAMEA3932899,host_nonhuman,host_common_name,dog
2026-10-09,PRJEB40903,SAMEA12936768,host_nonhuman,host_common_name,mouse
2026-10-09,PRJEB40903,SAMEA12936243,host_nonhuman,host_common_name,mouse
2026-10-09,PRJEB13595,SAMEA3932847,host_nonhuman,host_common_name,dog
2026-10-09,PRJEB13595,SAMEA3933078,host_nonhuman,host_common_name,dog
2026-10-09,PRJEB13595,SAMEA3932709,host_nonhuman,host_common_name,dog
2026-10-09,PRJEB40903,SAMEA12936220,host_nonhuman,host_common_name,mouse
2026-10-09,PRJEB13595,SAMEA3932911,host_nonhuman,host_common_name,dog
2026-10-09,PRJEB13595,SAMEA3932679,host_nonhuman,host_common_name,dog
2026-10-09,PRJEB40903,SAMEA7468860,host_nonhuman,host_common_name,mouse
2026-10-09,PRJEB40903,SAMEA12935657,host_nonhuman,host_common_name,mouse
2026-10-09,PRJEB40903,SAMEA12936223,host_nonhuman,host_common_name,mouse
2026-10-09,PRJEB40903,SAMEA12935656,host_nonhuman,host_common_name,mouse
2026-10-09,PRJEB13595,SAMEA3933049,host_nonhuman,host_common_name,dog
2026-10-09,PRJEB40903,SAMEA12936233,host_nonhuman,host_common_name,mouse
2026-10-09,PRJEB13595,SAMEA3932820,host_nonhuman,host_common_name,dog
2026-10-09,PRJEB13595,SAMEA3932979,host_nonhuman,host_common_name,dog
2026-10-09,PRJEB13595,SAMEA3932701,host_nonhuman,host_common_name,dog
2026-10-09,PRJEB40903,SAMEA12936736,host_nonhuman,host_common_name,mouse
2026-10-09,PRJEB40903,SAMEA12936240,host_nonhuman,host_common_name,mouse
2026-10-09,PRJEB40903,SAMEA12935670,host_nonhuman,host_common_name,mouse
2026-10-09,PRJEB13595,SAMEA3932682,host_nonhuman,host_common_name,dog
2026-10-09,PRJEB40903,SAMEA12936237,host_nonhuman,host_common_name,mouse
2026-10-09,PRJEB40903,SAMEA12936227,host_nonhuman,host_common_name,mouse
2026-10-09,PRJEB13595,SAMEA3932773,host_nonhuman,host_common_name,dog
2026-10-09,PRJEB40903,SAMEA12935647,host_nonhuman,host_common_name,mouse
2026-10-09,PRJEB40903,SAMEA12936145,host_nonhuman,host_common_name,cat
2026-10-09,PRJEB40903,SAMEA12936753,host_nonhuman,host_common_name,mouse
2026-10-09,PRJEB13595,SAMEA3932896,host_nonhuman,host_common_name,dog
2026-10-09,PRJEB40903,SAMEA12936229,host_nonhuman,host_common_name,mouse
2026-10-09,PRJEB13595,SAMEA3932743,host_nonhuman,host_common_name,dog
2026-10-09,PRJEB13595,SAMEA3932807,host_nonhuman,host_common_name,dog
2026-10-09,PRJEB13595,SAMEA3932893,host_nonhuman,host_common_name,dog
2026-10-09,PRJEB13595,SAMEA3932655,host_nonhuman,host_common_name,dog
2026-10-09,PRJEB56784,SAMEA111486531,host_nonhuman,host_common_name,mouse
2026-10-09,PRJEB13595,SAMEA3932704,host_nonhuman,host_common_name,dog
2026-10-09,PRJEB13595,SAMEA3932929,host_nonhuman,host_common_name,dog
2026-10-09,PRJEB13595,SAMEA3932924,host_nonhuman,host_common_name,dog
2026-10-09,PRJEB13595,SAMEA3932823,host_nonhuman,host_common_name,dog
2026-10-09,PRJEB13595,SAMEA3932666,host_nonhuman,host_common_name,dog
2026-10-09,PRJEB56784,SAMEA111486529,host_nonhuman,host_common_name,mouse
2026-10-09,PRJEB56784,SAMEA111486560,host_nonhuman,host_common_name,mouse
2026-10-09,PRJEB40903,SAMEA7468866,host_nonhuman,host_common_name,mouse
2026-10-09,PRJEB40903,SAMEA12935664,host_nonhuman,host_common_name,mouse
2026-10-09,PRJEB40903,SAMEA12936660,host_nonhuman,host_common_name,cat
2026-10-09,PRJEB13595,SAMEA3932671,host_nonhuman,host_common_name,dog
2026-10-09,PRJEB13595,SAMEA3933042,host_nonhuman,host_common_name,dog
2026-10-09,PRJEB13595,SAMEA3932796,host_nonhuman,host_common_name,dog
2026-10-09,PRJEB40903,SAMEA12935662,host_nonhuman,host_common_name,mouse
2026-10-09,PRJEB13595,SAMEA3932996,host_nonhuman,host_common_name,dog
2026-10-09,PRJEB13595,SAMEA3932736,host_nonhuman,host_common_name,dog
2026-10-09,PRJEB13595,SAMEA3933064,host_nonhuman,host_common_name,dog
2026-10-09,PRJEB13595,SAMEA3932925,host_nonhuman,host_common_name,dog
2026-10-09,PRJEB13595,SAMEA3933076,host_nonhuman,host_common_name,dog
2026-10-09,PRJEB13595,SAMEA3932750,host_nonhuman,host_common_name,dog
2026-10-09,PRJEB13595,SAMEA3933098,host_nonhuman,host_common_name,dog
2026-10-09,PRJEB13595,SAMEA3932998,host_nonhuman,host_common_name,dog
2026-10-09,PRJEB40903,SAMEA12936751,host_nonhuman,host_common_name,mouse
2026-10-09,PRJEB40903,SAMEA12936241,host_nonhuman,host_common_name,mouse
2026-10-09,PRJEB13595,SAMEA3932745,host_nonhuman,host_common_name,dog
2026-10-09,PRJEB13595,SAMEA3933065,host_nonhuman,host_common_name,dog
2026-10-09,PRJEB13595,SAMEA3932858,host_nonhuman,host_common_name,dog
2026-10-09,PRJEB13595,SAMEA3933001,host_nonhuman,host_common_name,dog
2026-10-09,PRJEB13595,SAMEA3932718,host_nonhuman,host_common_name,dog
2026-10-09,PRJEB40903,SAMEA12936726,host_nonhuman,host_common_name,mouse
2026-10-09,PRJEB13595,SAMEA3932997,host_nonhuman,host_common_name,dog
2026-10-09,PRJEB13595,SAMEA3932674,host_nonhuman,host_common_name,dog
2026-10-09,PRJEB13595,SAMEA3932966,host_nonhuman,host_common_name,dog
2026-10-09,PRJEB13595,SAMEA3932809,host_nonhuman,host_common_name,dog
2026-10-09,PRJEB13595,SAMEA3932669,host_nonhuman,host_common_name,dog
2026-10-09,PRJEB13595,SAMEA3932675,host_nonhuman,host_common_name,dog
2026-10-09,PRJEB40903,SAMEA7469265,host_nonhuman,host_common_name,mouse
2026-10-09,PRJEB40903,SAMEA12935567,host_nonhuman,host_common_name,cat
2026-10-09,PRJEB13595,SAMEA3932676,host_nonhuman,host_common_name,dog
2026-10-09,PRJEB13595,SAMEA3932944,host_nonhuman,host_common_name,dog
2026-10-09,PRJEB13595,SAMEA3932658,host_nonhuman,host_common_name,dog
2026-10-09,PRJEB40903,SAMEA7469279,host_nonhuman,host_common_name,mouse
2026-10-09,PRJEB40903,SAMEA12936744,host_nonhuman,host_common_name,mouse
2026-10-09,PRJEB13595,SAMEA3932905,host_nonhuman,host_common_name,dog
2026-10-09,PRJEB13595,SAMEA3932776,host_nonhuman,host_common_name,dog
2026-10-09,PRJEB40903,SAMEA12936746,host_nonhuman,host_common_name,mouse
2026-10-09,PRJEB56784,SAMEA111486520,host_nonhuman,host_common_name,mouse
2026-10-09,PRJEB40903,SAMEA7469237,host_nonhuman,host_common_name,cat
2026-10-09,PRJEB13595,SAMEA3932774,host_nonhuman,host_common_name,dog
2026-10-09,PRJEB13595,SAMEA3932957,host_nonhuman,host_common_name,dog
2026-10-09,PRJEB40903,SAMEA12935572,host_nonhuman,host_common_name,cat
2026-10-09,PRJEB40903,SAMEA12936641,host_nonhuman,host_common_name,cat
2026-10-09,PRJEB13595,SAMEA3932724,host_nonhuman,host_common_name,dog
2026-10-09,PRJEB40903,SAMEA12935569,host_nonhuman,host_common_name,cat
2026-10-09,PRJEB40903,SAMEA12936649,host_nonhuman,host_common_name,cat
2026-10-09,PRJEB13595,SAMEA3933059,host_nonhuman,host_common_name,dog
2026-10-09,PRJEB13595,SAMEA3933094,host_nonhuman,host_common_name,dog
2026-10-09,PRJEB13595,SAMEA3933095,host_nonhuman,host_common_name,dog
2026-10-09,PRJEB13595,SAMEA3932845,host_nonhuman,host_common_name,dog
2026-10-09,PRJEB40903,SAMEA12936146,host_nonhuman,host_common_name,cat
2026-10-09,PRJEB40903,SAMEA12935584,host_nonhuman,host_common_name,cat
2026-10-09,PRJEB13595,SAMEA3933056,host_nonhuman,host_common_name,dog
2026-10-09,PRJEB13595,SAMEA3932751,host_nonhuman,host_common_name,dog
2026-10-09,PRJEB13595,SAMEA3932848,host_nonhuman,host_common_name,dog
2026-10-09,PRJEB13595,SAMEA3932806,host_nonhuman,host_common_name,dog
2026-10-09,PRJEB40903,SAMEA12936640,host_nonhuman,host_common_name,cat
2026-10-09,PRJEB40903,SAMEA7469268,host_nonhuman,host_common_name,mouse
2026-10-09,PRJEB56784,SAMEA111486524,host_nonhuman,host_common_name,mouse
2026-10-09,PRJEB40903,SAMEA12936157,host_nonhuman,host_common_name,cat
2026-10-09,PRJEB40903,SAMEA12936653,host_nonhuman,host_common_name,cat
2026-10-09,PRJEB40903,SAMEA12935665,host_nonhuman,host_common_name,mouse
2026-10-09,PRJEB40903,SAMEA12936728,host_nonhuman,host_common_name,mouse
2026-10-09,PRJEB40903,SAMEA12935590,host_nonhuman,host_common_name,cat
2026-10-09,PRJEB40903,SAMEA12936245,host_nonhuman,host_common_name,mouse
2026-10-09,PRJEB13595,SAMEA3932846,host_nonhuman,host_common_name,dog
2026-10-09,PRJEB56784,SAMEA111486532,host_nonhuman,host_common_name,mouse
2026-10-09,PRJEB56784,SAMEA111486544,host_nonhuman,host_common_name,mouse
2026-10-09,PRJEB40903,SAMEA12936639,host_nonhuman,host_common_name,cat
2026-10-09,PRJEB13595,SAMEA3932769,host_nonhuman,host_common_name,dog
2026-10-09,PRJEB40903,SAMEA12936630,host_nonhuman,host_common_name,cat
2026-10-09,PRJEB13595,SAMEA3933035,host_nonhuman,host_common_name,dog
2026-10-09,PRJEB13595,SAMEA3932920,host_nonhuman,host_common_name,dog
2026-10-09,PRJEB13595,SAMEA3933051,host_nonhuman,host_common_name,dog
2026-10-09,PRJEB40903,SAMEA12935641,host_nonhuman,host_common_name,mouse
2026-10-09,PRJEB40903,SAMEA7469235,host_nonhuman,host_common_name,cat
2026-10-09,PRJEB40903,SAMEA12936662,host_nonhuman,host_common_name,cat
2026-10-09,PRJEB40903,SAMEA12935579,host_nonhuman,host_common_name,cat
2026-10-09,PRJEB40903,SAMEA12935651,host_nonhuman,host_common_name,mouse
2026-10-09,PRJEB40903,SAMEA7469271,host_nonhuman,host_common_name,mouse
2026-10-09,PRJEB13595,SAMEA3932747,host_nonhuman,host_common_name,dog
2026-10-09,PRJEB13595,SAMEA3932877,host_nonhuman,host_common_name,dog
2026-10-09,PRJEB13595,SAMEA3932859,host_nonhuman,host_common_name,dog
2026-10-09,PRJEB40903,SAMEA12936236,host_nonhuman,host_common_name,mouse
2026-10-09,PRJEB40903,SAMEA12935636,host_nonhuman,host_common_name,mouse
2026-10-09,PRJEB56784,SAMEA111486539,host_nonhuman,host_common_name,mouse
2026-10-09,PRJEB13595,SAMEA3932767,host_nonhuman,host_common_name,dog
2026-10-09,PRJEB56784,SAMEA111486548,host_nonhuman,host_common_name,mouse
2026-10-09,PRJEB13595,SAMEA3932788,host_nonhuman,host_common_name,dog
2026-10-09,PRJEB13595,SAMEA3932946,host_nonhuman,host_common_name,dog
2026-10-09,PRJEB40903,SAMEA12935568,host_nonhuman,host_common_name,cat
2026-10-09,PRJEB56784,SAMEA111486530,host_nonhuman,host_common_name,mouse
2026-10-09,PRJEB13595,SAMEA3932740,host_nonhuman,host_common_name,dog
2026-10-09,PRJEB40903,SAMEA12936727,host_nonhuman,host_common_name,mouse
2026-10-09,PRJEB13595,SAMEA3932645,host_nonhuman,host_common_name,dog
2026-10-09,PRJEB40903,SAMEA12935574,host_nonhuman,host_common_name,cat
2026-10-09,PRJEB13595,SAMEA3933027,host_nonhuman,host_common_name,dog
2026-10-09,PRJEB13595,SAMEA3932830,host_nonhuman,host_common_name,dog
2026-10-09,PRJEB13595,SAMEA3932831,host_nonhuman,host_common_name,dog
2026-10-09,PRJEB13595,SAMEA3933036,host_nonhuman,host_common_name,dog
2026-10-09,PRJEB13595,SAMEA3932678,host_nonhuman,host_common_name,dog
2026-10-09,PRJEB13595,SAMEA3932798,host_nonhuman,host_common_name,dog
2026-10-09,PRJEB13595,SAMEA3932652,host_nonhuman,host_common_name,dog
2026-10-09,PRJEB40903,SAMEA12935576,host_nonhuman,host_common_name,cat
2026-10-09,PRJEB13595,SAMEA3932978,host_nonhuman,host_common_name,dog
2026-10-09,PRJEB40903,SAMEA7469264,host_nonhuman,host_common_name,mouse
2026-10-09,PRJEB13595,SAMEA3933055,host_nonhuman,host_common_name,dog
2026-10-09,PRJEB13595,SAMEA3933099,host_nonhuman,host_common_name,dog
2026-10-09,PRJEB13595,SAMEA3932793,host_nonhuman,host_common_name,dog
2026-10-09,PRJEB40903,SAMEA12936658,host_nonhuman,host_common_name,cat
2026-10-09,PRJEB40903,SAMEA12935661,host_nonhuman,host_common_name,mouse
2026-10-09,PRJEB13595,SAMEA3933028,host_nonhuman,host_common_name,dog
2026-10-09,PRJEB13595,SAMEA3932668,host_nonhuman,host_common_name,dog
2026-10-09,PRJEB13595,SAMEA3933054,host_nonhuman,host_common_name,dog
2026-10-09,PRJEB13595,SAMEA3933011,host_nonhuman,host_common_name,dog
2026-10-09,PRJEB40903,SAMEA12936754,host_nonhuman,host_common_name,mouse
2026-10-09,PRJEB56784,SAMEA111486549,host_nonhuman,host_common_name,mouse
2026-10-09,PRJEB40903,SAMEA12936239,host_nonhuman,host_common_name,mouse
2026-10-09,PRJEB13595,SAMEA3932968,host_nonhuman,host_common_name,dog
2026-10-09,PRJEB13595,SAMEA3933030,host_nonhuman,host_common_name,dog
2026-10-09,PRJEB13595,SAMEA3932768,host_nonhuman,host_common_name,dog
2026-10-09,PRJEB13595,SAMEA3932908,host_nonhuman,host_common_name,dog
2026-10-09,PRJEB13595,SAMEA3932681,host_nonhuman,host_common_name,dog
2026-10-09,PRJEB13595,SAMEA3932872,host_nonhuman,host_common_name,dog
2026-10-09,PRJEB13595,SAMEA3933000,host_nonhuman,host_common_name,dog
2026-10-09,PRJEB13595,SAMEA3933046,host_nonhuman,host_common_name,dog
2026-10-09,PRJEB13595,SAMEA3932959,host_nonhuman,host_common_name,dog
2026-10-09,PRJEB40903,SAMEA12936153,host_nonhuman,host_common_name,cat
2026-10-09,PRJEB40903,SAMEA7468847,host_nonhuman,host_common_name,cat
2026-10-09,PRJEB13595,SAMEA3933050,host_nonhuman,host_common_name,dog
2026-10-09,PRJEB13595,SAMEA3932931,host_nonhuman,host_common_name,dog
2026-10-09,PRJEB13595,SAMEA3932695,host_nonhuman,host_common_name,dog
2026-10-09,PRJEB13595,SAMEA3933089,host_nonhuman,host_common_name,dog
2026-10-09,PRJEB40903,SAMEA7468869,host_nonhuman,host_common_name,mouse
2026-10-09,PRJEB13595,SAMEA3932794,host_nonhuman,host_common_name,dog
2026-10-09,PRJEB56784,SAMEA111486541,host_nonhuman,host_common_name,mouse
2026-10-09,PRJEB56784,SAMEA111486537,host_nonhuman,host_common_name,mouse
2026-10-09,PRJEB13595,SAMEA3932783,host_nonhuman,host_common_name,dog
2026-10-09,PRJEB13595,SAMEA3932781,host_nonhuman,host_common_name,dog
2026-10-09,PRJEB13595,SAMEA3932803,host_nonhuman,host_common_name,dog
2026-10-09,PRJEB13595,SAMEA3933079,host_nonhuman,host_common_name,dog
2026-10-09,PRJEB40903,SAMEA12936162,host_nonhuman,host_common_name,cat
2026-10-09,PRJEB13595,SAMEA3932825,host_nonhuman,host_common_name,dog
2026-10-09,PRJEB13595,SAMEA3932916,host_nonhuman,host_common_name,dog
2026-10-09,PRJEB13595,SAMEA3932938,host_nonhuman,host_common_name,dog
2026-10-09,PRJEB13595,SAMEA3932810,host_nonhuman,host_common_name,dog
2026-10-09,PRJEB40903,SAMEA12936745,host_nonhuman,host_common_name,mouse
2026-10-09,PRJEB13595,SAMEA3932764,host_nonhuman,host_common_name,dog
2026-10-09,PRJEB56784,SAMEA111486536,host_nonhuman,host_common_name,mouse
2026-10-09,PRJEB13595,SAMEA3932849,host_nonhuman,host_common_name,dog
2026-10-09,PRJEB56784,SAMEA111486550,host_nonhuman,host_common_name,mouse
2026-10-09,PRJEB56784,SAMEA111486546,host_nonhuman,host_common_name,mouse
2026-10-09,PRJEB56784,SAMEA111486566,host_nonhuman,host_common_name,mouse
2026-10-09,PRJEB40903,SAMEA12936167,host_nonhuman,host_common_name,cat
2026-10-09,PRJEB56784,SAMEA111486555,host_nonhuman,host_common_name,mouse
2026-10-09,PRJEB13595,SAMEA3932960,host_nonhuman,host_common_name,dog
2026-10-09,PRJEB40903,SAMEA12935585,host_nonhuman,host_common_name,cat
2026-10-09,PRJEB13595,SAMEA3933084,host_nonhuman,host_common_name,dog
2026-10-09,PRJEB13595,SAMEA3933047,host_nonhuman,host_common_name,dog
2026-10-09,PRJEB13595,SAMEA3933013,host_nonhuman,host_common_name,dog
2026-10-09,PRJEB13595,SAMEA3932819,host_nonhuman,host_common_name,dog
2026-10-09,PRJEB13595,SAMEA3933083,host_nonhuman,host_common_name,dog
2026-10-09,PRJEB13595,SAMEA3933026,host_nonhuman,host_common_name,dog
2026-10-09,PRJEB13595,SAMEA3933018,host_nonhuman,host_common_name,dog
2026-10-09,PRJEB40903,SAMEA12935638,host_nonhuman,host_common_name,mouse
2026-10-09,PRJEB13595,SAMEA3932648,host_nonhuman,host_common_name,dog
2026-10-09,PRJEB13595,SAMEA3932934,host_nonhuman,host_common_name,dog
2026-10-09,PRJEB13595,SAMEA3933090,host_nonhuman,host_common_name,dog
2026-10-09,PRJEB40903,SAMEA12936765,host_nonhuman,host_common_name,mouse
2026-10-09,PRJEB40903,SAMEA12935586,host_nonhuman,host_common_name,cat
2026-10-09,PRJEB40903,SAMEA12936159,host_nonhuman,host_common_name,cat
2026-10-09,PRJEB13595,SAMEA3932914,host_nonhuman,host_common_name,dog
2026-10-09,PRJEB40903,SAMEA7469240,host_nonhuman,host_common_name,cat
2026-10-09,PRJEB13595,SAMEA3932828,host_nonhuman,host_common_name,dog
2026-10-09,PRJEB13595,SAMEA3933039,host_nonhuman,host_common_name,dog
2026-10-09,PRJEB13595,SAMEA3932698,host_nonhuman,host_common_name,dog
2026-10-09,PRJEB40903,SAMEA12936152,host_nonhuman,host_common_name,cat
2026-10-09,PRJEB13595,SAMEA3932799,host_nonhuman,host_common_name,dog
2026-10-09,PRJEB13595,SAMEA3932860,host_nonhuman,host_common_name,dog
2026-10-09,PRJEB13595,SAMEA3932694,host_nonhuman,host_common_name,dog
2026-10-09,PRJEB13595,SAMEA3932758,host_nonhuman,host_common_name,dog
2026-10-09,PRJEB13595,SAMEA3932981,host_nonhuman,host_common_name,dog
2026-10-09,PRJEB13595,SAMEA3932855,host_nonhuman,host_common_name,dog
2026-10-09,PRJEB40903,SAMEA12936724,host_nonhuman,host_common_name,mouse
2026-10-09,PRJEB13595,SAMEA3932984,host_nonhuman,host_common_name,dog
2026-10-09,PRJEB40903,SAMEA12936740,host_nonhuman,host_common_name,mouse
2026-10-09,PRJEB40903,SAMEA7469267,host_nonhuman,host_common_name,mouse
2026-10-09,PRJEB13595,SAMEA3933075,host_nonhuman,host_common_name,dog
2026-10-09,PRJEB13595,SAMEA3933058,host_nonhuman,host_common_name,dog
2026-10-09,PRJEB40903,SAMEA12936752,host_nonhuman,host_common_name,mouse
2026-10-09,PRJEB13595,SAMEA3932749,host_nonhuman,host_common_name,dog
2026-10-09,PRJEB56784,SAMEA111486545,host_nonhuman,host_common_name,mouse
2026-10-09,PRJEB40903,SAMEA12936654,host_nonhuman,host_common_name,cat
2026-10-09,PRJEB13595,SAMEA3932917,host_nonhuman,host_common_name,dog
2026-10-09,PRJEB13595,SAMEA3932987,host_nonhuman,host_common_name,dog
2026-10-09,PRJEB13595,SAMEA3932731,host_nonhuman,host_common_name,dog
2026-10-09,PRJEB13595,SAMEA3933003,host_nonhuman,host_common_name,dog
2026-10-09,PRJEB40903,SAMEA12936663,host_nonhuman,host_common_name,cat
2026-10-09,PRJEB13595,SAMEA3932915,host_nonhuman,host_common_name,dog
2026-10-09,PRJEB13595,SAMEA3933021,host_nonhuman,host_common_name,dog
2026-10-09,PRJEB13595,SAMEA3932761,host_nonhuman,host_common_name,dog
2026-10-09,PRJEB13595,SAMEA3933062,host_nonhuman,host_common_name,dog
2026-10-09,PRJEB13595,SAMEA3932903,host_nonhuman,host_common_name,dog
2026-10-09,PRJEB13595,SAMEA3932672,host_nonhuman,host_common_name,dog
2026-10-09,PRJEB13595,SAMEA3932991,host_nonhuman,host_common_name,dog
2026-10-09,PRJEB13595,SAMEA3932976,host_nonhuman,host_common_name,dog
2026-10-09,PRJEB40903,SAMEA7468871,host_nonhuman,host_common_name,mouse
2026-10-09,PRJEB13595,SAMEA3932721,host_nonhuman,host_common_name,dog
2026-10-09,PRJEB40903,SAMEA12936247,host_nonhuman,host_common_name,mouse
2026-10-09,PRJEB40903,SAMEA12936643,host_nonhuman,host_common_name,cat
2026-10-09,PRJEB13595,SAMEA3933066,host_nonhuman,host_common_name,dog
2026-10-09,PRJEB13595,SAMEA3933073,host_nonhuman,host_common_name,dog
2026-10-09,PRJEB13595,SAMEA3932933,host_nonhuman,host_common_name,dog
2026-10-09,PRJEB40903,SAMEA12935660,host_nonhuman,host_common_name,mouse
2026-10-09,PRJEB40903,SAMEA12936225,host_nonhuman,host_common_name,mouse
2026-10-09,PRJEB40903,SAMEA12936149,host_nonhuman,host_common_name,cat
2026-10-09,PRJEB40903,SAMEA12935650,host_nonhuman,host_common_name,mouse
2026-10-09,PRJEB13595,SAMEA3932712,host_nonhuman,host_common_name,dog
2026-10-09,PRJEB40903,SAMEA12935666,host_nonhuman,host_common_name,mouse
2026-10-09,PRJEB13595,SAMEA3932777,host_nonhuman,host_common_name,dog
2026-10-09,PRJEB13595,SAMEA3932742,host_nonhuman,host_common_name,dog
2026-10-09,PRJEB40903,SAMEA12936631,host_nonhuman,host_common_name,cat
2026-10-09,PRJEB13595,SAMEA3932715,host_nonhuman,host_common_name,dog
2026-10-09,PRJEB40903,SAMEA7468864,host_nonhuman,host_common_name,mouse
2026-10-09,PRJEB13595,SAMEA3932811,host_nonhuman,host_common_name,dog
2026-10-09,PRJEB13595,SAMEA3933034,host_nonhuman,host_common_name,dog
2026-10-09,PRJEB13595,SAMEA3932739,host_nonhuman,host_common_name,dog
2026-10-09,PRJEB13595,SAMEA3932904,host_nonhuman,host_common_name,dog
2026-10-09,PRJEB13595,SAMEA3932851,host_nonhuman,host_common_name,dog
2026-10-09,PRJEB13595,SAMEA3932883,host_nonhuman,host_common_name,dog
2026-10-09,PRJEB13595,SAMEA3932974,host_nonhuman,host_common_name,dog
2026-10-09,PRJEB13595,SAMEA3933060,host_nonhuman,host_common_name,dog
2026-10-09,PRJEB13595,SAMEA3932880,host_nonhuman,host_common_name,dog
2026-10-09,PRJEB13595,SAMEA3932850,host_nonhuman,host_common_name,dog
2026-10-09,PRJEB13595,SAMEA3932690,host_nonhuman,host_common_name,dog
2026-10-09,PRJEB40903,SAMEA12936725,host_nonhuman,host_common_name,mouse
2026-10-09,PRJEB13595,SAMEA3932762,host_nonhuman,host_common_name,dog
2026-10-09,PRJEB13595,SAMEA3932812,host_nonhuman,host_common_name,dog
2026-10-09,PRJEB40903,SAMEA12936659,host_nonhuman,host_common_name,cat
2026-10-09,PRJEB40903,SAMEA12935658,host_nonhuman,host_common_name,mouse
2026-10-09,PRJEB13595,SAMEA3933052,host_nonhuman,host_common_name,dog
2026-10-09,PRJEB13595,SAMEA3933088,host_nonhuman,host_common_name,dog
2026-10-09,PRJEB13595,SAMEA3932867,host_nonhuman,host_common_name,dog
2026-10-09,PRJEB13595,SAMEA3932836,host_nonhuman,host_common_name,dog
2026-10-09,PRJEB13595,SAMEA3932971,host_nonhuman,host_common_name,dog
2026-10-09,PRJEB13595,SAMEA3932909,host_nonhuman,host_common_name,dog
2026-10-09,PRJEB40903,SAMEA12936230,host_nonhuman,host_common_name,mouse
2026-10-09,PRJEB13595,SAMEA3932696,host_nonhuman,host_common_name,dog
2026-10-09,PRJEB13595,SAMEA3932650,host_nonhuman,host_common_name,dog
2026-10-09,PRJEB13595,SAMEA3932661,host_nonhuman,host_common_name,dog
2026-10-09,PRJEB13595,SAMEA3932821,host_nonhuman,host_common_name,dog
2026-10-09,PRJEB40903,SAMEA7469273,host_nonhuman,host_common_name,mouse
2026-10-09,PRJEB13595,SAMEA3932780,host_nonhuman,host_common_name,dog
2026-10-09,PRJEB13595,SAMEA3932697,host_nonhuman,host_common_name,dog
2026-10-09,PRJEB13595,SAMEA3933008,host_nonhuman,host_common_name,dog
2026-10-09,PRJEB13595,SAMEA3932770,host_nonhuman,host_common_name,dog
2026-10-09,PRJEB40903,SAMEA12936635,host_nonhuman,host_common_name,cat
2026-10-09,PRJEB13595,SAMEA3933029,host_nonhuman,host_common_name,dog
2026-10-09,PRJEB56784,SAMEA111486528,host_nonhuman,host_common_name,mouse
2026-10-09,PRJEB13595,SAMEA3932900,host_nonhuman,host_common_name,dog
2026-10-09,PRJEB40903,SAMEA12936633,host_nonhuman,host_common_name,cat
2026-10-09,PRJEB56784,SAMEA111486559,host_nonhuman,host_common_name,mouse
2026-10-09,PRJEB40903,SAMEA12936766,host_nonhuman,host_common_name,mouse
2026-10-09,PRJEB40903,SAMEA12935653,host_nonhuman,host_common_name,mouse
2026-10-09,PRJEB13595,SAMEA3932864,host_nonhuman,host_common_name,dog
2026-10-09,PRJEB40903,SAMEA12936228,host_nonhuman,host_common_name,mouse
2026-10-09,PRJEB13595,SAMEA3932705,host_nonhuman,host_common_name,dog
2026-10-09,PRJEB13595,SAMEA3932722,host_nonhuman,host_common_name,dog
2026-10-09,PRJEB40903,SAMEA12936248,host_nonhuman,host_common_name,mouse
2026-10-09,PRJEB56784,SAMEA111486523,host_nonhuman,host_common_name,mouse
2026-10-09,PRJEB13595,SAMEA3932894,host_nonhuman,host_common_name,dog
2026-10-09,PRJEB13595,SAMEA3932857,host_nonhuman,host_common_name,dog
2026-10-09,PRJEB13595,SAMEA3932667,host_nonhuman,host_common_name,dog
2026-10-09,PRJEB13595,SAMEA3932952,host_nonhuman,host_common_name,dog
2026-10-09,PRJEB13595,SAMEA3932837,host_nonhuman,host_common_name,dog
2026-10-09,PRJEB13595,SAMEA3933061,host_nonhuman,host_common_name,dog
2026-10-09,PRJEB40903,SAMEA12936222,host_nonhuman,host_common_name,mouse
2026-10-09,PRJEB40903,SAMEA12936644,host_nonhuman,host_common_name,cat
2026-10-09,PRJEB13595,SAMEA3932986,host_nonhuman,host_common_name,dog
2026-10-09,PRJEB13595,SAMEA3932782,host_nonhuman,host_common_name,dog
2026-10-09,PRJEB13595,SAMEA3932829,host_nonhuman,host_common_name,dog
2026-10-09,PRJEB13595,SAMEA3933100,host_nonhuman,host_common_name,dog
2026-10-09,PRJEB56784,SAMEA111486527,host_nonhuman,host_common_name,mouse
2026-10-09,PRJEB40903,SAMEA7469238,host_nonhuman,host_common_name,cat
2026-10-09,PRJEB40903,SAMEA12936141,host_nonhuman,host_common_name,cat
2026-10-09,PRJEB13595,SAMEA3932967,host_nonhuman,host_common_name,dog
2026-10-09,PRJEB40903,SAMEA12936244,host_nonhuman,host_common_name,mouse
2026-10-09,PRJEB40903,SAMEA12935582,host_nonhuman,host_common_name,cat
2026-10-09,PRJEB13595,SAMEA3932889,host_nonhuman,host_common_name,dog
2026-10-09,PRJEB13595,SAMEA3932756,host_nonhuman,host_common_name,dog
2026-10-09,PRJEB13595,SAMEA3932653,host_nonhuman,host_common_name,dog
2026-10-09,PRJEB40903,SAMEA12936762,host_nonhuman,host_common_name,mouse
2026-10-09,PRJEB13595,SAMEA3932973,host_nonhuman,host_common_name,dog
2026-10-09,PRJEB40903,SAMEA7469269,host_nonhuman,host_common_name,mouse
2026-10-09,PRJEB56784,SAMEA111486538,host_nonhuman,host_common_name,mouse
2026-10-09,PRJEB13595,SAMEA3932659,host_nonhuman,host_common_name,dog
2026-10-09,PRJEB40903,SAMEA7469244,host_nonhuman,host_common_name,cat
2026-10-09,PRJEB13595,SAMEA3932983,host_nonhuman,host_common_name,dog
2026-10-09,PRJEB40903,SAMEA12936749,host_nonhuman,host_common_name,mouse
2026-10-09,PRJEB13595,SAMEA3933040,host_nonhuman,host_common_name,dog
2026-10-09,PRJEB13595,SAMEA3932891,host_nonhuman,host_common_name,dog
2026-10-09,PRJEB13595,SAMEA3932833,host_nonhuman,host_common_name,dog
2026-10-09,PRJEB56784,SAMEA111486521,host_nonhuman,host_common_name,mouse
2026-10-09,PRJEB13595,SAMEA3932906,host_nonhuman,host_common_name,dog
2026-10-09,PRJEB40903,SAMEA12936758,host_nonhuman,host_common_name,mouse
2026-10-09,PRJEB56784,SAMEA111486533,host_nonhuman,host_common_name,mouse
2026-10-09,PRJEB40903,SAMEA7469282,host_nonhuman,host_common_name,mouse
2026-10-09,PRJEB13595,SAMEA3933096,host_nonhuman,host_common_name,dog
2026-10-09,PRJEB40903,SAMEA12935652,host_nonhuman,host_common_name,mouse
2026-10-09,PRJEB13595,SAMEA3932808,host_nonhuman,host_common_name,dog
2026-10-09,PRJEB13595,SAMEA3932913,host_nonhuman,host_common_name,dog
2026-10-09,PRJEB40903,SAMEA12935643,host_nonhuman,host_common_name,mouse
2026-10-09,PRJEB40903,SAMEA7469233,host_nonhuman,host_common_name,cat
2026-10-09,PRJEB40903,SAMEA12936213,host_nonhuman,host_common_name,mouse
2026-10-09,PRJEB13595,SAMEA3932955,host_nonhuman,host_common_name,dog
2026-10-09,PRJEB40903,SAMEA12935655,host_nonhuman,host_common_name,mouse
2026-10-09,PRJEB13595,SAMEA3933101,host_nonhuman,host_common_name,dog
2026-10-09,PRJEB13595,SAMEA3932748,host_nonhuman,host_common_name,dog
2026-10-09,PRJEB13595,SAMEA3932818,host_nonhuman,host_common_name,dog
2026-10-09,PRJEB13595,SAMEA3932754,host_nonhuman,host_common_name,dog
2026-10-09,PRJEB56784,SAMEA111486551,host_nonhuman,host_common_name,mouse
2026-10-09,PRJEB13595,SAMEA3932797,host_nonhuman,host_common_name,dog
2026-10-09,PRJEB13595,SAMEA3932930,host_nonhuman,host_common_name,dog
2026-10-09,PRJEB13595,SAMEA3932757,host_nonhuman,host_common_name,dog
2026-10-09,PRJEB40903,SAMEA12936165,host_nonhuman,host_common_name,cat
2026-10-09,PRJEB40903,SAMEA12936217,host_nonhuman,host_common_name,mouse
2026-10-09,PRJEB40903,SAMEA12935654,host_nonhuman,host_common_name,mouse
2026-10-09,PRJEB13595,SAMEA3932882,host_nonhuman,host_common_name,dog
2026-10-09,PRJEB13595,SAMEA3933033,host_nonhuman,host_common_name,dog
2026-10-09,PRJEB40903,SAMEA7469283,host_nonhuman,host_common_name,mouse
2026-10-09,PRJEB40903,SAMEA12935570,host_nonhuman,host_common_name,cat
2026-10-09,PRJEB40903,SAMEA12936655,host_nonhuman,host_common_name,cat
2026-10-09,PRJEB13595,SAMEA3932937,host_nonhuman,host_common_name,dog
2026-10-09,PRJEB13595,SAMEA3932677,host_nonhuman,host_common_name,dog
2026-10-09,PRJEB40903,SAMEA12936636,host_nonhuman,host_common_name,cat
2026-10-09,PRJEB13595,SAMEA3932873,host_nonhuman,host_common_name,dog
2026-10-09,PRJEB40903,SAMEA12935639,host_nonhuman,host_common_name,mouse
2026-10-09,PRJEB13595,SAMEA3933019,host_nonhuman,host_common_name,dog
2026-10-09,PRJEB13595,SAMEA3932713,host_nonhuman,host_common_name,dog
2026-10-09,PRJEB13595,SAMEA3932985,host_nonhuman,host_common_name,dog
2026-10-09,PRJEB13595,SAMEA3932871,host_nonhuman,host_common_name,dog
2026-10-09,PRJEB13595,SAMEA3932787,host_nonhuman,host_common_name,dog
2026-10-09,PRJEB13595,SAMEA3932644,host_nonhuman,host_common_name,dog
2026-10-09,PRJEB13595,SAMEA3933045,host_nonhuman,host_common_name,dog
2026-10-09,PRJEB40903,SAMEA12935640,host_nonhuman,host_common_name,mouse
2026-10-09,PRJEB13595,SAMEA3932919,host_nonhuman,host_common_name,dog
2026-10-09,PRJEB40903,SAMEA12936246,host_nonhuman,host_common_name,mouse
2026-10-09,PRJEB13595,SAMEA3932948,host_nonhuman,host_common_name,dog
2026-10-09,PRJEB40903,SAMEA12935649,host_nonhuman,host_common_name,mouse
2026-10-09,PRJEB40903,SAMEA12936151,host_nonhuman,host_common_name,cat
2026-10-09,PRJEB13595,SAMEA3932685,host_nonhuman,host_common_name,dog
2026-10-09,PRJEB13595,SAMEA3933037,host_nonhuman,host_common_name,dog
2026-10-09,PRJEB13595,SAMEA3933022,host_nonhuman,host_common_name,dog
2026-10-09,PRJEB13595,SAMEA3932804,host_nonhuman,host_common_name,dog
2026-10-09,PRJEB40903,SAMEA12936769,host_nonhuman,host_common_name,mouse
2026-10-09,PRJEB13595,SAMEA3932995,host_nonhuman,host_common_name,dog
2026-10-09,PRJEB13595,SAMEA3933038,host_nonhuman,host_common_name,dog
2026-10-09,PRJEB13595,SAMEA3932790,host_nonhuman,host_common_name,dog
2026-10-09,PRJEB56784,SAMEA111486534,host_nonhuman,host_common_name,mouse
2026-10-09,PRJEB40903,SAMEA7469274,host_nonhuman,host_common_name,mouse
2026-10-09,PRJEB13595,SAMEA3933077,host_nonhuman,host_common_name,dog
2026-10-09,PRJEB13595,SAMEA3933102,host_nonhuman,host_common_name,dog
2026-10-09,PRJEB40903,SAMEA7469272,host_nonhuman,host_common_name,mouse
2026-10-09,PRJEB13595,SAMEA3932826,host_nonhuman,host_common_name,dog
2026-10-09,PRJEB13595,SAMEA3932646,host_nonhuman,host_common_name,dog
2026-10-09,PRJEB40903,SAMEA12935587,host_nonhuman,host_common_name,cat
2026-10-09,PRJEB13595,SAMEA3932832,host_nonhuman,host_common_name,dog
2026-10-09,PRJEB56784,SAMEA111486540,host_nonhuman,host_common_name,mouse
2026-10-09,PRJEB13595,SAMEA3932892,host_nonhuman,host_common_name,dog
2026-10-09,PRJEB13595,SAMEA3932737,host_nonhuman,host_common_name,dog
2026-10-09,PRJEB13595,SAMEA3932753,host_nonhuman,host_common_name,dog
2026-10-09,PRJEB40903,SAMEA12935564,host_nonhuman,host_common_name,cat
2026-10-09,PRJEB13595,SAMEA3932665,host_nonhuman,host_common_name,dog
2026-10-09,PRJEB40903,SAMEA12936650,host_nonhuman,host_common_name,cat
2026-10-09,PRJEB13595,SAMEA3932885,host_nonhuman,host_common_name,dog
2026-10-09,PRJEB13595,SAMEA3932759,host_nonhuman,host_common_name,dog
2026-10-09,PRJEB40903,SAMEA12936657,host_nonhuman,host_common_name,cat
2026-10-09,PRJEB40903,SAMEA12936629,host_nonhuman,host_common_name,cat
2026-10-09,PRJEB13595,SAMEA3933086,host_nonhuman,host_common_name,dog
2026-10-09,PRJEB40903,SAMEA12936238,host_nonhuman,host_common_name,mouse
2026-10-09,PRJEB13595,SAMEA3932990,host_nonhuman,host_common_name,dog
2026-10-09,PRJEB40903,SAMEA12936747,host_nonhuman,host_common_name,mouse
2026-10-09,PRJEB13595,SAMEA3932875,host_nonhuman,host_common_name,dog
2026-10-09,PRJEB13595,SAMEA3932853,host_nonhuman,host_common_name,dog
2026-10-09,PRJEB13595,SAMEA3932744,host_nonhuman,host_common_name,dog
2026-10-09,PRJEB40903,SAMEA12936767,host_nonhuman,host_common_name,mouse
2026-10-09,PRJEB13595,SAMEA3932693,host_nonhuman,host_common_name,dog
2026-10-09,PRJEB13595,SAMEA3932928,host_nonhuman,host_common_name,dog
2026-10-09,PRJEB40903,SAMEA12935659,host_nonhuman,host_common_name,mouse
2026-10-09,PRJEB13595,SAMEA3932691,host_nonhuman,host_common_name,dog
2026-10-09,PRJEB13595,SAMEA7727127,host_nonhuman,host_common_name,dog
2026-10-09,PRJEB13595,SAMEA3933097,host_nonhuman,host_common_name,dog
2026-10-09,PRJEB40903,SAMEA12936759,host_nonhuman,host_common_name,mouse
2026-10-09,PRJEB13595,SAMEA3932861,host_nonhuman,host_common_name,dog
2026-10-09,PRJEB13595,SAMEA3932732,host_nonhuman,host_common_name,dog
2026-10-09,PRJEB13595,SAMEA3932789,host_nonhuman,host_common_name,dog
2026-10-09,PRJEB40903,SAMEA12936638,host_nonhuman,host_common_name,cat
2026-10-09,PRJEB40903,SAMEA12936216,host_nonhuman,host_common_name,mouse
2026-10-09,PRJEB13595,SAMEA3933080,host_nonhuman,host_common_name,dog
2026-10-09,PRJEB13595,SAMEA3932943,host_nonhuman,host_common_name,dog
2026-10-09,PRJEB13595,SAMEA3932778,host_nonhuman,host_common_name,dog
2026-10-09,PRJEB40903,SAMEA12936764,host_nonhuman,host_common_name,mouse
2026-10-09,PRJEB40903,SAMEA12935669,host_nonhuman,host_common_name,mouse
2026-10-09,PRJEB13595,SAMEA3933048,host_nonhuman,host_common_name,dog
2026-10-09,PRJEB40903,SAMEA7469242,host_nonhuman,host_common_name,cat
2026-10-09,PRJEB13595,SAMEA3932972,host_nonhuman,host_common_name,dog
2026-10-09,PRJEB13595,SAMEA3932692,host_nonhuman,host_common_name,dog
2026-10-09,PRJEB13595,SAMEA3933070,host_nonhuman,host_common_name,dog
2026-10-09,PRJEB13595,SAMEA3932927,host_nonhuman,host_common_name,dog
2026-10-09,PRJEB13595,SAMEA3932942,host_nonhuman,host_common_name,dog
2026-10-09,PRJEB13595,SAMEA3932992,host_nonhuman,host_common_name,dog
2026-10-09,PRJEB13595,SAMEA3933044,host_nonhuman,host_common_name,dog
2026-10-09,PRJEB13595,SAMEA3933067,host_nonhuman,host_common_name,dog
2026-10-09,PRJEB40903,SAMEA7469266,host_nonhuman,host_common_name,mouse
2026-10-09,PRJEB13595,SAMEA3933091,host_nonhuman,host_common_name,dog
2026-10-09,PRJEB56784,SAMEA111486552,host_nonhuman,host_common_name,mouse
2026-10-09,PRJEB13595,SAMEA3932664,host_nonhuman,host_common_name,dog
2026-10-09,PRJEB13595,SAMEA3932840,host_nonhuman,host_common_name,dog
2026-10-09,PRJEB13595,SAMEA3932922,host_nonhuman,host_common_name,dog
2026-10-09,PRJEB13595,SAMEA3932827,host_nonhuman,host_common_name,dog
2026-10-09,PRJEB13595,SAMEA3932878,host_nonhuman,host_common_name,dog
2026-10-09,PRJEB13595,SAMEA3933085,host_nonhuman,host_common_name,dog
2026-10-09,PRJEB13595,SAMEA3933006,host_nonhuman,host_common_name,dog
2026-10-09,PRJEB13595,SAMEA3932921,host_nonhuman,host_common_name,dog
2026-10-09,PRJEB40903,SAMEA12936219,host_nonhuman,host_common_name,mouse
2026-10-09,PRJEB40903,SAMEA12936737,host_nonhuman,host_common_name,mouse
2026-10-09,PRJEB13595,SAMEA3932730,host_nonhuman,host_common_name,dog
2026-10-09,PRJEB40903,SAMEA12935571,host_nonhuman,host_common_name,cat
2026-10-09,PRJEB40903,SAMEA12935575,host_nonhuman,host_common_name,cat
2026-10-09,PRJEB40903,SAMEA12936148,host_nonhuman,host_common_name,cat
2026-10-09,PRJEB13595,SAMEA3933031,host_nonhuman,host_common_name,dog
2026-10-09,PRJEB13595,SAMEA3932835,host_nonhuman,host_common_name,dog
2026-10-09,PRJEB40903,SAMEA12935566,host_nonhuman,host_common_name,cat
2026-10-09,PRJEB13595,SAMEA3932965,host_nonhuman,host_common_name,dog
2026-10-09,PRJEB13595,SAMEA3932733,host_nonhuman,host_common_name,dog
2026-10-09,PRJEB13595,SAMEA3932775,host_nonhuman,host_common_name,dog
2026-10-09,PRJEB40903,SAMEA12936214,host_nonhuman,host_common_name,mouse
2026-10-09,PRJEB13595,SAMEA3932956,host_nonhuman,host_common_name,dog
2026-10-09,PRJEB13595,SAMEA3933053,host_nonhuman,host_common_name,dog
2026-10-09,PRJEB56784,SAMEA111486542,host_nonhuman,host_common_name,mouse
2026-10-09,PRJEB40903,SAMEA7469275,host_nonhuman,host_common_name,mouse
2026-10-09,PRJEB40903,SAMEA12936738,host_nonhuman,host_common_name,mouse
2026-10-09,PRJEB40903,SAMEA12936731,host_nonhuman,host_common_name,mouse
2026-10-09,PRJEB13595,SAMEA3932951,host_nonhuman,host_common_name,dog
2026-10-09,PRJEB13595,SAMEA3932683,host_nonhuman,host_common_name,dog
2026-10-09,PRJEB13595,SAMEA3933023,host_nonhuman,host_common_name,dog
2026-10-09,PRJEB40903,SAMEA12935672,host_nonhuman,host_common_name,mouse
2026-10-09,PRJEB13595,SAMEA3932898,host_nonhuman,host_common_name,dog
2026-10-09,PRJEB13595,SAMEA3932723,host_nonhuman,host_common_name,dog
2026-10-09,PRJEB40903,SAMEA7468845,host_nonhuman,host_common_name,cat
2026-10-09,PRJEB40903,SAMEA7468870,host_nonhuman,host_common_name,mouse
2026-10-09,PRJEB13595,SAMEA3932887,host_nonhuman,host_common_name,dog
2026-10-09,PRJEB40903,SAMEA7468850,host_nonhuman,host_common_name,cat
2026-10-09,PRJEB13595,SAMEA3933015,host_nonhuman,host_common_name,dog
2026-10-09,PRJEB13595,SAMEA3932727,host_nonhuman,host_common_name,dog
2026-10-09,PRJEB13595,SAMEA3932865,host_nonhuman,host_common_name,dog
2026-10-09,PRJEB56784,SAMEA111486519,host_nonhuman,host_common_name,mouse
2026-10-09,PRJEB13595,SAMEA3932714,host_nonhuman,host_common_name,dog
2026-10-09,PRJEB56784,SAMEA111486543,host_nonhuman,host_common_name,mouse
2026-10-09,PRJEB40903,SAMEA12935667,host_nonhuman,host_common_name,mouse
2026-10-09,PRJEB13595,SAMEA3932843,host_nonhuman,host_common_name,dog
2026-10-09,PRJEB13595,SAMEA3932841,host_nonhuman,host_common_name,dog
2026-10-09,PRJEB13595,SAMEA3932689,host_nonhuman,host_common_name,dog
2026-10-09,PRJEB13595,SAMEA3932947,host_nonhuman,host_common_name,dog
2026-10-09,PRJEB40903,SAMEA7469270,host_nonhuman,host_common_name,mouse
2026-10-09,PRJEB13595,SAMEA3933017,host_nonhuman,host_common_name,dog
2026-10-09,PRJEB40903,SAMEA12936760,host_nonhuman,host_common_name,mouse
2026-10-09,PRJEB13595,SAMEA3932792,host_nonhuman,host_common_name,dog
2026-10-09,PRJEB40903,SAMEA7469277,host_nonhuman,host_common_name,mouse
2026-10-09,PRJEB40903,SAMEA12936645,host_nonhuman,host_common_name,cat
2026-10-09,PRJEB40903,SAMEA12936221,host_nonhuman,host_common_name,mouse
2026-10-09,PRJEB56784,SAMEA111486553,host_nonhuman,host_common_name,mouse
2026-10-09,PRJEB40903,SAMEA12936755,host_nonhuman,host_common_name,mouse
2026-10-09,PRJEB40903,SAMEA12936634,host_nonhuman,host_common_name,cat
2026-10-09,PRJEB13595,SAMEA3932785,host_nonhuman,host_common_name,dog
2026-10-09,PRJEB13595,SAMEA3933007,host_nonhuman,host_common_name,dog
2026-10-09,PRJEB56784,SAMEA111486562,host_nonhuman,host_common_name,mouse
2026-10-09,PRJEB13595,SAMEA3933092,host_nonhuman,host_common_name,dog
2026-10-09,PRJEB13595,SAMEA3932866,host_nonhuman,host_common_name,dog
2026-10-09,PRJEB56784,SAMEA111486526,host_nonhuman,host_common_name,mouse
2026-10-09,PRJEB40903,SAMEA12936637,host_nonhuman,host_common_name,cat
2026-10-09,PRJEB13595,SAMEA3932870,host_nonhuman,host_common_name,dog
2026-10-09,PRJEB13595,SAMEA3933016,host_nonhuman,host_common_name,dog
2026-10-09,PRJEB40903,SAMEA7469234,host_nonhuman,host_common_name,cat
2026-10-09,PRJEB40903,SAMEA7468846,host_nonhuman,host_common_name,cat
2026-10-09,PRJEB40903,SAMEA12936652,host_nonhuman,host_common_name,cat
2026-10-09,PRJEB13595,SAMEA3932854,host_nonhuman,host_common_name,dog
2026-10-09,PRJEB13595,SAMEA3933093,host_nonhuman,host_common_name,dog
2026-10-09,PRJEB13595,SAMEA3933012,host_nonhuman,host_common_name,dog
2026-10-09,PRJEB13595,SAMEA3932707,host_nonhuman,host_common_name,dog
2026-10-09,PRJEB40903,SAMEA12936166,host_nonhuman,host_common_name,cat
2026-10-09,PRJEB40903,SAMEA12935644,host_nonhuman,host_common_name,mouse
2026-10-09,PRJEB40903,SAMEA12936733,host_nonhuman,host_common_name,mouse
2026-10-09,PRJEB13595,SAMEA3933082,host_nonhuman,host_common_name,dog
2026-10-09,PRJEB13595,SAMEA3932735,host_nonhuman,host_common_name,dog
2026-10-09,PRJEB40903,SAMEA12936150,host_nonhuman,host_common_name,cat
2026-10-09,PRJEB13595,SAMEA3932844,host_nonhuman,host_common_name,dog
2026-10-09,PRJEB13595,SAMEA3932856,host_nonhuman,host_common_name,dog
2026-10-09,PRJEB13595,SAMEA3932771,host_nonhuman,host_common_name,dog
2026-10-09,PRJEB13595,SAMEA3932651,host_nonhuman,host_common_name,dog
2026-10-09,PRJEB40903,SAMEA7468861,host_nonhuman,host_common_name,mouse
2026-10-09,PRJEB40903,SAMEA7468863,host_nonhuman,host_common_name,mouse
2026-10-09,PRJEB13595,SAMEA3932708,host_nonhuman,host_common_name,dog
2026-10-09,PRJEB13595,SAMEA3932902,host_nonhuman,host_common_name,dog
2026-10-09,PRJEB40903,SAMEA12935642,host_nonhuman,host_common_name,mouse
2026-10-09,PRJEB40903,SAMEA7469278,host_nonhuman,host_common_name,mouse
2026-10-09,PRJEB13595,SAMEA3933024,host_nonhuman,host_common_name,dog
2026-10-09,PRJEB13595,SAMEA3932795,host_nonhuman,host_common_name,dog
2026-10-09,PRJEB13595,SAMEA3932686,host_nonhuman,host_common_name,dog
2026-10-09,PRJEB40903,SAMEA12936218,host_nonhuman,host_common_name,mouse
2026-10-09,PRJEB13595,SAMEA3932772,host_nonhuman,host_common_name,dog
2026-10-09,PRJEB13595,SAMEA3932738,host_nonhuman,host_common_name,dog
2026-10-09,PRJEB13595,SAMEA3932710,host_nonhuman,host_common_name,dog
2026-10-09,PRJEB40903,SAMEA12936628,host_nonhuman,host_common_name,cat
2026-10-09,PRJEB56784,SAMEA111486556,host_nonhuman,host_common_name,mouse
2026-10-09,PRJEB40903,SAMEA7468849,host_nonhuman,host_common_name,cat
2026-10-09,PRJEB40903,SAMEA7469243,host_nonhuman,host_common_name,cat
2026-10-09,PRJEB13595,SAMEA3932734,host_nonhuman,host_common_name,dog
2026-10-09,PRJEB13595,SAMEA3932657,host_nonhuman,host_common_name,dog
2026-10-09,PRJEB13595,SAMEA3932766,host_nonhuman,host_common_name,dog
2026-10-09,PRJEB40903,SAMEA12936155,host_nonhuman,host_common_name,cat
2026-10-09,PRJEB13595,SAMEA3933069,host_nonhuman,host_common_name,dog
2026-10-09,PRJEB13595,SAMEA3932717,host_nonhuman,host_common_name,dog
2026-10-09,PRJEB13595,SAMEA3932964,host_nonhuman,host_common_name,dog
2026-10-09,PRJEB40903,SAMEA12936224,host_nonhuman,host_common_name,mouse
2026-10-09,PRJEB40903,SAMEA12936632,host_nonhuman,host_common_name,cat
2026-10-09,PRJEB40903,SAMEA12936757,host_nonhuman,host_common_name,mouse
2026-10-09,PRJEB13595,SAMEA3932910,host_nonhuman,host_common_name,dog
2026-10-09,PRJEB40903,SAMEA12936763,host_nonhuman,host_common_name,mouse
2026-10-09,PRJEB13595,SAMEA3932687,host_nonhuman,host_common_name,dog
2026-10-09,PRJEB13595,SAMEA3932839,host_nonhuman,host_common_name,dog
2026-10-09,PRJEB56784,SAMEA111486558,host_nonhuman,host_common_name,mouse
2026-10-09,PRJEB13595,SAMEA3932869,host_nonhuman,host_common_name,dog
2026-10-09,PRJEB13595,SAMEA3932726,host_nonhuman,host_common_name,dog
2026-10-09,PRJEB40903,SAMEA7469241,host_nonhuman,host_common_name,cat
2026-10-09,PRJEB13595,SAMEA3933009,host_nonhuman,host_common_name,dog
2026-10-09,PRJEB40903,SAMEA12935645,host_nonhuman,host_common_name,mouse
2026-10-09,PRJEB13595,SAMEA3932654,host_nonhuman,host_common_name,dog
2026-10-09,PRJEB13595,SAMEA3932912,host_nonhuman,host_common_name,dog
2026-10-09,PRJEB13595,SAMEA3933004,host_nonhuman,host_common_name,dog
2026-10-09,PRJEB40903,SAMEA12936761,host_nonhuman,host_common_name,mouse
2026-10-09,PRJEB40903,SAMEA12935565,host_nonhuman,host_common_name,cat
2026-10-09,PRJEB13595,SAMEA3932647,host_nonhuman,host_common_name,dog
2026-10-09,PRJEB13595,SAMEA3933002,host_nonhuman,host_common_name,dog
2026-10-09,PRJEB40903,SAMEA7469281,host_nonhuman,host_common_name,mouse
2026-10-09,PRJEB40903,SAMEA12936160,host_nonhuman,host_common_name,cat
2026-10-09,PRJEB13595,SAMEA3932729,host_nonhuman,host_common_name,dog
2026-10-09,PRJEB13595,SAMEA3933087,host_nonhuman,host_common_name,dog
2026-10-09,PRJEB13595,SAMEA3932801,host_nonhuman,host_common_name,dog
2026-10-09,PRJEB13595,SAMEA3932982,host_nonhuman,host_common_name,dog
2026-10-09,PRJEB13595,SAMEA3932881,host_nonhuman,host_common_name,dog
2026-10-09,PRJEB40903,SAMEA12936651,host_nonhuman,host_common_name,cat
2026-10-09,PRJEB40903,SAMEA12936770,host_nonhuman,host_common_name,mouse
2026-10-09,PRJEB13595,SAMEA3932699,host_nonhuman,host_common_name,dog
2026-10-09,PRJEB40903,SAMEA12936732,host_nonhuman,host_common_name,mouse
2026-10-09,PRJEB13595,SAMEA3933005,host_nonhuman,host_common_name,dog
2026-10-09,PRJEB13595,SAMEA3932879,host_nonhuman,host_common_name,dog
2026-10-09,PRJEB40903,SAMEA12936739,host_nonhuman,host_common_name,mouse
2026-10-09,PRJEB13595,SAMEA3932895,host_nonhuman,host_common_name,dog
2026-10-09,PRJEB13595,SAMEA3932720,host_nonhuman,host_common_name,dog
2026-10-09,PRJEB40903,SAMEA7469276,host_nonhuman,host_common_name,mouse
2026-10-09,PRJEB13595,SAMEA3932969,host_nonhuman,host_common_name,dog
2026-10-09,PRJEB13595,SAMEA3932663,host_nonhuman,host_common_name,dog
2026-10-09,PRJEB13595,SAMEA3932888,host_nonhuman,host_common_name,dog
2026-10-09,PRJEB13595,SAMEA3932815,host_nonhuman,host_common_name,dog
2026-10-09,PRJEB40903,SAMEA12936154,host_nonhuman,host_common_name,cat
2026-10-09,PRJEB13595,SAMEA3932755,host_nonhuman,host_common_name,dog
2026-10-09,PRJEB13595,SAMEA3932954,host_nonhuman,host_common_name,dog
2026-10-09,PRJEB40903,SAMEA7468868,host_nonhuman,host_common_name,mouse
2026-10-09,PRJEB40903,SAMEA12936648,host_nonhuman,host_common_name,cat
2026-10-09,PRJEB13595,SAMEA3932950,host_nonhuman,host_common_name,dog
2026-10-09,PRJEB40903,SAMEA12936729,host_nonhuman,host_common_name,mouse
2026-10-09,PRJEB13595,SAMEA3932935,host_nonhuman,host_common_name,dog
2026-10-09,PRJEB40903,SAMEA7469280,host_nonhuman,host_common_name,mouse
2026-10-09,PRJEB40903,SAMEA12936303,other,organism,freshwater metagenome
2026-10-09,PRJNA942264,SAMN33681904,other,organism,soil metagenome
2026-10-09,PRJEB40903,SAMEA12936316,other,organism,freshwater metagenome
2026-10-09,PRJEB40903,SAMEA12936936,other,organism,synthetic metagenome
2026-10-09,PRJEB81106,SAMEA117480498,host_nonhuman,organism,mouse gut metagenome
2026-10-09,PRJEB47383,SAMEA111265473,host_nonhuman,organism,Mus musculus
2026-10-09,PRJEB40903,SAMEA12936091,other,organism,soil metagenome
2026-10-09,PRJEB73590,SAMEA116103008,other,organism,wastewater metagenome
2026-10-09,PRJEB47383,SAMEA111265449,host_nonhuman,organism,Mus musculus
2026-10-09,PRJEB40903,SAMEA12936305,other,organism,freshwater metagenome
2026-10-09,PRJEB35362,SAMEA6415053,other,organism,soil metagenome
2026-10-09,PRJEB81106,SAMEA117480374,host_nonhuman,organism,mouse gut metagenome
2026-10-09,PRJEB40903,SAMEA12936573,other,organism,soil metagenome
2026-10-09,PRJEB81106,SAMEA117479720,host_nonhuman,organism,mouse gut metagenome
2026-10-09,PRJEB40903,SAMEA12937004,other,organism,synthetic metagenome
2026-10-09,PRJEB81106,SAMEA117480244,host_nonhuman,organism,mouse gut metagenome
2026-10-09,PRJNA1064467,SAMN39433721,host_nonhuman,organism,mouse gut metagenome
2026-10-09,PRJEB62783,SAMEA113567607,host_nonhuman,organism,mouse gut metagenome
2026-10-09,PRJNA629464,SAMN14560196,host_nonhuman,organism,Mus musculus
2026-10-09,PRJEB40903,SAMEA12936990,other,organism,synthetic metagenome
2026-10-09,PRJEB63360,SAMEA113907235,other,organism,soil metagenome
2026-10-09,PRJEB81106,SAMEA117480327,host_nonhuman,organism,mouse gut metagenome
2026-10-09,PRJEB81106,SAMEA117479716,host_nonhuman,organism,mouse gut metagenome
2026-10-09,PRJEB62783,SAMEA113567621,host_nonhuman,organism,mouse gut metagenome
2026-10-09,PRJEB40903,SAMEA12935337,other,organism,synthetic metagenome
2026-10-09,PRJNA1020637,SAMN37527184,other,organism,wastewater metagenome
2026-10-09,PRJEB40903,SAMEA7468509,other,organism,synthetic metagenome
2026-10-09,PRJEB81106,SAMEA117480285,host_nonhuman,organism,mouse gut metagenome
2026-10-09,PRJNA942264,SAMN33681878,other,organism,soil metagenome
2026-10-09,PRJNA1089239,SAMN40533992,other,organism,soil metagenome
2026-10-09,PRJEB81106,SAMEA117480326,host_nonhuman,organism,mouse gut metagenome
2026-10-09,PRJEB40903,SAMEA12937003,other,organism,synthetic metagenome
2026-10-09,PRJEB40903,SAMEA12935926,other,organism,synthetic metagenome
2026-10-09,PRJEB73590,SAMEA116103052,other,organism,wastewater metagenome
2026-10-09,PRJEB47383,SAMEA111265519,host_nonhuman,organism,Mus musculus
2026-10-09,PRJEB47383,SAMEA111265481,host_nonhuman,organism,Mus musculus
2026-10-09,PRJEB39960,SAMEA7233141,host_nonhuman,organism,mouse gut metagenome
2026-10-09,PRJEB40903,SAMEA12936577,other,organism,soil metagenome
2026-10-09,PRJNA1089239,SAMN40533996,other,organism,soil metagenome
2026-10-09,PRJEB81106,SAMEA117480467,host_nonhuman,organism,mouse gut metagenome
2026-10-09,PRJNA629464,SAMN14560183,host_nonhuman,organism,Mus musculus
2026-10-09,PRJNA629464,SAMN14560182,host_nonhuman,organism,Mus musculus
2026-10-09,PRJEB40903,SAMEA12936100,other,organism,soil metagenome
2026-10-09,PRJEB40903,SAMEA12936955,other,organism,synthetic metagenome
2026-10-09,PRJEB81106,SAMEA117480489,host_nonhuman,organism,mouse gut metagenome
2026-10-09,PRJEB81106,SAMEA117480419,host_nonhuman,organism,mouse gut metagenome
2026-10-09,PRJEB73590,SAMEA116103039,other,organism,wastewater metagenome
2026-10-09,PRJEB47383,SAMEA111265500,host_nonhuman,organism,Mus musculus
2026-10-09,PRJEB40903,SAMEA12936992,other,organism,synthetic metagenome
2026-10-09,PRJEB40903,SAMEA12937009,other,organism,synthetic metagenome
2026-10-09,PRJEB40903,SAMEA12935929,other,organism,synthetic metagenome
2026-10-09,PRJNA942264,SAMN33681906,other,organism,soil metagenome
2026-10-09,PRJEB81106,SAMEA117480350,host_nonhuman,organism,mouse gut metagenome
2026-10-09,PRJEB40903,SAMEA12935885,other,organism,synthetic metagenome
2026-10-09,PRJEB47383,SAMEA111265515,host_nonhuman,organism,Mus musculus
2026-10-09,PRJEB63360,SAMEA113907251,other,organism,soil metagenome
2026-10-09,PRJEB63360,SAMEA113907248,other,organism,soil metagenome
2026-10-09,PRJEB40903,SAMEA7469208,other,organism,soil metagenome
2026-10-09,PRJEB81106,SAMEA117480252,host_nonhuman,organism,mouse gut metagenome
2026-10-09,PRJEB40903,SAMEA12936103,other,organism,soil metagenome
2026-10-09,PRJEB47383,SAMEA111265437,host_nonhuman,organism,Mus musculus
2026-10-09,PRJNA942264,SAMN33681891,other,organism,soil metagenome
2026-10-09,PRJEB40903,SAMEA7469213,other,organism,soil metagenome
2026-10-09,PRJNA942264,SAMN33681853,other,organism,soil metagenome
2026-10-09,PRJEB39631,SAMEA7099384,host_nonhuman,organism,mouse gut metagenome
2026-10-09,PRJNA650228,SAMN18090719,other,organism,synthetic metagenome
2026-10-09,PRJEB40903,SAMEA12935944,other,organism,synthetic metagenome
2026-10-09,PRJEB81106,SAMEA117480428,host_nonhuman,organism,mouse gut metagenome
2026-10-09,PRJEB40903,SAMEA12936591,other,organism,soil metagenome
2026-10-09,PRJEB79367,SAMEA116103019,other,organism,wastewater metagenome
2026-10-09,PRJEB47383,SAMEA111265432,host_nonhuman,organism,Mus musculus
2026-10-09,PRJEB47383,SAMEA111265512,host_nonhuman,organism,Mus musculus
2026-10-09,PRJEB39631,SAMEA7099390,host_nonhuman,organism,mouse gut metagenome
2026-10-09,PRJEB40903,SAMEA12936953,other,organism,synthetic metagenome
2026-10-09,PRJEB40903,SAMEA12936574,other,organism,soil metagenome
2026-10-09,PRJNA1089239,SAMN40533980,other,organism,soil metagenome
2026-10-09,PRJEB81106,SAMEA117480352,host_nonhuman,organism,mouse gut metagenome
2026-10-09,PRJEB40903,SAMEA12935317,other,organism,synthetic metagenome
2026-10-09,PRJEB47383,SAMEA111265517,host_nonhuman,organism,Mus musculus
2026-10-09,PRJEB40903,SAMEA12935399,other,organism,synthetic metagenome
2026-10-09,PRJEB81106,SAMEA117480291,host_nonhuman,organism,mouse gut metagenome
2026-10-09,PRJEB47383,SAMEA111265442,host_nonhuman,organism,Mus musculus
2026-10-09,PRJEB40903,SAMEA12935377,other,organism,synthetic metagenome
2026-10-09,PRJEB40903,SAMEA7469343,other,organism,freshwater metagenome
2026-10-09,PRJEB81106,SAMEA117480471,host_nonhuman,organism,mouse gut metagenome
2026-10-09,PRJEB73590,SAMEA116103042,other,organism,wastewater metagenome
2026-10-09,PRJEB40903,SAMEA12935327,other,organism,synthetic metagenome
2026-10-09,PRJEB40903,SAMEA12936982,other,organism,synthetic metagenome
2026-10-09,PRJNA1089239,SAMN40533985,other,organism,soil metagenome
2026-10-09,PRJNA942264,SAMN33681918,other,organism,soil metagenome
2026-10-09,PRJNA217052,SAMN02333975,other,organism,soil metagenome
2026-10-09,PRJNA1064467,SAMN39433756,host_nonhuman,organism,mouse gut metagenome
2026-10-09,PRJNA1000750,SAMN36779499,other,organism,synthetic metagenome
2026-10-09,PRJNA1089239,SAMN40533993,other,organism,soil metagenome
2026-10-09,PRJEB40903,SAMEA12936994,other,organism,synthetic metagenome
2026-10-09,PRJEB47383,SAMEA111265447,host_nonhuman,organism,Mus musculus
2026-10-09,PRJEB47383,SAMEA111265562,host_nonhuman,organism,Mus musculus
2026-10-09,PRJEB63360,SAMEA113907241,other,organism,soil metagenome
2026-10-09,PRJEB40903,SAMEA12935939,other,organism,synthetic metagenome
2026-10-09,PRJEB81106,SAMEA117480298,host_nonhuman,organism,mouse gut metagenome
2026-10-09,PRJEB47383,SAMEA111265450,host_nonhuman,organism,Mus musculus
2026-10-09,PRJEB40903,SAMEA7469199,other,organism,soil metagenome
2026-10-09,PRJEB40903,SAMEA12935938,other,organism,synthetic metagenome
2026-10-09,PRJEB47383,SAMEA111265492,host_nonhuman,organism,Mus musculus
2026-10-09,PRJNA629464,SAMN14560202,host_nonhuman,organism,Mus musculus
2026-10-09,PRJEB40903,SAMEA12935373,other,organism,synthetic metagenome
2026-10-09,PRJEB40903,SAMEA12935519,other,organism,soil metagenome
2026-10-09,PRJEB47383,SAMEA111265543,host_nonhuman,organism,Mus musculus
2026-10-09,PRJEB40903,SAMEA12936563,other,organism,soil metagenome
2026-10-09,PRJNA861902,SAMN29932458,other,organism,wastewater metagenome
2026-10-09,PRJNA942264,SAMN33681927,other,organism,soil metagenome
2026-10-09,PRJEB81106,SAMEA117480331,host_nonhuman,organism,mouse gut metagenome
2026-10-09,PRJEB40903,SAMEA12936964,other,organism,synthetic metagenome
2026-10-09,PRJEB81106,SAMEA117480270,host_nonhuman,organism,mouse gut metagenome
2026-10-09,PRJNA629464,SAMN14560203,host_nonhuman,organism,Mus musculus
2026-10-09,PRJEB47383,SAMEA111265511,host_nonhuman,organism,Mus musculus
2026-10-09,PRJNA217052,SAMN02334062,other,organism,soil metagenome
2026-10-09,PRJNA1245131,SAMN47741866,host_nonhuman,organism,Mus musculus
2026-10-09,PRJEB40903,SAMEA12936587,other,organism,soil metagenome
2026-10-09,PRJEB81106,SAMEA117480500,host_nonhuman,organism,mouse gut metagenome
2026-10-09,PRJEB81106,SAMEA117480494,host_nonhuman,organism,mouse gut metagenome
2026-10-09,PRJEB81106,SAMEA117480482,host_nonhuman,organism,mouse gut metagenome
2026-10-09,PRJEB73590,SAMEA116102962,host_nonhuman,organism,pig gut metagenome
2026-10-09,PRJNA1245131,SAMN47741881,host_nonhuman,organism,Mus musculus
2026-10-09,PRJEB40903,SAMEA12935320,other,organism,synthetic metagenome
2026-10-09,PRJNA217052,SAMN02333971,other,organism,soil metagenome
2026-10-09,PRJEB40903,SAMEA12936967,other,organism,synthetic metagenome
2026-10-09,PRJNA942264,SAMN33681931,other,organism,soil metagenome
2026-10-09,PRJEB81106,SAMEA117480421,host_nonhuman,organism,mouse gut metagenome
2026-10-09,PRJEB40903,SAMEA12937002,other,organism,synthetic metagenome
2026-10-09,PRJEB47383,SAMEA111265537,host_nonhuman,organism,Mus musculus
2026-10-09,PRJEB40903,SAMEA7468976,other,organism,synthetic metagenome
2026-10-09,PRJEB40903,SAMEA12935887,other,organism,synthetic metagenome
2026-10-09,PRJEB47383,SAMEA111265544,host_nonhuman,organism,Mus musculus
2026-10-09,PRJEB40903,SAMEA12935898,other,organism,synthetic metagenome
2026-10-09,PRJNA1245131,SAMN47741870,host_nonhuman,organism,Mus musculus
2026-10-09,PRJNA217052,SAMN02333955,other,organism,soil metagenome
2026-10-09,PRJEB47383,SAMEA111265440,host_nonhuman,organism,Mus musculus
2026-10-09,PRJEB47383,SAMEA111265540,host_nonhuman,organism,Mus musculus
2026-10-09,PRJEB81106,SAMEA117480306,host_nonhuman,organism,mouse gut metagenome
2026-10-09,PRJEB81106,SAMEA117480315,host_nonhuman,organism,mouse gut metagenome
2026-10-09,PRJEB81106,SAMEA117480254,host_nonhuman,organism,mouse gut metagenome
2026-10-09,PRJEB40903,SAMEA12935947,other,organism,synthetic metagenome
2026-10-09,PRJEB81106,SAMEA117480260,host_nonhuman,organism,mouse gut metagenome
2026-10-09,PRJEB40903,SAMEA12935943,other,organism,synthetic metagenome
2026-10-09,PRJNA1245131,SAMN47741869,host_nonhuman,organism,Mus musculus
2026-10-09,PRJEB40903,SAMEA12936957,other,organism,synthetic metagenome
2026-10-09,PRJEB40903,SAMEA12935896,other,organism,synthetic metagenome
2026-10-09,PRJEB47383,SAMEA111265445,host_nonhuman,organism,Mus musculus
2026-10-09,PRJEB81106,SAMEA117480296,host_nonhuman,organism,mouse gut metagenome
2026-10-09,PRJEB47383,SAMEA111265474,host_nonhuman,organism,Mus musculus
2026-10-09,PRJEB40903,SAMEA7468980,other,organism,synthetic metagenome
2026-10-09,PRJEB81106,SAMEA117480238,host_nonhuman,organism,mouse gut metagenome
2026-10-09,PRJNA942264,SAMN33681862,other,organism,soil metagenome
2026-10-09,PRJEB47383,SAMEA111265508,host_nonhuman,organism,Mus musculus
2026-10-09,PRJNA942264,SAMN33681908,other,organism,soil metagenome
2026-10-09,PRJEB40903,SAMEA12936950,other,organism,synthetic metagenome
2026-10-09,PRJEB73590,SAMEA116102956,host_nonhuman,organism,chicken gut metagenome
2026-10-09,PRJEB40903,SAMEA12935326,other,organism,synthetic metagenome
2026-10-09,PRJEB37062,SAMEA110463799,host_nonhuman,organism,mouse gut metagenome
2026-10-09,PRJEB47383,SAMEA111265480,host_nonhuman,organism,Mus musculus
2026-10-09,PRJEB40903,SAMEA12935974,other,organism,synthetic metagenome
2026-10-09,PRJNA629464,SAMN14560212,host_nonhuman,organism,Mus musculus
2026-10-09,PRJNA1015663,SAMN37491094,other,organism,synthetic metagenome
2026-10-09,PRJNA629464,SAMN14560199,host_nonhuman,organism,Mus musculus
2026-10-09,PRJEB79367,SAMEA116103022,other,organism,wastewater metagenome
2026-10-09,PRJNA629464,SAMN14560195,host_nonhuman,organism,Mus musculus
2026-10-09,PRJNA942264,SAMN33681879,other,organism,soil metagenome
2026-10-09,PRJEB81106,SAMEA117480423,host_nonhuman,organism,mouse gut metagenome
2026-10-09,PRJEB81106,SAMEA117480514,host_nonhuman,organism,mouse gut metagenome
2026-10-09,PRJEB40903,SAMEA12937000,other,organism,synthetic metagenome
2026-10-09,PRJEB40903,SAMEA12937162,other,organism,freshwater metagenome
2026-10-09,PRJNA942264,SAMN33681901,other,organism,soil metagenome
2026-10-09,PRJEB73590,SAMEA116103025,other,organism,wastewater metagenome
2026-10-09,PRJEB47383,SAMEA111265436,host_nonhuman,organism,Mus musculus
2026-10-09,PRJNA428537,SAMN08289400,host_nonhuman,organism,bovine metagenome
2026-10-09,PRJEB40903,SAMEA12937001,other,organism,synthetic metagenome
2026-10-09,PRJNA942264,SAMN33681916,other,organism,soil metagenome
2026-10-09,PRJEB81106,SAMEA117480438,host_nonhuman,organism,mouse gut metagenome
2026-10-09,PRJEB81106,SAMEA117480483,host_nonhuman,organism,mouse gut metagenome
2026-10-09,PRJNA217052,SAMN02334013,other,organism,soil metagenome
2026-10-09,PRJNA1213876,SAMN46534871,host_nonhuman,organism,Gorilla beringei beringei
2026-10-09,PRJEB47383,SAMEA111265441,host_nonhuman,organism,Mus musculus
2026-10-09,PRJEB40903,SAMEA7469200,other,organism,soil metagenome
2026-10-09,PRJEB40903,SAMEA12935517,other,organism,soil metagenome
2026-10-09,PRJEB40903,SAMEA7469202,other,organism,soil metagenome
2026-10-09,PRJNA540073,SAMN11523133,other,organism,synthetic metagenome
2026-10-09,PRJEB40903,SAMEA12935523,other,organism,soil metagenome
2026-10-09,PRJEB40903,SAMEA12936935,other,organism,synthetic metagenome
2026-10-09,PRJNA1064467,SAMN39433743,host_nonhuman,organism,mouse gut metagenome
2026-10-09,PRJEB40903,SAMEA12935961,other,organism,synthetic metagenome
2026-10-09,PRJNA942264,SAMN33681940,other,organism,soil metagenome
2026-10-09,PRJEB40903,SAMEA12936567,other,organism,soil metagenome
2026-10-09,PRJEB81106,SAMEA117480432,host_nonhuman,organism,mouse gut metagenome
2026-10-09,PRJEB37062,SAMEA110463787,host_nonhuman,organism,mouse gut metagenome
2026-10-09,PRJNA1064467,SAMN39433713,host_nonhuman,organism,mouse gut metagenome
2026-10-09,PRJEB81106,SAMEA117480249,host_nonhuman,organism,mouse gut metagenome
2026-10-09,PRJEB73590,SAMEA116103010,other,organism,wastewater metagenome
2026-10-09,PRJEB47383,SAMEA111265518,host_nonhuman,organism,Mus musculus
2026-10-09,PRJEB40903,SAMEA12936469,other,organism,synthetic metagenome
2026-10-09,PRJEB81106,SAMEA117480382,host_nonhuman,organism,mouse gut metagenome
2026-10-09,PRJEB40903,SAMEA12935946,other,organism,synthetic metagenome
2026-10-09,PRJEB73590,SAMEA116102960,host_nonhuman,organism,chicken gut metagenome
2026-10-09,PRJNA217052,SAMN02334048,other,organism,soil metagenome
2026-10-09,PRJEB81106,SAMEA117480513,host_nonhuman,organism,mouse gut metagenome
2026-10-09,PRJNA217052,SAMN02334045,other,organism,soil metagenome
2026-10-09,PRJEB47383,SAMEA111265523,host_nonhuman,organism,Mus musculus
2026-10-09,PRJEB40903,SAMEA12935933,other,organism,synthetic metagenome
2026-10-09,PRJEB33440,SAMEA5766975,host_nonhuman,organism,Sus scrofa
2026-10-09,PRJEB47383,SAMEA111265430,host_nonhuman,organism,Mus musculus
2026-10-09,PRJEB103086,SAMEA120552893,host_nonhuman,organism,mouse gut metagenome
2026-10-09,PRJNA942264,SAMN33681869,other,organism,soil metagenome
2026-10-09,PRJEB81106,SAMEA117480345,host_nonhuman,organism,mouse gut metagenome
2026-10-09,PRJEB81106,SAMEA117480550,host_nonhuman,organism,mouse gut metagenome
2026-10-09,PRJNA217052,SAMN02334044,other,organism,soil metagenome
2026-10-09,PRJEB81106,SAMEA117480468,host_nonhuman,organism,mouse gut metagenome
2026-10-09,PRJEB81106,SAMEA117480398,host_nonhuman,organism,mouse gut metagenome
2026-10-09,PRJEB40903,SAMEA12935912,other,organism,synthetic metagenome
2026-10-09,PRJEB63360,SAMEA113907240,other,organism,soil metagenome
2026-10-09,PRJEB81106,SAMEA117480274,host_nonhuman,organism,mouse gut metagenome
2026-10-09,PRJEB81106,SAMEA117480436,host_nonhuman,organism,mouse gut metagenome
2026-10-09,PRJEB40903,SAMEA12935527,other,organism,soil metagenome
2026-10-09,PRJEB33440,SAMEA5766972,host_nonhuman,organism,Sus scrofa
2026-10-09,PRJEB40903,SAMEA12935949,other,organism,synthetic metagenome
2026-10-09,PRJEB47383,SAMEA111265555,host_nonhuman,organism,Mus musculus
2026-10-09,PRJEB81106,SAMEA117480240,host_nonhuman,organism,mouse gut metagenome
2026-10-09,PRJEB40903,SAMEA12936929,other,organism,synthetic metagenome
2026-10-09,PRJEB40903,SAMEA12936947,other,organism,synthetic metagenome
2026-10-09,PRJEB40903,SAMEA12935968,other,organism,synthetic metagenome
2026-10-09,PRJEB81106,SAMEA117480463,host_nonhuman,organism,mouse gut metagenome
2026-10-09,PRJEB40903,SAMEA7469201,other,organism,soil metagenome
2026-10-09,PRJEB81106,SAMEA117480518,host_nonhuman,organism,mouse gut metagenome
2026-10-09,PRJEB81106,SAMEA117480532,host_nonhuman,organism,mouse gut metagenome
2026-10-09,PRJEB73590,SAMEA116103046,other,organism,wastewater metagenome
2026-10-09,PRJEB81106,SAMEA117480402,host_nonhuman,organism,mouse gut metagenome
2026-10-09,PRJEB40903,SAMEA12935520,other,organism,soil metagenome
2026-10-09,PRJEB81106,SAMEA117480458,host_nonhuman,organism,mouse gut metagenome
2026-10-09,PRJEB40903,SAMEA12935743,other,organism,freshwater metagenome
2026-10-09,PRJEB40903,SAMEA12935956,other,organism,synthetic metagenome
2026-10-09,PRJEB81106,SAMEA117480287,host_nonhuman,organism,mouse gut metagenome
2026-10-09,PRJEB40903,SAMEA12936565,other,organism,soil metagenome
2026-10-09,PRJNA217052,SAMN02333992,other,organism,soil metagenome
2026-10-09,PRJNA942264,SAMN33681938,other,organism,soil metagenome
2026-10-09,PRJEB40903,SAMEA12936954,other,organism,synthetic metagenome
2026-10-09,PRJEB81106,SAMEA117480539,host_nonhuman,organism,mouse gut metagenome
2026-10-09,PRJEB39631,SAMEA7099378,host_nonhuman,organism,mouse gut metagenome
2026-10-09,PRJEB59119,SAMEA112356535,other,organism,wastewater metagenome
2026-10-09,PRJNA942264,SAMN33681881,other,organism,soil metagenome
2026-10-09,PRJEB81106,SAMEA117480504,host_nonhuman,organism,mouse gut metagenome
2026-10-09,PRJNA942264,SAMN33681930,other,organism,soil metagenome
2026-10-09,PRJEB81106,SAMEA117480459,host_nonhuman,organism,mouse gut metagenome
2026-10-09,PRJEB40903,SAMEA12937015,other,organism,synthetic metagenome
2026-10-09,PRJEB39631,SAMEA7099386,host_nonhuman,organism,mouse gut metagenome
2026-10-09,PRJNA942264,SAMN33681871,other,organism,soil metagenome
2026-10-09,PRJEB81106,SAMEA117480403,host_nonhuman,organism,mouse gut metagenome
2026-10-09,PRJEB81106,SAMEA117480286,host_nonhuman,organism,mouse gut metagenome
2026-10-09,PRJEB73590,SAMEA116103024,other,organism,wastewater metagenome
2026-10-09,PRJEB40903,SAMEA7468834,other,organism,soil metagenome
2026-10-09,PRJEB81106,SAMEA117480243,host_nonhuman,organism,mouse gut metagenome
2026-10-09,PRJEB40903,SAMEA12935955,other,organism,synthetic metagenome
2026-10-09,PRJEB40903,SAMEA12935369,other,organism,synthetic metagenome
2026-10-09,PRJNA942264,SAMN33681934,other,organism,soil metagenome
2026-10-09,PRJEB40903,SAMEA12936473,other,organism,synthetic metagenome
2026-10-09,PRJEB79367,SAMEA116103004,host_nonhuman,organism,bovine gut metagenome
2026-10-09,PRJNA217052,SAMN02333927,other,organism,soil metagenome
2026-10-09,PRJEB47383,SAMEA111265458,host_nonhuman,organism,Mus musculus
2026-10-09,PRJEB81106,SAMEA117480281,host_nonhuman,organism,mouse gut metagenome
2026-10-09,PRJEB81106,SAMEA117480480,host_nonhuman,organism,mouse gut metagenome
2026-10-09,PRJEB40903,SAMEA12936997,other,organism,synthetic metagenome
2026-10-09,PRJEB81106,SAMEA117480414,host_nonhuman,organism,mouse gut metagenome
2026-10-09,PRJEB35362,SAMEA6415051,other,organism,soil metagenome
2026-10-09,PRJEB47383,SAMEA111265426,host_nonhuman,organism,Mus musculus
2026-10-09,PRJEB81106,SAMEA117480311,host_nonhuman,organism,mouse gut metagenome
2026-10-09,PRJEB40903,SAMEA12935371,other,organism,synthetic metagenome
2026-10-09,PRJEB33440,SAMEA5766976,host_nonhuman,organism,Sus scrofa
2026-10-09,PRJEB40903,SAMEA12935924,other,organism,synthetic metagenome
2026-10-09,PRJEB40903,SAMEA12936478,other,organism,synthetic metagenome
2026-10-09,PRJEB47383,SAMEA111265486,host_nonhuman,organism,Mus musculus
2026-10-09,PRJEB40903,SAMEA12936472,other,organism,synthetic metagenome
2026-10-09,PRJEB40903,SAMEA12937166,other,organism,freshwater metagenome
2026-10-09,PRJEB40903,SAMEA12936969,other,organism,synthetic metagenome
2026-10-09,PRJEB40903,SAMEA12935382,other,organism,synthetic metagenome
2026-10-09,PRJNA1213876,SAMN46534868,host_nonhuman,organism,Gorilla beringei beringei
2026-10-09,PRJEB73590,SAMEA116102906,host_nonhuman,organism,chicken gut metagenome
2026-10-09,PRJEB47383,SAMEA111265525,host_nonhuman,organism,Mus musculus
2026-10-09,PRJNA629464,SAMN14560185,host_nonhuman,organism,Mus musculus
2026-10-09,PRJNA942264,SAMN33681886,other,organism,soil metagenome
2026-10-09,PRJNA217052,SAMN02333928,other,organism,soil metagenome
2026-10-09,PRJEB40903,SAMEA12935344,other,organism,synthetic metagenome
2026-10-09,PRJEB40903,SAMEA12935531,other,organism,soil metagenome
2026-10-09,PRJEB40903,SAMEA12936475,other,organism,synthetic metagenome
2026-10-09,PRJEB40903,SAMEA12936477,other,organism,synthetic metagenome
2026-10-09,PRJEB40903,SAMEA12935893,other,organism,synthetic metagenome
2026-10-09,PRJEB40903,SAMEA12935374,other,organism,synthetic metagenome
2026-10-09,PRJNA942264,SAMN33681866,other,organism,soil metagenome
2026-10-09,PRJEB62783,SAMEA113567619,host_nonhuman,organism,mouse gut metagenome
2026-10-09,PRJEB40903,SAMEA12936564,other,organism,soil metagenome
2026-10-09,PRJNA942264,SAMN33681924,other,organism,soil metagenome
2026-10-09,PRJEB81106,SAMEA117480420,host_nonhuman,organism,mouse gut metagenome
2026-10-09,PRJEB62783,SAMEA113567609,host_nonhuman,organism,mouse gut metagenome
2026-10-09,PRJNA1089239,SAMN40533986,other,organism,soil metagenome
2026-10-09,PRJEB37062,SAMEA110463790,host_nonhuman,organism,rat gut metagenome
2026-10-09,PRJEB39631,SAMEA7099373,host_nonhuman,organism,mouse gut metagenome
2026-10-09,PRJEB40903,SAMEA12937176,other,organism,freshwater metagenome
2026-10-09,PRJEB39631,SAMEA7099383,host_nonhuman,organism,mouse gut metagenome
2026-10-09,PRJEB40903,SAMEA12936571,other,organism,soil metagenome
2026-10-09,PRJEB47383,SAMEA111265535,host_nonhuman,organism,Mus musculus
2026-10-09,PRJEB47383,SAMEA111265420,host_nonhuman,organism,Mus musculus
2026-10-09,PRJNA942264,SAMN33681852,other,organism,soil metagenome
2026-10-09,PRJEB79367,SAMEA116103040,other,organism,wastewater metagenome
2026-10-09,PRJEB40903,SAMEA12936984,other,organism,synthetic metagenome
2026-10-09,PRJNA942264,SAMN33681941,other,organism,soil metagenome
2026-10-09,PRJEB108124,SAMEA121379498,other,organism,wastewater metagenome
2026-10-09,PRJEB63360,SAMEA113907238,other,organism,soil metagenome
2026-10-09,PRJEB40903,SAMEA12935405,other,organism,synthetic metagenome
2026-10-09,PRJEB81106,SAMEA117480337,host_nonhuman,organism,mouse gut metagenome
2026-10-09,PRJEB40903,SAMEA12935516,other,organism,soil metagenome
2026-10-09,PRJEB40903,SAMEA7468973,other,organism,synthetic metagenome
2026-10-09,PRJNA942264,SAMN33681877,other,organism,soil metagenome
2026-10-09,PRJEB40903,SAMEA12936579,other,organism,soil metagenome
2026-10-09,PRJNA942264,SAMN33681857,other,organism,soil metagenome
2026-10-09,PRJEB47383,SAMEA111265504,host_nonhuman,organism,Mus musculus
2026-10-09,PRJEB40903,SAMEA12935948,other,organism,synthetic metagenome
2026-10-09,PRJNA942264,SAMN33681962,other,organism,soil metagenome
2026-10-09,PRJEB40903,SAMEA12937179,other,organism,freshwater metagenome
2026-10-09,PRJEB40903,SAMEA12935738,other,organism,freshwater metagenome
2026-10-09,PRJEB47383,SAMEA111265487,host_nonhuman,organism,Mus musculus
2026-10-09,PRJNA942264,SAMN33681874,other,organism,soil metagenome
2026-10-09,PRJNA942264,SAMN33681872,other,organism,soil metagenome
2026-10-09,PRJEB47383,SAMEA111265561,host_nonhuman,organism,Mus musculus
2026-10-09,PRJEB81106,SAMEA117480301,host_nonhuman,organism,mouse gut metagenome
2026-10-09,PRJEB81106,SAMEA117480256,host_nonhuman,organism,mouse gut metagenome
2026-10-09,PRJEB40903,SAMEA12935883,other,organism,synthetic metagenome
2026-10-09,PRJNA942264,SAMN33681870,other,organism,soil metagenome
2026-10-09,PRJEB59119,SAMEA112356532,other,organism,wastewater metagenome
2026-10-09,PRJEB40903,SAMEA12936995,other,organism,synthetic metagenome
2026-10-09,PRJEB40903,SAMEA12935345,other,organism,synthetic metagenome
2026-10-09,PRJNA942264,SAMN33681858,other,organism,soil metagenome
2026-10-09,PRJNA1015663,SAMN37491097,other,organism,synthetic metagenome
2026-10-09,PRJEB40903,SAMEA12935978,other,organism,synthetic metagenome
2026-10-09,PRJEB81106,SAMEA117480379,host_nonhuman,organism,mouse gut metagenome
2026-10-09,PRJEB81106,SAMEA117480488,host_nonhuman,organism,mouse gut metagenome
2026-10-09,PRJEB47383,SAMEA111265550,host_nonhuman,organism,Mus musculus
2026-10-09,PRJEB39631,SAMEA7099364,host_nonhuman,organism,mouse gut metagenome
2026-10-09,PRJNA629464,SAMN14560194,host_nonhuman,organism,Mus musculus
2026-10-09,PRJEB40903,SAMEA12936923,other,organism,synthetic metagenome
2026-10-09,PRJEB40903,SAMEA12936482,other,organism,synthetic metagenome
2026-10-09,PRJEB79367,SAMEA116103033,other,organism,wastewater metagenome
2026-10-09,PRJEB47383,SAMEA111265498,host_nonhuman,organism,Mus musculus
2026-10-09,PRJNA1000750,SAMN36779500,other,organism,synthetic metagenome
2026-10-09,PRJEB40903,SAMEA12935341,other,organism,synthetic metagenome
2026-10-09,PRJEB40903,SAMEA12935973,other,organism,synthetic metagenome
2026-10-09,PRJEB40903,SAMEA12936585,other,organism,soil metagenome
2026-10-09,PRJEB81106,SAMEA117480300,host_nonhuman,organism,mouse gut metagenome
2026-10-09,PRJEB40903,SAMEA12936949,other,organism,synthetic metagenome
2026-10-09,PRJEB81106,SAMEA117480325,host_nonhuman,organism,mouse gut metagenome
2026-10-09,PRJEB81106,SAMEA117480493,host_nonhuman,organism,mouse gut metagenome
2026-10-09,PRJEB81106,SAMEA117480429,host_nonhuman,organism,mouse gut metagenome
2026-10-09,PRJNA1015663,SAMN37491125,other,organism,synthetic metagenome
2026-10-09,PRJEB81106,SAMEA117480509,host_nonhuman,organism,mouse gut metagenome
2026-10-09,PRJEB63360,SAMEA113907244,other,organism,soil metagenome
2026-10-09,PRJEB40903,SAMEA12936468,other,organism,synthetic metagenome
2026-10-09,PRJEB47383,SAMEA111265468,host_nonhuman,organism,Mus musculus
2026-10-09,PRJEB40903,SAMEA12935899,other,organism,synthetic metagenome
2026-10-09,PRJEB40903,SAMEA12935923,other,organism,synthetic metagenome
2026-10-09,PRJEB40903,SAMEA12937177,other,organism,freshwater metagenome
2026-10-09,PRJEB40903,SAMEA7469356,other,organism,freshwater metagenome
2026-10-09,PRJEB103086,SAMEA120552883,host_nonhuman,organism,mouse gut metagenome
2026-10-09,PRJEB81106,SAMEA117480387,host_nonhuman,organism,mouse gut metagenome
2026-10-09,PRJEB40903,SAMEA12935739,other,organism,freshwater metagenome
2026-10-09,PRJNA629464,SAMN14560197,host_nonhuman,organism,Mus musculus
2026-10-09,PRJEB40903,SAMEA7469207,other,organism,soil metagenome
2026-10-09,PRJEB81106,SAMEA117480536,host_nonhuman,organism,mouse gut metagenome
2026-10-09,PRJEB40903,SAMEA12935365,other,organism,synthetic metagenome
2026-10-09,PRJEB81106,SAMEA117480295,host_nonhuman,organism,mouse gut metagenome
2026-10-09,PRJEB47383,SAMEA111265524,host_nonhuman,organism,Mus musculus
2026-10-09,PRJEB40903,SAMEA7469353,other,organism,freshwater metagenome
2026-10-09,PRJNA1064467,SAMN39433749,host_nonhuman,organism,mouse gut metagenome
2026-10-09,PRJEB81106,SAMEA117480516,host_nonhuman,organism,mouse gut metagenome
2026-10-09,PRJEB40903,SAMEA12936470,other,organism,synthetic metagenome
2026-10-09,PRJEB40903,SAMEA7468828,other,organism,soil metagenome
2026-10-09,PRJEB81106,SAMEA117480385,host_nonhuman,organism,mouse gut metagenome
2026-10-09,PRJEB40903,SAMEA12935366,other,organism,synthetic metagenome
2026-10-09,PRJNA942264,SAMN33681907,other,organism,soil metagenome
2026-10-09,PRJEB81106,SAMEA117480510,host_nonhuman,organism,mouse gut metagenome
2026-10-09,PRJNA1064467,SAMN39433723,host_nonhuman,organism,mouse gut metagenome
2026-10-09,PRJEB40903,SAMEA12936989,other,organism,synthetic metagenome
2026-10-09,PRJEB81106,SAMEA117480407,host_nonhuman,organism,mouse gut metagenome
2026-10-09,PRJEB63360,SAMEA113907236,other,organism,soil metagenome
2026-10-09,PRJEB40903,SAMEA12935338,other,organism,synthetic metagenome
2026-10-09,PRJEB81106,SAMEA117480542,host_nonhuman,organism,mouse gut metagenome
2026-10-09,PRJEB40903,SAMEA12936586,other,organism,soil metagenome
2026-10-09,PRJEB81106,SAMEA117480261,host_nonhuman,organism,mouse gut metagenome
2026-10-09,PRJEB47383,SAMEA111265421,host_nonhuman,organism,Mus musculus
2026-10-09,PRJNA217052,SAMN02333974,other,organism,soil metagenome
2026-10-09,PRJNA942264,SAMN33681896,other,organism,soil metagenome
2026-10-09,PRJEB40903,SAMEA12936314,other,organism,freshwater metagenome
2026-10-09,PRJEB73590,SAMEA116103043,other,organism,wastewater metagenome
2026-10-09,PRJEB59119,SAMEA112356505,other,organism,wastewater metagenome
2026-10-09,PRJEB40903,SAMEA12936981,other,organism,synthetic metagenome
2026-10-09,PRJEB79367,SAMEA116103026,other,organism,wastewater metagenome
2026-10-09,PRJEB81106,SAMEA117480404,host_nonhuman,organism,mouse gut metagenome
2026-10-09,PRJEB81106,SAMEA117480334,host_nonhuman,organism,mouse gut metagenome
2026-10-09,PRJNA217052,SAMN02333987,other,organism,soil metagenome
2026-10-09,PRJEB81106,SAMEA117480525,host_nonhuman,organism,mouse gut metagenome
2026-10-09,PRJEB40903,SAMEA12937171,other,organism,freshwater metagenome
2026-10-09,PRJNA942264,SAMN33681910,other,organism,soil metagenome
2026-10-09,PRJEB40903,SAMEA7469347,other,organism,freshwater metagenome
2026-10-09,PRJNA1064467,SAMN39433751,host_nonhuman,organism,mouse gut metagenome
2026-10-09,PRJEB40903,SAMEA12935340,other,organism,synthetic metagenome
2026-10-09,PRJEB81106,SAMEA117480361,host_nonhuman,organism,mouse gut metagenome
2026-10-09,PRJNA1213876,SAMN46534863,host_nonhuman,organism,Gorilla beringei beringei
2026-10-09,PRJEB47383,SAMEA111265417,host_nonhuman,organism,Mus musculus
2026-10-09,PRJEB81106,SAMEA117480268,host_nonhuman,organism,mouse gut metagenome
2026-10-09,PRJNA918651,SAMN32601117,other,organism,synthetic metagenome
2026-10-09,PRJEB47383,SAMEA111265422,host_nonhuman,organism,Mus musculus
2026-10-09,PRJNA629464,SAMN14560192,host_nonhuman,organism,Mus musculus
2026-10-09,PRJEB73590,SAMEA116103037,other,organism,wastewater metagenome
2026-10-09,PRJEB40903,SAMEA12935378,other,organism,synthetic metagenome
2026-10-09,PRJEB40903,SAMEA12935935,other,organism,synthetic metagenome
2026-10-09,PRJEB81106,SAMEA117480549,host_nonhuman,organism,mouse gut metagenome
2026-10-09,PRJEB40903,SAMEA12936464,other,organism,synthetic metagenome
2026-10-09,PRJEB81106,SAMEA117480343,host_nonhuman,organism,mouse gut metagenome
2026-10-09,PRJNA942264,SAMN33681919,other,organism,soil metagenome
2026-10-09,PRJNA942264,SAMN33681922,other,organism,soil metagenome
2026-10-09,PRJEB81106,SAMEA117479711,host_nonhuman,organism,mouse gut metagenome
2026-10-09,PRJEB40903,SAMEA12935941,other,organism,synthetic metagenome
2026-10-09,PRJEB73590,SAMEA116103011,other,organism,wastewater metagenome
2026-10-09,PRJEB40903,SAMEA7469214,other,organism,soil metagenome
2026-10-09,PRJNA217052,SAMN02333935,other,organism,soil metagenome
2026-10-09,PRJNA629464,SAMN14560207,host_nonhuman,organism,Mus musculus
2026-10-09,PRJEB40903,SAMEA12935532,other,organism,soil metagenome
2026-10-09,PRJEB40903,SAMEA12935909,other,organism,synthetic metagenome
2026-10-09,PRJEB81106,SAMEA117480278,host_nonhuman,organism,mouse gut metagenome
2026-10-09,PRJEB81106,SAMEA117480562,host_nonhuman,organism,mouse gut metagenome
2026-10-09,PRJEB81106,SAMEA117479714,host_nonhuman,organism,mouse gut metagenome
2026-10-09,PRJEB73590,SAMEA116102902,host_nonhuman,organism,sheep gut metagenome
2026-10-09,PRJNA298489,SAMN04168690,other,organism,synthetic metagenome
2026-10-09,PRJEB40903,SAMEA12935349,other,organism,synthetic metagenome
2026-10-09,PRJEB47383,SAMEA111265510,host_nonhuman,organism,Mus musculus
2026-10-09,PRJEB81106,SAMEA117480540,host_nonhuman,organism,mouse gut metagenome
2026-10-09,PRJNA629464,SAMN14560204,host_nonhuman,organism,Mus musculus
2026-10-09,PRJEB40903,SAMEA12936094,other,organism,soil metagenome
2026-10-09,PRJNA942264,SAMN33681856,other,organism,soil metagenome
2026-10-09,PRJEB81106,SAMEA117480341,host_nonhuman,organism,mouse gut metagenome
2026-10-09,PRJEB81106,SAMEA117479712,host_nonhuman,organism,mouse gut metagenome
2026-10-09,PRJEB40903,SAMEA12935358,other,organism,synthetic metagenome
2026-10-09,PRJNA1245131,SAMN47741872,host_nonhuman,organism,Mus musculus
2026-10-09,PRJNA942264,SAMN33681854,other,organism,soil metagenome
2026-10-09,PRJEB81106,SAMEA117480441,host_nonhuman,organism,mouse gut metagenome
2026-10-09,PRJNA380276,SAMN08533507,other,organism,marine sediment metagenome
2026-10-09,PRJEB73590,SAMEA116102935,host_nonhuman,organism,bird metagenome
2026-10-09,PRJEB40903,SAMEA12936455,other,organism,synthetic metagenome
2026-10-09,PRJNA942264,SAMN33681876,other,organism,soil metagenome
2026-10-09,PRJNA1245131,SAMN47741878,host_nonhuman,organism,Mus musculus
2026-10-09,PRJEB40903,SAMEA12935936,other,organism,synthetic metagenome
2026-10-09,PRJEB40903,SAMEA12937213,other,organism,soil metagenome
2026-10-09,PRJNA1245131,SAMN47741875,host_nonhuman,organism,Mus musculus
2026-10-09,PRJEB81106,SAMEA117480547,host_nonhuman,organism,mouse gut metagenome
2026-10-09,PRJEB81106,SAMEA117480338,host_nonhuman,organism,mouse gut metagenome
2026-10-09,PRJNA942264,SAMN33681963,other,organism,soil metagenome
2026-10-09,PRJEB40903,SAMEA12935368,other,organism,synthetic metagenome
2026-10-09,PRJEB40903,SAMEA12935952,other,organism,synthetic metagenome
2026-10-09,PRJEB40903,SAMEA12935328,other,organism,synthetic metagenome
2026-10-09,PRJNA1245131,SAMN47741882,host_nonhuman,organism,Mus musculus
2026-10-09,PRJEB81106,SAMEA117480257,host_nonhuman,organism,mouse gut metagenome
2026-10-09,PRJEB40903,SAMEA12936965,other,organism,synthetic metagenome
2026-10-09,PRJEB40903,SAMEA12935350,other,organism,synthetic metagenome
2026-10-09,PRJEB73590,SAMEA116103049,other,organism,wastewater metagenome
2026-10-09,PRJEB40903,SAMEA12936307,other,organism,freshwater metagenome
2026-10-09,PRJNA1064467,SAMN39433729,host_nonhuman,organism,mouse gut metagenome
2026-10-09,PRJEB47383,SAMEA111265477,host_nonhuman,organism,Mus musculus
2026-10-09,PRJEB81106,SAMEA117480342,host_nonhuman,organism,mouse gut metagenome
2026-10-09,PRJNA942264,SAMN33681890,other,organism,soil metagenome
2026-10-09,PRJEB40903,SAMEA12937178,other,organism,freshwater metagenome
2026-10-09,PRJEB81106,SAMEA117480288,host_nonhuman,organism,mouse gut metagenome
2026-10-09,PRJEB103086,SAMEA120552885,host_nonhuman,organism,mouse gut metagenome
2026-10-09,PRJEB39631,SAMEA7099387,host_nonhuman,organism,mouse gut metagenome
2026-10-09,PRJEB39631,SAMEA7099361,host_nonhuman,organism,mouse gut metagenome
2026-10-09,PRJEB81106,SAMEA117480314,host_nonhuman,organism,mouse gut metagenome
2026-10-09,PRJNA1015663,SAMN37491132,other,organism,synthetic metagenome
2026-10-09,PRJNA942264,SAMN33681868,other,organism,soil metagenome
2026-10-09,PRJEB47383,SAMEA111265565,host_nonhuman,organism,Mus musculus
2026-10-09,PRJEB47383,SAMEA111265530,host_nonhuman,organism,Mus musculus
2026-10-09,PRJEB81106,SAMEA117480251,host_nonhuman,organism,mouse gut metagenome
2026-10-09,PRJEB40903,SAMEA12935312,other,organism,synthetic metagenome
2026-10-09,PRJEB40903,SAMEA12936092,other,organism,soil metagenome
2026-10-09,PRJNA942264,SAMN33681892,other,organism,soil metagenome
2026-10-09,PRJEB39631,SAMEA7099365,host_nonhuman,organism,mouse gut metagenome
2026-10-09,PRJEB73590,SAMEA116103007,other,organism,wastewater metagenome
2026-10-09,PRJEB79367,SAMEA116102995,host_nonhuman,organism,chicken gut metagenome
2026-10-09,PRJNA942264,SAMN33681944,other,organism,soil metagenome
2026-10-09,PRJNA217052,SAMN02334047,other,organism,soil metagenome
2026-10-09,PRJEB81106,SAMEA117480294,host_nonhuman,organism,mouse gut metagenome
2026-10-09,PRJEB40903,SAMEA12935522,other,organism,soil metagenome
2026-10-09,PRJNA1213876,SAMN46534865,host_nonhuman,organism,Gorilla beringei beringei
2026-10-09,PRJNA1064467,SAMN39433757,host_nonhuman,organism,mouse gut metagenome
2026-10-09,PRJNA918651,SAMN32601119,other,organism,synthetic metagenome
2026-10-09,PRJNA217052,SAMN02334015,other,organism,soil metagenome
2026-10-09,PRJNA942264,SAMN33681914,other,organism,soil metagenome
2026-10-09,PRJEB47383,SAMEA111265499,host_nonhuman,organism,Mus musculus
2026-10-09,PRJNA1015663,SAMN37491095,other,organism,synthetic metagenome
2026-10-09,PRJEB47383,SAMEA111265496,host_nonhuman,organism,Mus musculus
2026-10-09,PRJEB81106,SAMEA117480272,host_nonhuman,organism,mouse gut metagenome
2026-10-09,PRJNA1015663,SAMN37491100,other,organism,synthetic metagenome
2026-10-09,PRJEB40903,SAMEA7468514,other,organism,synthetic metagenome
2026-10-09,PRJEB40903,SAMEA12936465,other,organism,synthetic metagenome
2026-10-09,PRJNA942264,SAMN33681921,other,organism,soil metagenome
2026-10-09,PRJEB47383,SAMEA111265541,host_nonhuman,organism,Mus musculus
2026-10-09,PRJEB81106,SAMEA117480548,host_nonhuman,organism,mouse gut metagenome
2026-10-09,PRJNA942264,SAMN33681915,other,organism,soil metagenome
2026-10-09,PRJEB73590,SAMEA116103009,other,organism,wastewater metagenome
2026-10-09,PRJEB40903,SAMEA12935895,other,organism,synthetic metagenome
2026-10-09,PRJEB40903,SAMEA12935362,other,organism,synthetic metagenome
2026-10-09,PRJEB63360,SAMEA113907243,other,organism,soil metagenome
2026-10-09,PRJNA942264,SAMN33681950,other,organism,soil metagenome
2026-10-09,PRJEB40903,SAMEA7468969,other,organism,synthetic metagenome
2026-10-09,PRJNA1020637,SAMN37527183,other,organism,wastewater metagenome
2026-10-09,PRJEB40903,SAMEA7468508,other,organism,synthetic metagenome
2026-10-09,PRJEB40903,SAMEA12937617,other,organism,soil metagenome
2026-10-09,PRJEB47383,SAMEA111265501,host_nonhuman,organism,Mus musculus
2026-10-09,PRJEB40903,SAMEA12936559,other,organism,soil metagenome
2026-10-09,PRJEB81106,SAMEA117479723,host_nonhuman,organism,mouse gut metagenome
2026-10-09,PRJEB40903,SAMEA12935346,other,organism,synthetic metagenome
2026-10-09,PRJEB63360,SAMEA113907237,other,organism,soil metagenome
2026-10-09,PRJEB40903,SAMEA12936566,other,organism,soil metagenome
2026-10-09,PRJEB40903,SAMEA12936968,other,organism,synthetic metagenome
2026-10-09,PRJEB40903,SAMEA7468830,other,organism,soil metagenome
2026-10-09,PRJNA1015663,SAMN37491092,other,organism,synthetic metagenome
2026-10-09,PRJEB47383,SAMEA111265485,host_nonhuman,organism,Mus musculus
2026-10-09,PRJEB40903,SAMEA12935384,other,organism,synthetic metagenome
2026-10-09,PRJEB81106,SAMEA117480431,host_nonhuman,organism,mouse gut metagenome
2026-10-09,PRJEB40903,SAMEA12935945,other,organism,synthetic metagenome
2026-10-09,PRJEB81106,SAMEA117480512,host_nonhuman,organism,mouse gut metagenome
2026-10-09,PRJEB81106,SAMEA117480430,host_nonhuman,organism,mouse gut metagenome
2026-10-09,PRJEB40903,SAMEA12935526,other,organism,soil metagenome
2026-10-09,PRJEB40903,SAMEA12935336,other,organism,synthetic metagenome
2026-10-09,PRJEB40903,SAMEA12936459,other,organism,synthetic metagenome
2026-10-09,PRJEB79367,SAMEA116103041,other,organism,wastewater metagenome
2026-10-09,PRJEB47383,SAMEA111265435,host_nonhuman,organism,Mus musculus
2026-10-09,PRJEB81106,SAMEA117480377,host_nonhuman,organism,mouse gut metagenome
2026-10-09,PRJEB47383,SAMEA111265478,host_nonhuman,organism,Mus musculus
2026-10-09,PRJEB40903,SAMEA12935970,other,organism,synthetic metagenome
2026-10-09,PRJEB59119,SAMEA112356504,other,organism,wastewater metagenome
2026-10-09,PRJEB81106,SAMEA117480239,host_nonhuman,organism,mouse gut metagenome
2026-10-09,PRJNA942264,SAMN33681926,other,organism,soil metagenome
2026-10-09,PRJEB81106,SAMEA117480293,host_nonhuman,organism,mouse gut metagenome
2026-10-09,PRJEB47383,SAMEA111265454,host_nonhuman,organism,Mus musculus
2026-10-09,PRJEB40903,SAMEA7469341,other,organism,freshwater metagenome
2026-10-09,PRJEB39631,SAMEA7099379,host_nonhuman,organism,mouse gut metagenome
2026-10-09,PRJEB40903,SAMEA12935905,other,organism,synthetic metagenome
2026-10-09,PRJEB40903,SAMEA12936970,other,organism,synthetic metagenome
2026-10-09,PRJNA217052,SAMN02334009,other,organism,soil metagenome
2026-10-09,PRJEB81106,SAMEA117480552,host_nonhuman,organism,mouse gut metagenome
2026-10-09,PRJEB103086,SAMEA120552880,host_nonhuman,organism,mouse gut metagenome
2026-10-09,PRJEB40903,SAMEA12937181,other,organism,freshwater metagenome
2026-10-09,PRJEB81106,SAMEA117480347,host_nonhuman,organism,mouse gut metagenome
2026-10-09,PRJEB40903,SAMEA12936940,other,organism,synthetic metagenome
2026-10-09,PRJNA942264,SAMN33681900,other,organism,soil metagenome
2026-10-09,PRJNA942264,SAMN33681945,other,organism,soil metagenome
2026-10-09,PRJEB40903,SAMEA12935313,other,organism,synthetic metagenome
2026-10-09,PRJEB39960,SAMEA7233142,host_nonhuman,organism,mouse gut metagenome
2026-10-09,PRJEB81106,SAMEA117480497,host_nonhuman,organism,mouse gut metagenome
2026-10-09,PRJEB81106,SAMEA117480354,host_nonhuman,organism,mouse gut metagenome
2026-10-09,PRJEB40903,SAMEA12935379,other,organism,synthetic metagenome
2026-10-09,PRJNA745329,SAMN20163515,other,organism,synthetic metagenome
2026-10-09,PRJNA942264,SAMN33681899,other,organism,soil metagenome
2026-10-09,PRJEB103086,SAMEA120552892,host_nonhuman,organism,mouse gut metagenome
2026-10-09,PRJEB40903,SAMEA12935975,other,organism,synthetic metagenome
2026-10-09,PRJEB40903,SAMEA7469355,other,organism,freshwater metagenome
2026-10-09,PRJEB73590,SAMEA116102900,host_nonhuman,organism,bovine gut metagenome
2026-10-09,PRJEB103086,SAMEA120552878,host_nonhuman,organism,mouse gut metagenome
2026-10-09,PRJEB40903,SAMEA12935940,other,organism,synthetic metagenome
2026-10-09,PRJNA1064467,SAMN39433730,host_nonhuman,organism,mouse gut metagenome
2026-10-09,PRJEB103086,SAMEA120552895,host_nonhuman,organism,mouse gut metagenome
2026-10-09,PRJEB59119,SAMEA112356531,other,organism,wastewater metagenome
2026-10-09,PRJNA1245131,SAMN47741871,host_nonhuman,organism,Mus musculus
2026-10-09,PRJNA1245131,SAMN47741873,host_nonhuman,organism,Mus musculus
2026-10-09,PRJNA1089239,SAMN40533994,other,organism,soil metagenome
2026-10-09,PRJEB40903,SAMEA7469203,other,organism,soil metagenome
2026-10-09,PRJEB81106,SAMEA117480425,host_nonhuman,organism,mouse gut metagenome
2026-10-09,PRJEB40903,SAMEA12936453,other,organism,synthetic metagenome
2026-10-09,PRJEB47383,SAMEA111265472,host_nonhuman,organism,Mus musculus
2026-10-09,PRJEB81106,SAMEA117480279,host_nonhuman,organism,mouse gut metagenome
2026-10-09,PRJEB40903,SAMEA12935742,other,organism,freshwater metagenome
2026-10-09,PRJNA942264,SAMN33681956,other,organism,soil metagenome
2026-10-09,PRJEB81106,SAMEA117480269,host_nonhuman,organism,mouse gut metagenome
2026-10-09,PRJEB40903,SAMEA7469344,other,organism,freshwater metagenome
2026-10-09,PRJEB39960,SAMEA7233227,host_nonhuman,organism,mouse gut metagenome
2026-10-09,PRJEB40903,SAMEA12935348,other,organism,synthetic metagenome
2026-10-09,PRJEB40903,SAMEA12935894,other,organism,synthetic metagenome
2026-10-09,PRJEB40903,SAMEA12936948,other,organism,synthetic metagenome
2026-10-09,PRJEB40903,SAMEA12936457,other,organism,synthetic metagenome
2026-10-09,PRJNA942264,SAMN33681893,other,organism,soil metagenome
2026-10-09,PRJEB40903,SAMEA12936462,other,organism,synthetic metagenome
2026-10-09,PRJEB39631,SAMEA7099363,host_nonhuman,organism,mouse gut metagenome
2026-10-09,PRJEB40903,SAMEA12936978,other,organism,synthetic metagenome
2026-10-09,PRJEB81106,SAMEA117480478,host_nonhuman,organism,mouse gut metagenome
2026-10-09,PRJNA942264,SAMN33681898,other,organism,soil metagenome
2026-10-09,PRJEB40903,SAMEA12935934,other,organism,synthetic metagenome
2026-10-09,PRJEB40903,SAMEA12935535,other,organism,soil metagenome
2026-10-09,PRJEB40903,SAMEA12936099,other,organism,soil metagenome
2026-10-09,PRJEB81106,SAMEA117480259,host_nonhuman,organism,mouse gut metagenome
2026-10-09,PRJEB40903,SAMEA12936112,other,organism,soil metagenome
2026-10-09,PRJNA942264,SAMN33681923,other,organism,soil metagenome
2026-10-09,PRJEB40903,SAMEA12935911,other,organism,synthetic metagenome
2026-10-09,PRJEB81106,SAMEA117480320,host_nonhuman,organism,mouse gut metagenome
2026-10-09,PRJEB35362,SAMEA6415054,other,organism,soil metagenome
2026-10-09,PRJEB81106,SAMEA117480330,host_nonhuman,organism,mouse gut metagenome
2026-10-09,PRJNA942264,SAMN33681894,other,organism,soil metagenome
2026-10-09,PRJEB81106,SAMEA117480242,host_nonhuman,organism,mouse gut metagenome
2026-10-09,PRJNA1015663,SAMN37491110,other,organism,synthetic metagenome
2026-10-09,PRJEB81106,SAMEA117480521,host_nonhuman,organism,mouse gut metagenome
2026-10-09,PRJEB47383,SAMEA111265556,host_nonhuman,organism,Mus musculus
2026-10-09,PRJNA942264,SAMN33681928,other,organism,soil metagenome
2026-10-09,PRJEB40903,SAMEA12936996,other,organism,synthetic metagenome
2026-10-09,PRJEB33440,SAMEA5766973,host_nonhuman,organism,Sus scrofa
2026-10-09,PRJEB62783,SAMEA113567620,host_nonhuman,organism,mouse gut metagenome
2026-10-09,PRJEB40903,SAMEA12935953,other,organism,synthetic metagenome
2026-10-09,PRJEB40903,SAMEA12935937,other,organism,synthetic metagenome
2026-10-09,PRJEB40903,SAMEA7468975,other,organism,synthetic metagenome
2026-10-09,PRJEB74343,SAMEA117590637,other,organism,synthetic metagenome
2026-10-09,PRJEB47383,SAMEA111265516,host_nonhuman,organism,Mus musculus
2026-10-09,PRJNA942264,SAMN33681885,other,organism,soil metagenome
2026-10-09,PRJEB62783,SAMEA113567608,host_nonhuman,organism,mouse gut metagenome
2026-10-09,PRJEB73590,SAMEA116103044,other,organism,wastewater metagenome
2026-10-09,PRJEB40903,SAMEA12936318,other,organism,freshwater metagenome
2026-10-09,PRJEB40903,SAMEA12935314,other,organism,synthetic metagenome
2026-10-09,PRJNA942264,SAMN33681929,other,organism,soil metagenome
2026-10-09,PRJEB40903,SAMEA12935928,other,organism,synthetic metagenome
2026-10-09,PRJEB40903,SAMEA12935361,other,organism,synthetic metagenome
2026-10-09,PRJEB40903,SAMEA12936466,other,organism,synthetic metagenome
2026-10-09,PRJEB47383,SAMEA111265444,host_nonhuman,organism,Mus musculus
2026-10-09,PRJNA942264,SAMN33681889,other,organism,soil metagenome
2026-10-09,PRJEB59119,SAMEA112356541,other,organism,wastewater metagenome
2026-10-09,PRJEB37062,SAMEA110463778,host_nonhuman,organism,mouse gut metagenome
2026-10-09,PRJEB40903,SAMEA12936958,other,organism,synthetic metagenome
2026-10-09,PRJEB40903,SAMEA12935324,other,organism,synthetic metagenome
2026-10-09,PRJEB81106,SAMEA117480406,host_nonhuman,organism,mouse gut metagenome
2026-10-09,PRJNA1245131,SAMN47741865,host_nonhuman,organism,Mus musculus
2026-10-09,PRJEB33440,SAMEA5766979,host_nonhuman,organism,Gallus gallus
2026-10-09,PRJNA942264,SAMN33681920,other,organism,soil metagenome
2026-10-09,PRJEB40903,SAMEA12937006,other,organism,synthetic metagenome
2026-10-09,PRJEB73590,SAMEA116102968,host_nonhuman,organism,bird metagenome
2026-10-09,PRJEB47383,SAMEA111265514,host_nonhuman,organism,Mus musculus
2026-10-09,PRJEB73590,SAMEA116103014,other,organism,wastewater metagenome
2026-10-09,PRJEB62783,SAMEA113567606,host_nonhuman,organism,mouse gut metagenome
2026-10-09,PRJNA942264,SAMN33681895,other,organism,soil metagenome
2026-10-09,PRJEB81106,SAMEA117480348,host_nonhuman,organism,mouse gut metagenome
2026-10-09,PRJEB62783,SAMEA113567618,host_nonhuman,organism,mouse gut metagenome
2026-10-09,PRJEB40903,SAMEA12935736,other,organism,freshwater metagenome
2026-10-09,PRJEB81106,SAMEA117480472,host_nonhuman,organism,mouse gut metagenome
2026-10-09,PRJEB81106,SAMEA117480353,host_nonhuman,organism,mouse gut metagenome
2026-10-09,PRJEB47383,SAMEA111265488,host_nonhuman,organism,Mus musculus
2026-10-09,PRJEB63360,SAMEA113907247,other,organism,soil metagenome
2026-10-09,PRJEB81106,SAMEA117480422,host_nonhuman,organism,mouse gut metagenome
2026-10-09,PRJEB40903,SAMEA12936938,other,organism,synthetic metagenome
2026-10-09,PRJEB40903,SAMEA7468831,other,organism,soil metagenome
2026-10-09,PRJEB81106,SAMEA117480355,host_nonhuman,organism,mouse gut metagenome
2026-10-09,PRJEB40903,SAMEA12936946,other,organism,synthetic metagenome
2026-10-09,PRJEB81106,SAMEA117480443,host_nonhuman,organism,mouse gut metagenome
2026-10-09,PRJEB40903,SAMEA12936461,other,organism,synthetic metagenome
2026-10-09,PRJEB40903,SAMEA12936481,other,organism,synthetic metagenome
2026-10-09,PRJEB47383,SAMEA111265559,host_nonhuman,organism,Mus musculus
2026-10-09,PRJNA942264,SAMN33681958,other,organism,soil metagenome
2026-10-09,PRJEB81106,SAMEA117480380,host_nonhuman,organism,mouse gut metagenome
2026-10-09,PRJEB40903,SAMEA12935392,other,organism,synthetic metagenome
2026-10-09,PRJNA1089239,SAMN40533982,other,organism,soil metagenome
2026-10-09,PRJEB73590,SAMEA116103015,other,organism,wastewater metagenome
2026-10-09,PRJEB81106,SAMEA117480447,host_nonhuman,organism,mouse gut metagenome
2026-10-09,PRJEB39631,SAMEA7099377,host_nonhuman,organism,mouse gut metagenome
2026-10-09,PRJEB40903,SAMEA12935728,other,organism,freshwater metagenome
2026-10-09,PRJNA1015663,SAMN37491124,other,organism,synthetic metagenome
2026-10-09,PRJEB47383,SAMEA111265425,host_nonhuman,organism,Mus musculus
2026-10-09,PRJEB81106,SAMEA117480346,host_nonhuman,organism,mouse gut metagenome
2026-10-09,PRJNA650228,SAMN15699795,other,organism,synthetic metagenome
2026-10-09,PRJEB103086,SAMEA120552884,host_nonhuman,organism,mouse gut metagenome
2026-10-09,PRJEB81106,SAMEA117480529,host_nonhuman,organism,mouse gut metagenome
2026-10-09,PRJNA217052,SAMN02333932,other,organism,soil metagenome
2026-10-09,PRJEB81106,SAMEA117480492,host_nonhuman,organism,mouse gut metagenome
2026-10-09,PRJEB103086,SAMEA120552879,host_nonhuman,organism,mouse gut metagenome
2026-10-09,PRJNA540073,SAMN11523129,other,organism,synthetic metagenome
2026-10-09,PRJNA1015663,SAMN37491131,other,organism,synthetic metagenome
2026-10-09,PRJEB40903,SAMEA12936484,other,organism,synthetic metagenome
2026-10-09,PRJEB40903,SAMEA12935884,other,organism,synthetic metagenome
2026-10-09,PRJEB81106,SAMEA117479710,host_nonhuman,organism,mouse gut metagenome
2026-10-09,PRJEB103086,SAMEA120552881,host_nonhuman,organism,mouse gut metagenome
2026-10-09,PRJEB47383,SAMEA111265553,host_nonhuman,organism,Mus musculus
2026-10-09,PRJEB47383,SAMEA111265465,host_nonhuman,organism,Mus musculus
2026-10-09,PRJNA942264,SAMN33681884,other,organism,soil metagenome
2026-10-09,PRJNA942264,SAMN33681912,other,organism,soil metagenome
2026-10-09,PRJEB47383,SAMEA111265532,host_nonhuman,organism,Mus musculus
2026-10-09,PRJEB73590,SAMEA116103051,other,organism,wastewater metagenome
2026-10-09,PRJEB40903,SAMEA12936306,other,organism,freshwater metagenome
2026-10-09,PRJEB81106,SAMEA117480417,host_nonhuman,organism,mouse gut metagenome
2026-10-09,PRJEB40903,SAMEA12937016,other,organism,synthetic metagenome
2026-10-09,PRJEB81106,SAMEA117480324,host_nonhuman,organism,mouse gut metagenome
2026-10-09,PRJEB40903,SAMEA12935931,other,organism,synthetic metagenome
2026-10-09,PRJEB40903,SAMEA12936934,other,organism,synthetic metagenome
2026-10-09,PRJEB40903,SAMEA12935528,other,organism,soil metagenome
2026-10-09,PRJEB40903,SAMEA7468513,other,organism,synthetic metagenome
2026-10-09,PRJEB81106,SAMEA117480450,host_nonhuman,organism,mouse gut metagenome
2026-10-09,PRJEB40903,SAMEA7469197,other,organism,soil metagenome
2026-10-09,PRJNA1064467,SAMN39433737,host_nonhuman,organism,mouse gut metagenome
2026-10-09,PRJEB40903,SAMEA12936557,other,organism,soil metagenome
2026-10-09,PRJEB39631,SAMEA7099370,host_nonhuman,organism,mouse gut metagenome
2026-10-09,PRJNA217052,SAMN02333990,other,organism,soil metagenome
2026-10-09,PRJEB81106,SAMEA117480247,host_nonhuman,organism,mouse gut metagenome
2026-10-09,PRJEB40903,SAMEA12936319,other,organism,freshwater metagenome
2026-10-09,PRJEB47383,SAMEA111265552,host_nonhuman,organism,Mus musculus
2026-10-09,PRJEB81106,SAMEA117480506,host_nonhuman,organism,mouse gut metagenome
2026-10-09,PRJEB73590,SAMEA116102955,host_nonhuman,organism,bovine gut metagenome
2026-10-09,PRJEB40903,SAMEA12937212,other,organism,soil metagenome
2026-10-09,PRJEB40903,SAMEA12935965,other,organism,synthetic metagenome
2026-10-09,PRJEB73590,SAMEA116103045,other,organism,wastewater metagenome
2026-10-09,PRJEB81106,SAMEA117480273,host_nonhuman,organism,mouse gut metagenome
2026-10-09,PRJEB40903,SAMEA12935735,other,organism,freshwater metagenome
2026-10-09,PRJEB39631,SAMEA7099368,host_nonhuman,organism,mouse gut metagenome
2026-10-09,PRJEB40903,SAMEA7468966,other,organism,synthetic metagenome
2026-10-09,PRJEB40903,SAMEA12936942,other,organism,synthetic metagenome
2026-10-09,PRJNA942264,SAMN33681960,other,organism,soil metagenome
2026-10-09,PRJEB81106,SAMEA117480356,host_nonhuman,organism,mouse gut metagenome
2026-10-09,PRJEB81106,SAMEA117480446,host_nonhuman,organism,mouse gut metagenome
2026-10-09,PRJEB47383,SAMEA111265539,host_nonhuman,organism,Mus musculus
2026-10-09,PRJEB103086,SAMEA120552890,host_nonhuman,organism,mouse gut metagenome
2026-10-09,PRJEB81106,SAMEA117480546,host_nonhuman,organism,mouse gut metagenome
2026-10-09,PRJEB81106,SAMEA117480282,host_nonhuman,organism,mouse gut metagenome
2026-10-09,PRJEB81106,SAMEA117480372,host_nonhuman,organism,mouse gut metagenome
2026-10-09,PRJEB81106,SAMEA117480368,host_nonhuman,organism,mouse gut metagenome
2026-10-09,PRJEB81106,SAMEA117480545,host_nonhuman,organism,mouse gut metagenome
2026-10-09,PRJEB73590,SAMEA116102905,host_nonhuman,organism,sheep gut metagenome
2026-10-09,PRJEB81106,SAMEA117480502,host_nonhuman,organism,mouse gut metagenome
2026-10-09,PRJEB40903,SAMEA12935915,other,organism,synthetic metagenome
2026-10-09,PRJNA942264,SAMN33681955,other,organism,soil metagenome
2026-10-09,PRJNA1015663,SAMN37491098,other,organism,synthetic metagenome
2026-10-09,PRJNA629464,SAMN14560205,host_nonhuman,organism,Mus musculus
2026-10-09,PRJEB73590,SAMEA116102939,host_nonhuman,organism,chicken gut metagenome
2026-10-09,PRJEB40903,SAMEA12937180,other,organism,freshwater metagenome
2026-10-09,PRJEB39631,SAMEA7099366,host_nonhuman,organism,mouse gut metagenome
2026-10-09,PRJNA1064467,SAMN39433750,host_nonhuman,organism,mouse gut metagenome
2026-10-09,PRJEB63360,SAMEA113907246,other,organism,soil metagenome
2026-10-09,PRJEB40903,SAMEA12936561,other,organism,soil metagenome
2026-10-09,PRJEB81106,SAMEA117480362,host_nonhuman,organism,mouse gut metagenome
2026-10-09,PRJEB40903,SAMEA12936108,other,organism,soil metagenome
2026-10-09,PRJNA942264,SAMN33681860,other,organism,soil metagenome
2026-10-09,PRJEB40903,SAMEA12935538,other,organism,soil metagenome
2026-10-09,PRJEB40903,SAMEA12935316,other,organism,synthetic metagenome
2026-10-09,PRJEB40903,SAMEA12935388,other,organism,synthetic metagenome
2026-10-09,PRJNA942264,SAMN33681850,other,organism,soil metagenome
2026-10-09,PRJEB81106,SAMEA117480520,host_nonhuman,organism,mouse gut metagenome
2026-10-09,PRJEB81106,SAMEA117480564,host_nonhuman,organism,mouse gut metagenome
2026-10-09,PRJEB40903,SAMEA12936582,other,organism,soil metagenome
2026-10-09,PRJEB108124,SAMEA121379500,other,organism,wastewater metagenome
2026-10-09,PRJEB39631,SAMEA7099374,host_nonhuman,organism,mouse gut metagenome
2026-10-09,PRJEB81106,SAMEA117480479,host_nonhuman,organism,mouse gut metagenome
2026-10-09,PRJEB35362,SAMEA6415052,other,organism,soil metagenome
2026-10-09,PRJEB73590,SAMEA116103036,other,organism,wastewater metagenome
2026-10-09,PRJEB40903,SAMEA12935901,other,organism,synthetic metagenome
2026-10-09,PRJEB81106,SAMEA117480384,host_nonhuman,organism,mouse gut metagenome
2026-10-09,PRJEB81106,SAMEA117480543,host_nonhuman,organism,mouse gut metagenome
2026-10-09,PRJEB40903,SAMEA12935325,other,organism,synthetic metagenome
2026-10-09,PRJEB40903,SAMEA12936998,other,organism,synthetic metagenome
2026-10-09,PRJEB40903,SAMEA12935891,other,organism,synthetic metagenome
2026-10-09,PRJEB40903,SAMEA12935394,other,organism,synthetic metagenome
2026-10-09,PRJEB40903,SAMEA12936096,other,organism,soil metagenome
2026-10-09,PRJEB40903,SAMEA7468979,other,organism,synthetic metagenome
2026-10-09,PRJEB40903,SAMEA12936576,other,organism,soil metagenome
2026-10-09,PRJEB59119,SAMEA112356516,other,organism,wastewater metagenome
2026-10-09,PRJEB40903,SAMEA12935330,other,organism,synthetic metagenome
2026-10-09,PRJEB47383,SAMEA111265522,host_nonhuman,organism,Mus musculus
2026-10-09,PRJEB47383,SAMEA111265434,host_nonhuman,organism,Mus musculus
2026-10-09,PRJNA942264,SAMN33681905,other,organism,soil metagenome
2026-10-09,PRJEB81106,SAMEA117480307,host_nonhuman,organism,mouse gut metagenome
2026-10-09,PRJEB81106,SAMEA117480434,host_nonhuman,organism,mouse gut metagenome
2026-10-09,PRJEB40903,SAMEA12935383,other,organism,synthetic metagenome
2026-10-09,PRJEB59119,SAMEA112356512,other,organism,wastewater metagenome
2026-10-09,PRJNA942264,SAMN33681875,other,organism,soil metagenome
2026-10-09,PRJEB40903,SAMEA12936309,other,organism,freshwater metagenome
2026-10-09,PRJEB40903,SAMEA12936113,other,organism,soil metagenome
2026-10-09,PRJEB40903,SAMEA12937183,other,organism,freshwater metagenome
2026-10-09,PRJEB81106,SAMEA117480263,host_nonhuman,organism,mouse gut metagenome
2026-10-09,PRJEB47383,SAMEA111265549,host_nonhuman,organism,Mus musculus
2026-10-09,PRJEB40903,SAMEA12936102,other,organism,soil metagenome
2026-10-09,PRJEB40903,SAMEA12935353,other,organism,synthetic metagenome
2026-10-09,PRJEB40903,SAMEA12935892,other,organism,synthetic metagenome
2026-10-09,PRJEB81106,SAMEA117480336,host_nonhuman,organism,mouse gut metagenome
2026-10-09,PRJEB40903,SAMEA12936943,other,organism,synthetic metagenome
2026-10-09,PRJEB40903,SAMEA12935357,other,organism,synthetic metagenome
2026-10-09,PRJNA942264,SAMN33681913,other,organism,soil metagenome
2026-10-09,PRJEB81106,SAMEA117480470,host_nonhuman,organism,mouse gut metagenome
2026-10-09,PRJEB63360,SAMEA113907249,other,organism,soil metagenome
2026-10-09,PRJEB81106,SAMEA117480541,host_nonhuman,organism,mouse gut metagenome
2026-10-09,PRJNA1213876,SAMN46534872,host_nonhuman,organism,Gorilla beringei beringei
2026-10-09,PRJEB81106,SAMEA117480515,host_nonhuman,organism,mouse gut metagenome
2026-10-09,PRJEB81106,SAMEA117480349,host_nonhuman,organism,mouse gut metagenome
2026-10-09,PRJNA629464,SAMN14560198,host_nonhuman,organism,Mus musculus
2026-10-09,PRJEB40903,SAMEA12935537,other,organism,soil metagenome
2026-10-09,PRJEB40903,SAMEA12935363,other,organism,synthetic metagenome
2026-10-09,PRJEB39631,SAMEA7099381,host_nonhuman,organism,mouse gut metagenome
2026-10-09,PRJEB40903,SAMEA12935942,other,organism,synthetic metagenome
2026-10-09,PRJEB40903,SAMEA7468972,other,organism,synthetic metagenome
2026-10-09,PRJEB47383,SAMEA111265423,host_nonhuman,organism,Mus musculus
2026-10-09,PRJNA217052,SAMN02333949,other,organism,soil metagenome
2026-10-09,PRJNA942264,SAMN33681909,other,organism,soil metagenome
2026-10-09,PRJEB40903,SAMEA12935355,other,organism,synthetic metagenome
2026-10-09,PRJEB47383,SAMEA111265466,host_nonhuman,organism,Mus musculus
2026-10-09,PRJEB37062,SAMEA110463795,host_nonhuman,organism,pig gut metagenome
2026-10-09,PRJEB40903,SAMEA12937012,other,organism,synthetic metagenome
2026-10-09,PRJEB81106,SAMEA117480339,host_nonhuman,organism,mouse gut metagenome
2026-10-09,PRJNA1064467,SAMN39433714,host_nonhuman,organism,mouse gut metagenome
2026-10-09,PRJEB81106,SAMEA117480537,host_nonhuman,organism,mouse gut metagenome
2026-10-09,PRJEB81106,SAMEA117479715,host_nonhuman,organism,mouse gut metagenome
2026-10-09,PRJEB62783,SAMEA113567613,host_nonhuman,organism,mouse gut metagenome
2026-10-09,PRJEB40903,SAMEA7469352,other,organism,freshwater metagenome
2026-10-09,PRJEB40903,SAMEA12936095,other,organism,soil metagenome
2026-10-09,PRJNA1000750,SAMN36779498,other,organism,synthetic metagenome
2026-10-09,PRJEB40903,SAMEA7468511,other,organism,synthetic metagenome
2026-10-09,PRJEB40903,SAMEA12936589,other,organism,soil metagenome
2026-10-09,PRJNA942264,SAMN33681936,other,organism,soil metagenome
2026-10-09,PRJEB40903,SAMEA12936304,other,organism,freshwater metagenome
2026-10-09,PRJEB81106,SAMEA117480477,host_nonhuman,organism,mouse gut metagenome
2026-10-09,PRJNA298489,SAMN06342805,other,organism,synthetic metagenome
2026-10-09,PRJEB40903,SAMEA12935744,other,organism,freshwater metagenome
2026-10-09,PRJEB40903,SAMEA12935916,other,organism,synthetic metagenome
2026-10-09,PRJEB35362,SAMEA6415049,other,organism,soil metagenome
2026-10-09,PRJNA1245131,SAMN47741877,host_nonhuman,organism,Mus musculus
2026-10-09,PRJEB79367,SAMEA116103017,other,organism,wastewater metagenome
2026-10-09,PRJEB73590,SAMEA116102931,host_nonhuman,organism,bird metagenome
2026-10-09,PRJEB103086,SAMEA120552888,host_nonhuman,organism,mouse gut metagenome
2026-10-09,PRJNA1089239,SAMN40533988,other,organism,soil metagenome
2026-10-09,PRJEB40903,SAMEA12935391,other,organism,synthetic metagenome
2026-10-09,PRJEB81106,SAMEA117480427,host_nonhuman,organism,mouse gut metagenome
2026-10-09,PRJEB40903,SAMEA12935401,other,organism,synthetic metagenome
2026-10-09,PRJEB63360,SAMEA113907239,other,organism,soil metagenome
2026-10-09,PRJEB40903,SAMEA7469210,other,organism,soil metagenome
2026-10-09,PRJEB73590,SAMEA116102920,host_nonhuman,organism,bovine gut metagenome
2026-10-09,PRJEB81106,SAMEA117480457,host_nonhuman,organism,mouse gut metagenome
2026-10-09,PRJEB40903,SAMEA12936471,other,organism,synthetic metagenome
2026-10-09,PRJEB81106,SAMEA117480383,host_nonhuman,organism,mouse gut metagenome
2026-10-09,PRJEB47383,SAMEA111265536,host_nonhuman,organism,Mus musculus
2026-10-09,PRJEB40903,SAMEA12935963,other,organism,synthetic metagenome
2026-10-09,PRJEB40903,SAMEA7468974,other,organism,synthetic metagenome
2026-10-09,PRJEB40903,SAMEA12936931,other,organism,synthetic metagenome
2026-10-09,PRJEB40903,SAMEA7469354,other,organism,freshwater metagenome
2026-10-09,PRJEB81106,SAMEA117480535,host_nonhuman,organism,mouse gut metagenome
2026-10-09,PRJEB81106,SAMEA117480533,host_nonhuman,organism,mouse gut metagenome
2026-10-09,PRJEB59119,SAMEA112356510,other,organism,wastewater metagenome
2026-10-09,PRJEB47383,SAMEA111265563,host_nonhuman,organism,Mus musculus
2026-10-09,PRJEB81106,SAMEA117480538,host_nonhuman,organism,mouse gut metagenome
2026-10-09,PRJNA1015663,SAMN37491111,other,organism,synthetic metagenome
2026-10-09,PRJEB47383,SAMEA111265427,host_nonhuman,organism,Mus musculus
2026-10-09,PRJEB40903,SAMEA12937185,other,organism,freshwater metagenome
2026-10-09,PRJEB79367,SAMEA116103023,other,organism,wastewater metagenome
2026-10-09,PRJEB81106,SAMEA117480528,host_nonhuman,organism,mouse gut metagenome
2026-10-09,PRJNA629464,SAMN14560193,host_nonhuman,organism,Mus musculus
2026-10-09,PRJEB81106,SAMEA117480507,host_nonhuman,organism,mouse gut metagenome
2026-10-09,PRJNA942264,SAMN33681933,other,organism,soil metagenome
2026-10-09,PRJEB81106,SAMEA117480487,host_nonhuman,organism,mouse gut metagenome
2026-10-09,PRJEB81106,SAMEA117480390,host_nonhuman,organism,mouse gut metagenome
2026-10-09,PRJEB40903,SAMEA12935897,other,organism,synthetic metagenome
2026-10-09,PRJEB40903,SAMEA12935323,other,organism,synthetic metagenome
2026-10-09,PRJEB47383,SAMEA111265482,host_nonhuman,organism,Mus musculus
2026-10-09,PRJEB81106,SAMEA117480454,host_nonhuman,organism,mouse gut metagenome
2026-10-09,PRJEB40903,SAMEA12936937,other,organism,synthetic metagenome
2026-10-09,PRJEB73590,SAMEA116103021,other,organism,wastewater metagenome
2026-10-09,PRJEB47383,SAMEA111265526,host_nonhuman,organism,Mus musculus
2026-10-09,PRJEB40903,SAMEA7469348,other,organism,freshwater metagenome
2026-10-09,PRJEB40903,SAMEA12937010,other,organism,synthetic metagenome
2026-10-09,PRJEB79367,SAMEA116103027,other,organism,wastewater metagenome
2026-10-09,PRJEB40903,SAMEA12935372,other,organism,synthetic metagenome
2026-10-09,PRJEB81106,SAMEA117480415,host_nonhuman,organism,mouse gut metagenome
2026-10-09,PRJNA1064467,SAMN39433758,host_nonhuman,organism,mouse gut metagenome
2026-10-09,PRJEB81106,SAMEA117480283,host_nonhuman,organism,mouse gut metagenome
2026-10-09,PRJNA1213876,SAMN46534864,host_nonhuman,organism,Gorilla beringei beringei
2026-10-09,PRJEB81106,SAMEA117480496,host_nonhuman,organism,mouse gut metagenome
2026-10-09,PRJEB40903,SAMEA12935922,other,organism,synthetic metagenome
2026-10-09,PRJEB40903,SAMEA12936583,other,organism,soil metagenome
2026-10-09,PRJEB81106,SAMEA117480271,host_nonhuman,organism,mouse gut metagenome
2026-10-09,PRJEB40903,SAMEA12935404,other,organism,synthetic metagenome
2026-10-09,PRJEB81106,SAMEA117480376,host_nonhuman,organism,mouse gut metagenome
2026-10-09,PRJEB81106,SAMEA117480561,host_nonhuman,organism,mouse gut metagenome
2026-10-09,PRJEB81106,SAMEA117480304,host_nonhuman,organism,mouse gut metagenome
2026-10-09,PRJEB81106,SAMEA117480303,host_nonhuman,organism,mouse gut metagenome
2026-10-09,PRJNA629464,SAMN14560221,host_nonhuman,organism,Mus musculus
2026-10-09,PRJNA217052,SAMN02334046,other,organism,soil metagenome
2026-10-09,PRJEB33440,SAMEA5766974,host_nonhuman,organism,Sus scrofa
2026-10-09,PRJEB47383,SAMEA111265418,host_nonhuman,organism,Mus musculus
2026-10-09,PRJEB40903,SAMEA12935359,other,organism,synthetic metagenome
2026-10-09,PRJEB81106,SAMEA117480557,host_nonhuman,organism,mouse gut metagenome
2026-10-09,PRJEB47383,SAMEA111265438,host_nonhuman,organism,Mus musculus
2026-10-09,PRJEB81106,SAMEA117480418,host_nonhuman,organism,mouse gut metagenome
2026-10-09,PRJNA1089239,SAMN40533990,other,organism,soil metagenome
2026-10-09,PRJEB37062,SAMEA110463793,host_nonhuman,organism,mouse gut metagenome
2026-10-09,PRJEB81106,SAMEA117480570,host_nonhuman,organism,mouse gut metagenome
2026-10-09,PRJEB47383,SAMEA111265528,host_nonhuman,organism,Mus musculus
2026-10-09,PRJEB81106,SAMEA117480440,host_nonhuman,organism,mouse gut metagenome
2026-10-09,PRJEB40903,SAMEA12936987,other,organism,synthetic metagenome
2026-10-09,PRJEB47383,SAMEA111265433,host_nonhuman,organism,Mus musculus
2026-10-09,PRJEB81106,SAMEA117480262,host_nonhuman,organism,mouse gut metagenome
2026-10-09,PRJEB47383,SAMEA111265520,host_nonhuman,organism,Mus musculus
2026-10-09,PRJNA217052,SAMN02334014,other,organism,soil metagenome
2026-10-09,PRJEB81106,SAMEA117480501,host_nonhuman,organism,mouse gut metagenome
2026-10-09,PRJNA629464,SAMN14560206,host_nonhuman,organism,Mus musculus
2026-10-09,PRJEB81106,SAMEA117480455,host_nonhuman,organism,mouse gut metagenome
2026-10-09,PRJNA942264,SAMN33681873,other,organism,soil metagenome
2026-10-09,PRJEB79367,SAMEA116103016,other,organism,wastewater metagenome
2026-10-09,PRJEB39631,SAMEA7099362,host_nonhuman,organism,mouse gut metagenome
2026-10-09,PRJEB40903,SAMEA7468967,other,organism,synthetic metagenome
2026-10-09,PRJEB40903,SAMEA12937169,other,organism,freshwater metagenome
2026-10-09,PRJEB40903,SAMEA7468978,other,organism,synthetic metagenome
2026-10-09,PRJEB81106,SAMEA117480400,host_nonhuman,organism,mouse gut metagenome
2026-10-09,PRJEB81106,SAMEA117480395,host_nonhuman,organism,mouse gut metagenome
2026-10-09,PRJEB40903,SAMEA12935888,other,organism,synthetic metagenome
2026-10-09,PRJNA1089239,SAMN40533981,other,organism,soil metagenome
2026-10-09,PRJEB81106,SAMEA117480332,host_nonhuman,organism,mouse gut metagenome
2026-10-09,PRJEB40903,SAMEA12935370,other,organism,synthetic metagenome
2026-10-09,PRJEB40903,SAMEA12936313,other,organism,freshwater metagenome
2026-10-09,PRJEB40903,SAMEA12935951,other,organism,synthetic metagenome
2026-10-09,PRJEB40903,SAMEA12935910,other,organism,synthetic metagenome
2026-10-09,PRJEB81106,SAMEA117480413,host_nonhuman,organism,mouse gut metagenome
2026-10-09,PRJEB81106,SAMEA117480373,host_nonhuman,organism,mouse gut metagenome
2026-10-09,PRJEB81106,SAMEA117480571,host_nonhuman,organism,mouse gut metagenome
2026-10-09,PRJEB40903,SAMEA12935315,other,organism,synthetic metagenome
2026-10-09,PRJEB40903,SAMEA12935533,other,organism,soil metagenome
2026-10-09,PRJEB40903,SAMEA12935367,other,organism,synthetic metagenome
2026-10-09,PRJEB81106,SAMEA117480449,host_nonhuman,organism,mouse gut metagenome
2026-10-09,PRJEB47383,SAMEA111265464,host_nonhuman,organism,Mus musculus
2026-10-09,PRJEB81106,SAMEA117480565,host_nonhuman,organism,mouse gut metagenome
2026-10-09,PRJEB40903,SAMEA12936572,other,organism,soil metagenome
2026-10-09,PRJEB40903,SAMEA12936090,other,organism,soil metagenome
2026-10-09,PRJNA1015663,SAMN37491146,other,organism,synthetic metagenome
2026-10-09,PRJEB40903,SAMEA12935729,other,organism,freshwater metagenome
2026-10-09,PRJEB40903,SAMEA12935907,other,organism,synthetic metagenome
2026-10-09,PRJEB81106,SAMEA117480476,host_nonhuman,organism,mouse gut metagenome
2026-10-09,PRJEB73590,SAMEA116103028,other,organism,wastewater metagenome
2026-10-09,PRJEB40903,SAMEA12935318,other,organism,synthetic metagenome
2026-10-09,PRJNA1089239,SAMN40533997,other,organism,soil metagenome
2026-10-09,PRJNA942264,SAMN33681865,other,organism,soil metagenome
2026-10-09,PRJEB39631,SAMEA7099367,host_nonhuman,organism,mouse gut metagenome
2026-10-09,PRJEB40903,SAMEA12936317,other,organism,freshwater metagenome
2026-10-09,PRJEB81106,SAMEA117480439,host_nonhuman,organism,mouse gut metagenome
2026-10-09,PRJEB40903,SAMEA12937182,other,organism,freshwater metagenome
2026-10-09,PRJEB40903,SAMEA12936578,other,organism,soil metagenome
2026-10-09,PRJEB40903,SAMEA12935903,other,organism,synthetic metagenome
2026-10-09,PRJEB81106,SAMEA117479717,host_nonhuman,organism,mouse gut metagenome
2026-10-09,PRJEB47383,SAMEA111265443,host_nonhuman,organism,Mus musculus
2026-10-09,PRJNA942264,SAMN33681859,other,organism,soil metagenome
2026-10-09,PRJEB40903,SAMEA12935322,other,organism,synthetic metagenome
2026-10-09,PRJEB81106,SAMEA117480363,host_nonhuman,organism,mouse gut metagenome
2026-10-09,PRJEB40903,SAMEA12936941,other,organism,synthetic metagenome
2026-10-09,PRJNA217052,SAMN02334050,other,organism,soil metagenome
2026-10-09,PRJEB59119,SAMEA112356519,other,organism,wastewater metagenome
2026-10-09,PRJNA942264,SAMN33681932,other,organism,soil metagenome
2026-10-09,PRJEB40903,SAMEA12936479,other,organism,synthetic metagenome
2026-10-09,PRJEB81106,SAMEA117479713,host_nonhuman,organism,mouse gut metagenome
2026-10-09,PRJEB63360,SAMEA113907245,other,organism,soil metagenome
2026-10-09,PRJNA942264,SAMN33681937,other,organism,soil metagenome
2026-10-09,PRJEB40903,SAMEA12936956,other,organism,synthetic metagenome
2026-10-09,PRJEB62783,SAMEA113567622,host_nonhuman,organism,mouse gut metagenome
2026-10-09,PRJEB47383,SAMEA111265551,host_nonhuman,organism,Mus musculus
2026-10-09,PRJEB39631,SAMEA7099371,host_nonhuman,organism,mouse gut metagenome
2026-10-09,PRJNA849795,SAMN29135645,other,organism,synthetic metagenome
2026-10-09,PRJNA1064467,SAMN39433764,host_nonhuman,organism,mouse gut metagenome
2026-10-09,PRJEB62783,SAMEA113567617,host_nonhuman,organism,mouse gut metagenome
2026-10-09,PRJEB40903,SAMEA7468977,other,organism,synthetic metagenome
2026-10-09,PRJEB40903,SAMEA7468510,other,organism,synthetic metagenome
2026-10-09,PRJNA942264,SAMN33681952,other,organism,soil metagenome
2026-10-09,PRJEB40903,SAMEA12936976,other,organism,synthetic metagenome
2026-10-09,PRJEB47383,SAMEA111265470,host_nonhuman,organism,Mus musculus
2026-10-09,PRJNA1064467,SAMN39433715,host_nonhuman,organism,mouse gut metagenome
2026-10-09,PRJEB81106,SAMEA117480486,host_nonhuman,organism,mouse gut metagenome
2026-10-09,PRJEB103086,SAMEA120552894,host_nonhuman,organism,mouse gut metagenome
2026-10-09,PRJNA540073,SAMN11523131,other,organism,synthetic metagenome
2026-10-09,PRJNA918651,SAMN32601225,other,organism,synthetic metagenome
2026-10-09,PRJNA942264,SAMN33681925,other,organism,soil metagenome
2026-10-09,PRJEB81106,SAMEA117479722,host_nonhuman,organism,mouse gut metagenome
2026-10-09,PRJNA1020637,SAMN37527185,other,organism,wastewater metagenome
2026-10-09,PRJEB47383,SAMEA111265479,host_nonhuman,organism,Mus musculus
2026-10-09,PRJEB81106,SAMEA117480490,host_nonhuman,organism,mouse gut metagenome
2026-10-09,PRJEB40903,SAMEA12936927,other,organism,synthetic metagenome
2026-10-09,PRJEB81106,SAMEA117480481,host_nonhuman,organism,mouse gut metagenome
2026-10-09,PRJEB35362,SAMEA6415055,other,organism,soil metagenome
2026-10-09,PRJEB40903,SAMEA12935352,other,organism,synthetic metagenome
2026-10-09,PRJEB40903,SAMEA7469204,other,organism,soil metagenome
2026-10-09,PRJEB35362,SAMEA6415050,other,organism,soil metagenome
2026-10-09,PRJEB40903,SAMEA12935969,other,organism,synthetic metagenome
2026-10-09,PRJEB40903,SAMEA12935902,other,organism,synthetic metagenome
2026-10-09,PRJEB47383,SAMEA111265461,host_nonhuman,organism,Mus musculus
2026-10-09,PRJEB37062,SAMEA110463789,host_nonhuman,organism,pig gut metagenome
2026-10-09,PRJEB47383,SAMEA111265462,host_nonhuman,organism,Mus musculus
2026-10-09,PRJEB40903,SAMEA12936959,other,organism,synthetic metagenome
2026-10-09,PRJEB40903,SAMEA12936993,other,organism,synthetic metagenome
2026-10-09,PRJNA942264,SAMN33681911,other,organism,soil metagenome
2026-10-09,PRJNA217052,SAMN02334064,other,organism,soil metagenome
2026-10-09,PRJEB40903,SAMEA12935339,other,organism,synthetic metagenome
2026-10-09,PRJEB47383,SAMEA111265448,host_nonhuman,organism,Mus musculus
2026-10-09,PRJNA1064467,SAMN39433735,host_nonhuman,organism,mouse gut metagenome
2026-10-09,PRJNA942264,SAMN33681917,other,organism,soil metagenome
2026-10-09,PRJEB81106,SAMEA117480280,host_nonhuman,organism,mouse gut metagenome
2026-10-09,PRJEB81106,SAMEA117480364,host_nonhuman,organism,mouse gut metagenome
2026-10-09,PRJEB81106,SAMEA117480358,host_nonhuman,organism,mouse gut metagenome
2026-10-09,PRJEB81106,SAMEA117480556,host_nonhuman,organism,mouse gut metagenome
2026-10-09,PRJNA217052,SAMN02333933,other,organism,soil metagenome
2026-10-09,PRJEB47383,SAMEA111265490,host_nonhuman,organism,Mus musculus
2026-10-09,PRJNA629464,SAMN14560219,host_nonhuman,organism,Mus musculus
2026-10-09,PRJEB40903,SAMEA12935376,other,organism,synthetic metagenome
2026-10-09,PRJEB81106,SAMEA117480396,host_nonhuman,organism,mouse gut metagenome
2026-10-09,PRJEB81106,SAMEA117480393,host_nonhuman,organism,mouse gut metagenome
2026-10-09,PRJEB40903,SAMEA12935354,other,organism,synthetic metagenome
2026-10-09,PRJEB81106,SAMEA117480474,host_nonhuman,organism,mouse gut metagenome
2026-10-09,PRJEB40903,SAMEA12937014,other,organism,synthetic metagenome
2026-10-09,PRJEB37062,SAMEA110463801,host_nonhuman,organism,mouse gut metagenome
2026-10-09,PRJEB81106,SAMEA117480302,host_nonhuman,organism,mouse gut metagenome
2026-10-09,PRJEB40903,SAMEA12937013,other,organism,synthetic metagenome
2026-10-09,PRJNA629464,SAMN14560208,host_nonhuman,organism,Mus musculus
2026-10-09,PRJEB81106,SAMEA117480567,host_nonhuman,organism,mouse gut metagenome
2026-10-09,PRJEB40903,SAMEA7469357,other,organism,freshwater metagenome
2026-10-09,PRJEB40903,SAMEA12936922,other,organism,synthetic metagenome
2026-10-09,PRJEB47383,SAMEA111265451,host_nonhuman,organism,Mus musculus
2026-10-09,PRJEB40903,SAMEA12936972,other,organism,synthetic metagenome
2026-10-09,PRJEB47383,SAMEA111265483,host_nonhuman,organism,Mus musculus
2026-10-09,PRJEB40903,SAMEA7469206,other,organism,soil metagenome
2026-10-09,PRJEB47383,SAMEA111265439,host_nonhuman,organism,Mus musculus
2026-10-09,PRJEB79367,SAMEA116103029,other,organism,wastewater metagenome
2026-10-09,PRJEB59119,SAMEA112356537,other,organism,wastewater metagenome
2026-10-09,PRJEB81106,SAMEA117480284,host_nonhuman,organism,mouse gut metagenome
2026-10-09,PRJEB81106,SAMEA117480475,host_nonhuman,organism,mouse gut metagenome
2026-10-09,PRJEB81106,SAMEA117480484,host_nonhuman,organism,mouse gut metagenome
2026-10-09,PRJEB40903,SAMEA7469211,other,organism,soil metagenome
2026-10-09,PRJNA1213876,SAMN46534869,host_nonhuman,organism,Gorilla beringei beringei
2026-10-09,PRJNA540073,SAMN11523128,other,organism,synthetic metagenome
2026-10-09,PRJEB81106,SAMEA117480367,host_nonhuman,organism,mouse gut metagenome
2026-10-09,PRJEB39631,SAMEA7099369,host_nonhuman,organism,mouse gut metagenome
2026-10-09,PRJEB40903,SAMEA7469358,other,organism,freshwater metagenome
2026-10-09,PRJEB47383,SAMEA111265507,host_nonhuman,organism,Mus musculus
2026-10-09,PRJNA1015663,SAMN37491101,other,organism,synthetic metagenome
2026-10-09,PRJEB47383,SAMEA111265469,host_nonhuman,organism,Mus musculus
2026-10-09,PRJEB40903,SAMEA7468507,other,organism,synthetic metagenome
2026-10-09,PRJEB40903,SAMEA12936985,other,organism,synthetic metagenome
2026-10-09,PRJNA428537,SAMN08289401,host_nonhuman,organism,bovine metagenome
2026-10-09,PRJEB40903,SAMEA12935741,other,organism,freshwater metagenome
2026-10-09,PRJEB40903,SAMEA12936463,other,organism,synthetic metagenome
2026-10-09,PRJNA942264,SAMN33681887,other,organism,soil metagenome
2026-10-09,PRJEB81106,SAMEA117480312,host_nonhuman,organism,mouse gut metagenome
2026-10-09,PRJNA217052,SAMN02334011,other,organism,soil metagenome
2026-10-09,PRJEB103086,SAMEA120552886,host_nonhuman,organism,mouse gut metagenome
2026-10-09,PRJEB73590,SAMEA116102969,host_nonhuman,organism,bird metagenome
2026-10-09,PRJEB40903,SAMEA12935329,other,organism,synthetic metagenome
2026-10-09,PRJEB40903,SAMEA7469346,other,organism,freshwater metagenome
2026-10-09,PRJEB40903,SAMEA12936308,other,organism,freshwater metagenome
2026-10-09,PRJEB81106,SAMEA117480433,host_nonhuman,organism,mouse gut metagenome
2026-10-09,PRJNA1064467,SAMN39433716,host_nonhuman,organism,mouse gut metagenome
2026-10-09,PRJEB40903,SAMEA12936930,other,organism,synthetic metagenome
2026-10-09,PRJNA1020637,SAMN37527181,other,organism,wastewater metagenome
2026-10-09,PRJNA942264,SAMN33681947,other,organism,soil metagenome
2026-10-09,PRJEB40903,SAMEA12935930,other,organism,synthetic metagenome
2026-10-09,PRJEB40903,SAMEA12936588,other,organism,soil metagenome
2026-10-09,PRJEB40903,SAMEA12935530,other,organism,soil metagenome
2026-10-09,PRJEB40903,SAMEA12935962,other,organism,synthetic metagenome
2026-10-09,PRJNA1089239,SAMN40533989,other,organism,soil metagenome
2026-10-09,PRJEB81106,SAMEA117480359,host_nonhuman,organism,mouse gut metagenome
2026-10-09,PRJEB81106,SAMEA117480317,host_nonhuman,organism,mouse gut metagenome
2026-10-09,PRJEB81106,SAMEA117480297,host_nonhuman,organism,mouse gut metagenome
2026-10-09,PRJEB40903,SAMEA12936104,other,organism,soil metagenome
2026-10-09,PRJEB40903,SAMEA12935889,other,organism,synthetic metagenome
2026-10-09,PRJEB81106,SAMEA117480408,host_nonhuman,organism,mouse gut metagenome
2026-10-09,PRJEB39631,SAMEA7099380,host_nonhuman,organism,mouse gut metagenome
2026-10-09,PRJEB81106,SAMEA117480505,host_nonhuman,organism,mouse gut metagenome
2026-10-09,PRJNA629464,SAMN14560220,host_nonhuman,organism,Mus musculus
2026-10-09,PRJEB103086,SAMEA120552896,host_nonhuman,organism,mouse gut metagenome
2026-10-09,PRJEB37062,SAMEA110463800,host_nonhuman,organism,rat gut metagenome
2026-10-09,PRJNA918651,SAMN32601120,other,organism,synthetic metagenome
2026-10-09,PRJEB40903,SAMEA12935393,other,organism,synthetic metagenome
2026-10-09,PRJNA217052,SAMN02333954,other,organism,soil metagenome
2026-10-09,PRJEB40903,SAMEA12936945,other,organism,synthetic metagenome
2026-10-09,PRJNA1015663,SAMN37491093,other,organism,synthetic metagenome
2026-10-09,PRJEB81106,SAMEA117480460,host_nonhuman,organism,mouse gut metagenome
2026-10-09,PRJEB81106,SAMEA117480508,host_nonhuman,organism,mouse gut metagenome
2026-10-09,PRJEB81106,SAMEA117480442,host_nonhuman,organism,mouse gut metagenome
2026-10-09,PRJEB40903,SAMEA12935966,other,organism,synthetic metagenome
2026-10-09,PRJEB40903,SAMEA12936966,other,organism,synthetic metagenome
2026-10-09,PRJEB81106,SAMEA117480246,host_nonhuman,organism,mouse gut metagenome
2026-10-09,PRJNA217052,SAMN02334007,other,organism,soil metagenome
2026-10-09,PRJEB81106,SAMEA117480469,host_nonhuman,organism,mouse gut metagenome
2026-10-09,PRJEB81106,SAMEA117480394,host_nonhuman,organism,mouse gut metagenome
2026-10-09,PRJEB73590,SAMEA116103013,other,organism,wastewater metagenome
2026-10-09,PRJEB40903,SAMEA12936973,other,organism,synthetic metagenome
2026-10-09,PRJNA217052,SAMN02333934,other,organism,soil metagenome
2026-10-09,PRJEB40903,SAMEA7468512,other,organism,synthetic metagenome
2026-10-09,PRJEB40903,SAMEA12936474,other,organism,synthetic metagenome
2026-10-09,PRJNA942264,SAMN33681888,other,organism,soil metagenome
2026-10-09,PRJEB73590,SAMEA116102933,host_nonhuman,organism,bird metagenome
2026-10-09,PRJEB81106,SAMEA117480569,host_nonhuman,organism,mouse gut metagenome
2026-10-09,PRJEB81106,SAMEA117480409,host_nonhuman,organism,mouse gut metagenome
2026-10-09,PRJEB40903,SAMEA7468827,other,organism,soil metagenome
2026-10-09,PRJNA1015663,SAMN37491118,other,organism,synthetic metagenome
2026-10-09,PRJNA540073,SAMN11523132,other,organism,synthetic metagenome
2026-10-09,PRJEB37062,SAMEA110463779,host_nonhuman,organism,rat gut metagenome
2026-10-09,PRJEB40903,SAMEA12936961,other,organism,synthetic metagenome
2026-10-09,PRJNA217052,SAMN02334035,other,organism,soil metagenome
2026-10-09,PRJEB40903,SAMEA12935972,other,organism,synthetic metagenome
2026-10-09,PRJNA629464,SAMN14560184,host_nonhuman,organism,Mus musculus
2026-10-09,PRJEB79367,SAMEA116103003,host_nonhuman,organism,bovine gut metagenome
2026-10-09,PRJEB47383,SAMEA111265558,host_nonhuman,organism,Mus musculus
2026-10-09,PRJEB59119,SAMEA112356513,other,organism,wastewater metagenome
2026-10-09,PRJEB40903,SAMEA12936570,other,organism,soil metagenome
2026-10-09,PRJEB40903,SAMEA12935351,other,organism,synthetic metagenome
2026-10-09,PRJNA629464,SAMN14560179,host_nonhuman,organism,Mus musculus
2026-10-09,PRJEB37062,SAMEA110463786,host_nonhuman,organism,rat gut metagenome
2026-10-09,PRJEB62783,SAMEA113567611,host_nonhuman,organism,mouse gut metagenome
2026-10-09,PRJEB40903,SAMEA12935398,other,organism,synthetic metagenome
2026-10-09,PRJNA1245131,SAMN47741879,host_nonhuman,organism,Mus musculus
2026-10-09,PRJEB40903,SAMEA12935971,other,organism,synthetic metagenome
2026-10-09,PRJEB47383,SAMEA111265521,host_nonhuman,organism,Mus musculus
2026-10-09,PRJNA942264,SAMN33681935,other,organism,soil metagenome
2026-10-09,PRJEB40903,SAMEA7469349,other,organism,freshwater metagenome
2026-10-09,PRJEB40903,SAMEA12935525,other,organism,soil metagenome
2026-10-09,PRJEB40903,SAMEA12935919,other,organism,synthetic metagenome
2026-10-09,PRJNA942264,SAMN33681949,other,organism,soil metagenome
2026-10-09,PRJEB40903,SAMEA12936963,other,organism,synthetic metagenome
2026-10-09,PRJNA217052,SAMN02334010,other,organism,soil metagenome
2026-10-09,PRJEB81106,SAMEA117480560,host_nonhuman,organism,mouse gut metagenome
2026-10-09,PRJEB40903,SAMEA12935976,other,organism,synthetic metagenome
2026-10-09,PRJEB47383,SAMEA111265453,host_nonhuman,organism,Mus musculus
2026-10-09,PRJEB40903,SAMEA12936456,other,organism,synthetic metagenome
2026-10-09,PRJEB40903,SAMEA7469198,other,organism,soil metagenome
2026-10-09,PRJEB40903,SAMEA7468829,other,organism,soil metagenome
2026-10-09,PRJEB47383,SAMEA111265547,host_nonhuman,organism,Mus musculus
2026-10-09,PRJEB81106,SAMEA117480299,host_nonhuman,organism,mouse gut metagenome
2026-10-09,PRJEB70509,SAMEA114719315,other,organism,bioreactor metagenome
2026-10-09,PRJEB40903,SAMEA12935737,other,organism,freshwater metagenome
2026-10-09,PRJEB103086,SAMEA120552898,host_nonhuman,organism,mouse gut metagenome
2026-10-09,PRJEB81106,SAMEA117480309,host_nonhuman,organism,mouse gut metagenome
2026-10-09,PRJEB40903,SAMEA12936581,other,organism,soil metagenome
2026-10-09,PRJEB73590,SAMEA116103020,other,organism,wastewater metagenome
2026-10-09,PRJEB47383,SAMEA111265493,host_nonhuman,organism,Mus musculus
2026-10-09,PRJEB47383,SAMEA111265459,host_nonhuman,organism,Mus musculus
2026-10-09,PRJEB40903,SAMEA12936590,other,organism,soil metagenome
2026-10-09,PRJEB81106,SAMEA117480357,host_nonhuman,organism,mouse gut metagenome
2026-10-09,PRJEB40903,SAMEA12936977,other,organism,synthetic metagenome
2026-10-09,PRJEB73590,SAMEA116103034,other,organism,wastewater metagenome
2026-10-09,PRJEB81106,SAMEA117480531,host_nonhuman,organism,mouse gut metagenome
2026-10-09,PRJNA942264,SAMN33681861,other,organism,soil metagenome
2026-10-09,PRJEB40903,SAMEA12937175,other,organism,freshwater metagenome
2026-10-09,PRJEB40903,SAMEA12937165,other,organism,freshwater metagenome
2026-10-09,PRJEB40903,SAMEA12935908,other,organism,synthetic metagenome
2026-10-09,PRJEB37062,SAMEA110463783,host_nonhuman,organism,mouse gut metagenome
2026-10-09,PRJNA1064467,SAMN39433765,host_nonhuman,organism,mouse gut metagenome
2026-10-09,PRJEB40903,SAMEA12936467,other,organism,synthetic metagenome
2026-10-09,PRJEB40903,SAMEA12935932,other,organism,synthetic metagenome
2026-10-09,PRJEB81106,SAMEA117480308,host_nonhuman,organism,mouse gut metagenome
2026-10-09,PRJEB40903,SAMEA12935732,other,organism,freshwater metagenome
2026-10-09,PRJNA918651,SAMN32601224,other,organism,synthetic metagenome
2026-10-09,PRJEB81106,SAMEA117480340,host_nonhuman,organism,mouse gut metagenome
2026-10-09,PRJNA1089239,SAMN40533983,other,organism,soil metagenome
2026-10-09,PRJEB47383,SAMEA111265506,host_nonhuman,organism,Mus musculus
2026-10-09,PRJEB40903,SAMEA12935967,other,organism,synthetic metagenome
2026-10-09,PRJEB47383,SAMEA111265564,host_nonhuman,organism,Mus musculus
2026-10-09,PRJEB40903,SAMEA12936110,other,organism,soil metagenome
2026-10-09,PRJNA942264,SAMN33681951,other,organism,soil metagenome
2026-10-09,PRJEB47383,SAMEA111265429,host_nonhuman,organism,Mus musculus
2026-10-09,PRJEB79367,SAMEA116102998,host_nonhuman,organism,bovine gut metagenome
2026-10-09,PRJEB40903,SAMEA12936558,other,organism,soil metagenome
2026-10-09,PRJNA1015663,SAMN37491096,other,organism,synthetic metagenome
2026-10-09,PRJEB81106,SAMEA117480321,host_nonhuman,organism,mouse gut metagenome
2026-10-09,PRJEB47383,SAMEA111265456,host_nonhuman,organism,Mus musculus
2026-10-09,PRJEB81106,SAMEA117479721,host_nonhuman,organism,mouse gut metagenome
2026-10-09,PRJEB40903,SAMEA12936926,other,organism,synthetic metagenome
2026-10-09,PRJEB40903,SAMEA12936460,other,organism,synthetic metagenome
2026-10-09,PRJNA942264,SAMN33681942,other,organism,soil metagenome
2026-10-09,PRJEB40903,SAMEA7469345,other,organism,freshwater metagenome
2026-10-09,PRJEB79367,SAMEA116103038,other,organism,wastewater metagenome
2026-10-09,PRJEB108124,SAMEA121379499,other,organism,freshwater metagenome
2026-10-09,PRJEB81106,SAMEA117480524,host_nonhuman,organism,mouse gut metagenome
2026-10-09,PRJEB81106,SAMEA117480424,host_nonhuman,organism,mouse gut metagenome
2026-10-09,PRJNA629464,SAMN14560191,host_nonhuman,organism,Mus musculus
2026-10-09,PRJEB40903,SAMEA12935957,other,organism,synthetic metagenome
2026-10-09,PRJEB81106,SAMEA117480313,host_nonhuman,organism,mouse gut metagenome
2026-10-09,PRJNA942264,SAMN33681867,other,organism,soil metagenome
2026-10-09,PRJEB40903,SAMEA12936999,other,organism,synthetic metagenome
2026-10-09,PRJEB40903,SAMEA12936986,other,organism,synthetic metagenome
2026-10-09,PRJEB39631,SAMEA7099388,host_nonhuman,organism,mouse gut metagenome
2026-10-09,PRJEB81106,SAMEA117480426,host_nonhuman,organism,mouse gut metagenome
2026-10-09,PRJNA629464,SAMN14560181,host_nonhuman,organism,Mus musculus
2026-10-09,PRJNA1015663,SAMN37491145,other,organism,synthetic metagenome
2026-10-09,PRJNA942264,SAMN33681961,other,organism,soil metagenome
2026-10-09,PRJEB81106,SAMEA117480360,host_nonhuman,organism,mouse gut metagenome
2026-10-09,PRJEB39631,SAMEA7099372,host_nonhuman,organism,mouse gut metagenome
2026-10-09,PRJEB47383,SAMEA111265529,host_nonhuman,organism,Mus musculus
2026-10-09,PRJEB47383,SAMEA111265548,host_nonhuman,organism,Mus musculus
2026-10-09,PRJEB81106,SAMEA117480275,host_nonhuman,organism,mouse gut metagenome
2026-10-09,PRJNA942264,SAMN33681883,other,organism,soil metagenome
2026-10-09,PRJEB40903,SAMEA12936971,other,organism,synthetic metagenome
2026-10-09,PRJNA1245131,SAMN47741876,host_nonhuman,organism,Mus musculus
2026-10-09,PRJEB81106,SAMEA117480466,host_nonhuman,organism,mouse gut metagenome
2026-10-09,PRJEB37062,SAMEA110463788,host_nonhuman,organism,mouse gut metagenome
2026-10-09,PRJEB40903,SAMEA12935730,other,organism,freshwater metagenome
2026-10-09,PRJEB40903,SAMEA12936312,other,organism,freshwater metagenome
2026-10-09,PRJEB81106,SAMEA117480328,host_nonhuman,organism,mouse gut metagenome
2026-10-09,PRJEB81106,SAMEA117480258,host_nonhuman,organism,mouse gut metagenome
2026-10-09,PRJNA650228,SAMN18090720,other,organism,synthetic metagenome
2026-10-09,PRJEB63360,SAMEA113907250,other,organism,soil metagenome
2026-10-09,PRJNA1245131,SAMN47741880,host_nonhuman,organism,Mus musculus
2026-10-09,PRJNA1213876,SAMN46534870,host_nonhuman,organism,Gorilla beringei beringei
2026-10-09,PRJNA629464,SAMN14560186,host_nonhuman,organism,Mus musculus
2026-10-09,PRJEB40903,SAMEA12936988,other,organism,synthetic metagenome
2026-10-09,PRJEB40903,SAMEA12937161,other,organism,freshwater metagenome
2026-10-09,PRJNA942264,SAMN33681903,other,organism,soil metagenome
2026-10-09,PRJEB103086,SAMEA120552897,host_nonhuman,organism,mouse gut metagenome
2026-10-09,PRJEB62783,SAMEA113567614,host_nonhuman,organism,mouse gut metagenome
2026-10-09,PRJEB47383,SAMEA111265431,host_nonhuman,organism,Mus musculus
2026-10-09,PRJEB40903,SAMEA12935360,other,organism,synthetic metagenome
2026-10-09,PRJEB47383,SAMEA111265475,host_nonhuman,organism,Mus musculus
2026-10-09,PRJNA629464,SAMN14560201,host_nonhuman,organism,Mus musculus
2026-10-09,PRJEB73590,SAMEA116102938,host_nonhuman,organism,chicken gut metagenome
2026-10-09,PRJEB47383,SAMEA111265471,host_nonhuman,organism,Mus musculus
2026-10-09,PRJEB39631,SAMEA7099389,host_nonhuman,organism,mouse gut metagenome
2026-10-09,PRJEB40903,SAMEA12937170,other,organism,freshwater metagenome
2026-10-09,PRJEB81106,SAMEA117480405,host_nonhuman,organism,mouse gut metagenome
2026-10-09,PRJEB40903,SAMEA12936960,other,organism,synthetic metagenome
2026-10-09,PRJNA1064467,SAMN39433763,host_nonhuman,organism,mouse gut metagenome
2026-10-09,PRJNA1089239,SAMN40533995,other,organism,soil metagenome
2026-10-09,PRJEB47383,SAMEA111265460,host_nonhuman,organism,Mus musculus
2026-10-09,PRJEB74343,SAMEA115490948,other,organism,soil metagenome
2026-10-09,PRJEB40903,SAMEA12936458,other,organism,synthetic metagenome
2026-10-09,PRJEB40903,SAMEA12935386,other,organism,synthetic metagenome
2026-10-09,PRJEB40903,SAMEA12936939,other,organism,synthetic metagenome
2026-10-09,PRJNA629464,SAMN14560180,host_nonhuman,organism,Mus musculus
2026-10-09,PRJNA942264,SAMN33681948,other,organism,soil metagenome
2026-10-09,PRJEB40903,SAMEA12935958,other,organism,synthetic metagenome
2026-10-09,PRJEB47383,SAMEA111265489,host_nonhuman,organism,Mus musculus
2026-10-09,PRJEB81106,SAMEA117480437,host_nonhuman,organism,mouse gut metagenome
2026-10-09,PRJEB81106,SAMEA117480452,host_nonhuman,organism,mouse gut metagenome
2026-10-09,PRJEB81106,SAMEA117480322,host_nonhuman,organism,mouse gut metagenome
2026-10-09,PRJNA942264,SAMN33681851,other,organism,soil metagenome
2026-10-09,PRJEB81106,SAMEA117480517,host_nonhuman,organism,mouse gut metagenome
2026-10-09,PRJEB81106,SAMEA117480245,host_nonhuman,organism,mouse gut metagenome
2026-10-09,PRJEB81106,SAMEA117480553,host_nonhuman,organism,mouse gut metagenome
2026-10-09,PRJEB81106,SAMEA117480526,host_nonhuman,organism,mouse gut metagenome
2026-10-09,PRJEB81106,SAMEA117480412,host_nonhuman,organism,mouse gut metagenome
2026-10-09,PRJEB40903,SAMEA12935390,other,organism,synthetic metagenome
2026-10-09,PRJEB40903,SAMEA12937184,other,organism,freshwater metagenome
2026-10-09,PRJEB81106,SAMEA117480255,host_nonhuman,organism,mouse gut metagenome
2026-10-09,PRJEB63360,SAMEA113907242,other,organism,soil metagenome
2026-10-09,PRJEB40903,SAMEA12935518,other,organism,soil metagenome
2026-10-09,PRJEB74343,SAMEA117590638,other,organism,synthetic metagenome
2026-10-09,PRJNA942264,SAMN33681953,other,organism,soil metagenome
2026-10-09,PRJEB47383,SAMEA111265455,host_nonhuman,organism,Mus musculus
2026-10-09,PRJNA1015663,SAMN37491139,other,organism,synthetic metagenome
2026-10-09,PRJEB73590,SAMEA116102963,host_nonhuman,organism,chicken gut metagenome
2026-10-09,PRJEB40903,SAMEA12935403,other,organism,synthetic metagenome
2026-10-09,PRJEB39631,SAMEA7099385,host_nonhuman,organism,mouse gut metagenome
2026-10-09,PRJEB47383,SAMEA111265542,host_nonhuman,organism,Mus musculus
2026-10-09,PRJEB47383,SAMEA111265497,host_nonhuman,organism,Mus musculus
2026-10-09,PRJEB47383,SAMEA111265491,host_nonhuman,organism,Mus musculus
2026-10-09,PRJEB40903,SAMEA7469212,other,organism,soil metagenome
2026-10-09,PRJEB47383,SAMEA111265452,host_nonhuman,organism,Mus musculus
2026-10-09,PRJEB81106,SAMEA117480250,host_nonhuman,organism,mouse gut metagenome
2026-10-09,PRJEB81106,SAMEA117480453,host_nonhuman,organism,mouse gut metagenome
2026-10-09,PRJEB40903,SAMEA12935347,other,organism,synthetic metagenome
2026-10-09,PRJNA942264,SAMN33681882,other,organism,soil metagenome
2026-10-09,PRJEB81106,SAMEA117480445,host_nonhuman,organism,mouse gut metagenome
2026-10-09,PRJEB79367,SAMEA116102929,host_nonhuman,organism,bird metagenome
2026-10-09,PRJEB40903,SAMEA7468970,other,organism,synthetic metagenome
2026-10-09,PRJEB81106,SAMEA117480435,host_nonhuman,organism,mouse gut metagenome
2026-10-09,PRJEB40903,SAMEA12936310,other,organism,freshwater metagenome
2026-10-09,PRJNA217052,SAMN02334063,other,organism,soil metagenome
2026-10-09,PRJEB73590,SAMEA116103047,other,organism,wastewater metagenome
2026-10-09,PRJEB40903,SAMEA12936109,other,organism,soil metagenome
2026-10-09,PRJEB40903,SAMEA12935913,other,organism,synthetic metagenome
2026-10-09,PRJEB40903,SAMEA12936106,other,organism,soil metagenome
2026-10-09,PRJEB47383,SAMEA111265446,host_nonhuman,organism,Mus musculus
2026-10-09,PRJEB40903,SAMEA12935960,other,organism,synthetic metagenome
2026-10-09,PRJNA918651,SAMN32601113,other,organism,synthetic metagenome
2026-10-09,PRJEB40903,SAMEA12937005,other,organism,synthetic metagenome
2026-10-09,PRJNA1020637,SAMN37527180,other,organism,wastewater metagenome
2026-10-09,PRJEB40903,SAMEA12935521,other,organism,soil metagenome
2026-10-09,PRJEB47383,SAMEA111265494,host_nonhuman,organism,Mus musculus
2026-10-09,PRJEB40903,SAMEA12935375,other,organism,synthetic metagenome
2026-10-09,PRJNA1245131,SAMN47741867,host_nonhuman,organism,Mus musculus
2026-10-09,PRJNA1213876,SAMN46534867,host_nonhuman,organism,Gorilla beringei beringei
2026-10-09,PRJEB40903,SAMEA12935311,other,organism,synthetic metagenome
2026-10-09,PRJEB40903,SAMEA12936568,other,organism,soil metagenome
2026-10-09,PRJEB40903,SAMEA12936580,other,organism,soil metagenome
2026-10-09,PRJEB40903,SAMEA12936584,other,organism,soil metagenome
2026-10-09,PRJEB59119,SAMEA112356507,other,organism,wastewater metagenome
2026-10-09,PRJEB47383,SAMEA111265557,host_nonhuman,organism,Mus musculus
2026-10-09,PRJEB40903,SAMEA12935904,other,organism,synthetic metagenome
2026-10-09,PRJEB81106,SAMEA117480289,host_nonhuman,organism,mouse gut metagenome
2026-10-09,PRJEB40903,SAMEA12935381,other,organism,synthetic metagenome
2026-10-09,PRJEB40903,SAMEA12936975,other,organism,synthetic metagenome
2026-10-09,PRJEB81106,SAMEA117480323,host_nonhuman,organism,mouse gut metagenome
2026-10-09,PRJEB81106,SAMEA117480554,host_nonhuman,organism,mouse gut metagenome
2026-10-09,PRJNA1064467,SAMN39433722,host_nonhuman,organism,mouse gut metagenome
2026-10-09,PRJEB81106,SAMEA117480253,host_nonhuman,organism,mouse gut metagenome
2026-10-09,PRJEB40903,SAMEA7468971,other,organism,synthetic metagenome
2026-10-09,PRJNA217052,SAMN02334034,other,organism,soil metagenome
2026-10-09,PRJNA942264,SAMN33681957,other,organism,soil metagenome
2026-10-09,PRJEB40903,SAMEA12935920,other,organism,synthetic metagenome
2026-10-09,PRJEB40903,SAMEA12935335,other,organism,synthetic metagenome
2026-10-09,PRJNA918651,SAMN32601118,other,organism,synthetic metagenome
2026-10-09,PRJEB103086,SAMEA120552889,host_nonhuman,organism,mouse gut metagenome
2026-10-09,PRJEB47383,SAMEA111265527,host_nonhuman,organism,Mus musculus
2026-10-09,PRJEB40903,SAMEA12936962,other,organism,synthetic metagenome
2026-10-09,PRJEB40903,SAMEA12935333,other,organism,synthetic metagenome
2026-10-09,PRJEB81106,SAMEA117480555,host_nonhuman,organism,mouse gut metagenome
2026-10-09,PRJEB40903,SAMEA12935395,other,organism,synthetic metagenome
2026-10-09,PRJEB40903,SAMEA12935331,other,organism,synthetic metagenome
2026-10-09,PRJEB40903,SAMEA12935536,other,organism,soil metagenome
2026-10-09,PRJEB40903,SAMEA7468835,other,organism,soil metagenome
2026-10-09,PRJEB47383,SAMEA111265495,host_nonhuman,organism,Mus musculus
2026-10-09,PRJEB40903,SAMEA12935515,other,organism,soil metagenome
2026-10-09,PRJEB59119,SAMEA112356514,other,organism,wastewater metagenome
2026-10-09,PRJNA942264,SAMN33681863,other,organism,soil metagenome
2026-10-09,PRJNA1245131,SAMN47741868,host_nonhuman,organism,Mus musculus
2026-10-09,PRJEB40903,SAMEA12937174,other,organism,freshwater metagenome
2026-10-09,PRJEB81106,SAMEA117480503,host_nonhuman,organism,mouse gut metagenome
2026-10-09,PRJNA918651,SAMN32601116,other,organism,synthetic metagenome
2026-10-09,PRJEB81106,SAMEA117479718,host_nonhuman,organism,mouse gut metagenome
2026-10-09,PRJNA217052,SAMN02333931,other,organism,soil metagenome
2026-10-09,PRJEB47383,SAMEA111265538,host_nonhuman,organism,Mus musculus
2026-10-09,PRJNA540073,SAMN11523130,other,organism,synthetic metagenome
2026-10-09,PRJEB40903,SAMEA12935524,other,organism,soil metagenome
2026-10-09,PRJEB40903,SAMEA12936979,other,organism,synthetic metagenome
2026-10-09,PRJEB40903,SAMEA12936111,other,organism,soil metagenome
2026-10-09,PRJEB47383,SAMEA111265424,host_nonhuman,organism,Mus musculus
2026-10-09,PRJEB40903,SAMEA12935890,other,organism,synthetic metagenome
2026-10-09,PRJEB40903,SAMEA12935321,other,organism,synthetic metagenome
2026-10-09,PRJEB73590,SAMEA116102957,host_nonhuman,organism,bovine gut metagenome
2026-10-09,PRJEB40903,SAMEA12936105,other,organism,soil metagenome
2026-10-09,PRJEB47383,SAMEA111265554,host_nonhuman,organism,Mus musculus
2026-10-09,PRJEB40903,SAMEA12936097,other,organism,soil metagenome
2026-10-09,PRJNA629464,SAMN14560211,host_nonhuman,organism,Mus musculus
2026-10-09,PRJEB47383,SAMEA111265467,host_nonhuman,organism,Mus musculus
2026-10-09,PRJEB81106,SAMEA117480248,host_nonhuman,organism,mouse gut metagenome
2026-10-09,PRJEB40903,SAMEA12935740,other,organism,freshwater metagenome
2026-10-09,PRJNA942264,SAMN33681946,other,organism,soil metagenome
2026-10-09,PRJEB73590,SAMEA116103050,other,organism,wastewater metagenome
2026-10-09,PRJEB81106,SAMEA117480566,host_nonhuman,organism,mouse gut metagenome
2026-10-09,PRJEB81106,SAMEA117479719,host_nonhuman,organism,mouse gut metagenome
2026-10-09,PRJEB40903,SAMEA12935389,other,organism,synthetic metagenome
2026-10-09,PRJEB81106,SAMEA117480563,host_nonhuman,organism,mouse gut metagenome
2026-10-09,PRJEB40903,SAMEA12937008,other,organism,synthetic metagenome
2026-10-09,PRJEB40903,SAMEA12936951,other,organism,synthetic metagenome
2026-10-09,PRJEB81106,SAMEA117480290,host_nonhuman,organism,mouse gut metagenome
2026-10-09,PRJEB40903,SAMEA12936089,other,organism,soil metagenome
2026-10-09,PRJEB47383,SAMEA111265531,host_nonhuman,organism,Mus musculus
2026-10-09,PRJEB62783,SAMEA113567610,host_nonhuman,organism,mouse gut metagenome
2026-10-09,PRJEB40903,SAMEA12935514,other,organism,soil metagenome
2026-10-09,PRJEB40903,SAMEA12935342,other,organism,synthetic metagenome
2026-10-09,PRJEB81106,SAMEA117480305,host_nonhuman,organism,mouse gut metagenome
2026-10-09,PRJEB81106,SAMEA117480444,host_nonhuman,organism,mouse gut metagenome
2026-10-09,PRJEB47383,SAMEA111265502,host_nonhuman,organism,Mus musculus
2026-10-09,PRJNA1064467,SAMN39433736,host_nonhuman,organism,mouse gut metagenome
2026-10-09,PRJNA918651,SAMN32601115,other,organism,synthetic metagenome
2026-10-09,PRJEB47383,SAMEA111265428,host_nonhuman,organism,Mus musculus
2026-10-09,PRJEB81106,SAMEA117480365,host_nonhuman,organism,mouse gut metagenome
2026-10-09,PRJEB40903,SAMEA12936315,other,organism,freshwater metagenome
2026-10-09,PRJNA1064467,SAMN39433744,host_nonhuman,organism,mouse gut metagenome
2026-10-09,PRJEB40903,SAMEA12936952,other,organism,synthetic metagenome
2026-10-09,PRJEB40903,SAMEA12935727,other,organism,freshwater metagenome
2026-10-09,PRJEB40903,SAMEA12937173,other,organism,freshwater metagenome
2026-10-09,PRJEB40903,SAMEA12935332,other,organism,synthetic metagenome
2026-10-09,PRJEB39631,SAMEA7099393,host_nonhuman,organism,mouse gut metagenome
2026-10-09,PRJEB81106,SAMEA117480316,host_nonhuman,organism,mouse gut metagenome
2026-10-09,PRJEB62783,SAMEA113567612,host_nonhuman,organism,mouse gut metagenome
2026-10-09,PRJEB40903,SAMEA12936983,other,organism,synthetic metagenome
2026-10-09,PRJEB40903,SAMEA12935364,other,organism,synthetic metagenome
2026-10-09,PRJEB40903,SAMEA12936311,other,organism,freshwater metagenome
2026-10-09,PRJEB103086,SAMEA120552891,host_nonhuman,organism,mouse gut metagenome
2026-10-09,PRJEB39631,SAMEA7099392,host_nonhuman,organism,mouse gut metagenome
2026-10-09,PRJEB81106,SAMEA117480310,host_nonhuman,organism,mouse gut metagenome
2026-10-09,PRJEB47383,SAMEA111265509,host_nonhuman,organism,Mus musculus
2026-10-09,PRJEB81106,SAMEA117480318,host_nonhuman,organism,mouse gut metagenome
2026-10-09,PRJNA1015663,SAMN37491117,other,organism,synthetic metagenome
2026-10-09,PRJEB81106,SAMEA117480333,host_nonhuman,organism,mouse gut metagenome
2026-10-09,PRJNA1020637,SAMN37527182,other,organism,wastewater metagenome
2026-10-09,PRJEB40903,SAMEA12936980,other,organism,synthetic metagenome
2026-10-09,PRJNA1245131,SAMN47741863,host_nonhuman,organism,Mus musculus
2026-10-09,PRJEB40903,SAMEA12935977,other,organism,synthetic metagenome
2026-10-09,PRJEB40903,SAMEA12935380,other,organism,synthetic metagenome
2026-10-09,PRJEB40903,SAMEA12935396,other,organism,synthetic metagenome
2026-10-09,PRJEB40903,SAMEA12936921,other,organism,synthetic metagenome
2026-10-09,PRJEB81106,SAMEA117480335,host_nonhuman,organism,mouse gut metagenome
2026-10-09,PRJNA918651,SAMN32601114,other,organism,synthetic metagenome
2026-10-09,PRJEB40903,SAMEA12936974,other,organism,synthetic metagenome
2026-10-09,PRJEB79367,SAMEA116103032,other,organism,wastewater metagenome
2026-10-09,PRJEB81106,SAMEA117480381,host_nonhuman,organism,mouse gut metagenome
2026-10-09,PRJEB40903,SAMEA12936569,other,organism,soil metagenome
2026-10-09,PRJEB62783,SAMEA113567623,host_nonhuman,organism,mouse gut metagenome
2026-10-09,PRJEB81106,SAMEA117480523,host_nonhuman,organism,mouse gut metagenome
2026-10-09,PRJEB81106,SAMEA117480378,host_nonhuman,organism,mouse gut metagenome
2026-10-09,PRJEB40903,SAMEA12935900,other,organism,synthetic metagenome
2026-10-09,PRJEB73590,SAMEA116102937,host_nonhuman,organism,bird metagenome
2026-10-09,PRJEB63360,SAMEA113907252,other,organism,soil metagenome
2026-10-09,PRJEB40903,SAMEA12936320,other,organism,freshwater metagenome
2026-10-09,PRJEB39631,SAMEA7099382,host_nonhuman,organism,mouse gut metagenome
2026-10-09,PRJEB81106,SAMEA117480499,host_nonhuman,organism,mouse gut metagenome
2026-10-09,PRJEB81106,SAMEA117480456,host_nonhuman,organism,mouse gut metagenome
2026-10-09,PRJEB81106,SAMEA117480265,host_nonhuman,organism,mouse gut metagenome
2026-10-09,PRJNA217052,SAMN02333989,other,organism,soil metagenome
2026-10-09,PRJNA1213876,SAMN46534866,host_nonhuman,organism,Gorilla beringei beringei
2026-10-09,PRJEB40903,SAMEA12935319,other,organism,synthetic metagenome
2026-10-09,PRJEB81106,SAMEA117480344,host_nonhuman,organism,mouse gut metagenome
2026-10-09,PRJNA1015663,SAMN37491099,other,organism,synthetic metagenome
2026-10-09,PRJEB40903,SAMEA12936101,other,organism,soil metagenome
2026-10-09,PRJEB40903,SAMEA12936093,other,organism,soil metagenome
2026-10-09,PRJNA942264,SAMN33681855,other,organism,soil metagenome
2026-10-09,PRJEB40903,SAMEA12935734,other,organism,freshwater metagenome
2026-10-09,PRJEB47383,SAMEA111265503,host_nonhuman,organism,Mus musculus
2026-10-09,PRJEB54092,SAMEA110279486,other,organism,synthetic metagenome
2026-10-09,PRJEB81106,SAMEA117480397,host_nonhuman,organism,mouse gut metagenome
2026-10-09,PRJNA942264,SAMN33681943,other,organism,soil metagenome
2026-10-09,PRJEB40903,SAMEA12936483,other,organism,synthetic metagenome
2026-10-09,PRJEB81106,SAMEA117480530,host_nonhuman,organism,mouse gut metagenome
2026-10-09,PRJEB40903,SAMEA12936924,other,organism,synthetic metagenome
2026-10-09,PRJNA1064467,SAMN39433742,host_nonhuman,organism,mouse gut metagenome
2026-10-09,PRJEB47383,SAMEA111265505,host_nonhuman,organism,Mus musculus
2026-10-09,PRJEB40903,SAMEA12935343,other,organism,synthetic metagenome
2026-10-09,PRJEB40903,SAMEA12935954,other,organism,synthetic metagenome
2026-10-09,PRJEB81106,SAMEA117480266,host_nonhuman,organism,mouse gut metagenome
2026-10-09,PRJEB40903,SAMEA12937164,other,organism,freshwater metagenome
2026-10-09,PRJEB47383,SAMEA111265484,host_nonhuman,organism,Mus musculus
2026-10-09,PRJNA217052,SAMN02333930,other,organism,soil metagenome
2026-10-09,PRJEB40903,SAMEA12937163,other,organism,freshwater metagenome
2026-10-09,PRJEB47383,SAMEA111265463,host_nonhuman,organism,Mus musculus
2026-10-09,PRJEB81106,SAMEA117480568,host_nonhuman,organism,mouse gut metagenome
2026-10-09,PRJEB103086,SAMEA120552882,host_nonhuman,organism,mouse gut metagenome
2026-10-09,PRJEB40903,SAMEA12935918,other,organism,synthetic metagenome
2026-10-09,PRJNA942264,SAMN33681897,other,organism,soil metagenome
2026-10-09,PRJEB81106,SAMEA117480462,host_nonhuman,organism,mouse gut metagenome
2026-10-09,PRJEB81106,SAMEA117480551,host_nonhuman,organism,mouse gut metagenome
2026-10-09,PRJEB79367,SAMEA116103031,other,organism,wastewater metagenome
2026-10-09,PRJEB40903,SAMEA12936944,other,organism,synthetic metagenome
2026-10-09,PRJEB40903,SAMEA12936088,other,organism,soil metagenome
2026-10-09,PRJEB40903,SAMEA12936560,other,organism,soil metagenome
2026-10-09,PRJEB74343,SAMEA117590639,other,organism,synthetic metagenome
2026-10-09,PRJEB81106,SAMEA117480399,host_nonhuman,organism,mouse gut metagenome
2026-10-09,PRJEB81106,SAMEA117480572,host_nonhuman,organism,mouse gut metagenome
2026-10-09,PRJEB40903,SAMEA12937011,other,organism,synthetic metagenome
2026-10-09,PRJEB40903,SAMEA12935402,other,organism,synthetic metagenome
2026-10-09,PRJEB73590,SAMEA116103035,other,organism,wastewater metagenome
2026-10-09,PRJNA1089239,SAMN40533991,other,organism,soil metagenome
2026-10-09,PRJEB37062,SAMEA110463773,host_nonhuman,organism,mouse gut metagenome
2026-10-09,PRJEB81106,SAMEA117480473,host_nonhuman,organism,mouse gut metagenome
2026-10-09,PRJEB40903,SAMEA12936933,other,organism,synthetic metagenome
2026-10-09,PRJEB39631,SAMEA7099376,host_nonhuman,organism,mouse gut metagenome
2026-10-09,PRJEB40903,SAMEA12936928,other,organism,synthetic metagenome
2026-10-09,PRJNA942264,SAMN33681959,other,organism,soil metagenome
2026-10-09,PRJEB40903,SAMEA7468965,other,organism,synthetic metagenome
2026-10-09,PRJEB40903,SAMEA12936098,other,organism,soil metagenome
2026-10-09,PRJNA217052,SAMN02334012,other,organism,soil metagenome
2026-10-09,PRJEB40903,SAMEA12936562,other,organism,soil metagenome
2026-10-09,PRJEB39631,SAMEA7099391,host_nonhuman,organism,mouse gut metagenome
2026-10-09,PRJEB40903,SAMEA12935310,other,organism,synthetic metagenome
2026-10-09,PRJEB81106,SAMEA117480351,host_nonhuman,organism,mouse gut metagenome
2026-10-09,PRJEB81106,SAMEA117480522,host_nonhuman,organism,mouse gut metagenome
2026-10-09,PRJEB40903,SAMEA12935385,other,organism,synthetic metagenome
2026-10-09,PRJEB47383,SAMEA111265513,host_nonhuman,organism,Mus musculus
2026-10-09,PRJEB47383,SAMEA111265419,host_nonhuman,organism,Mus musculus
2026-10-09,PRJEB40903,SAMEA12937172,other,organism,freshwater metagenome
2026-10-09,PRJEB47383,SAMEA111265476,host_nonhuman,organism,Mus musculus
2026-10-09,PRJEB62783,SAMEA113567615,host_nonhuman,organism,mouse gut metagenome
2026-10-09,PRJEB81106,SAMEA117480329,host_nonhuman,organism,mouse gut metagenome
2026-10-09,PRJEB40903,SAMEA12935334,other,organism,synthetic metagenome
2026-10-09,PRJEB40903,SAMEA12935964,other,organism,synthetic metagenome
2026-10-09,PRJNA942264,SAMN33681939,other,organism,soil metagenome
2026-10-09,PRJEB40903,SAMEA7469205,other,organism,soil metagenome
2026-10-09,PRJEB81106,SAMEA117480276,host_nonhuman,organism,mouse gut metagenome
2026-10-09,PRJEB40903,SAMEA12935387,other,organism,synthetic metagenome
2026-10-09,PRJEB40903,SAMEA12935397,other,organism,synthetic metagenome
2026-10-09,PRJEB37062,SAMEA110463781,host_nonhuman,organism,pig gut metagenome
2026-10-09,PRJEB40903,SAMEA12935400,other,organism,synthetic metagenome
2026-10-09,PRJEB40903,SAMEA12935914,other,organism,synthetic metagenome
2026-10-09,PRJEB81106,SAMEA117480451,host_nonhuman,organism,mouse gut metagenome
2026-10-09,PRJEB59119,SAMEA112356503,other,organism,wastewater metagenome
2026-10-09,PRJEB81106,SAMEA117480401,host_nonhuman,organism,mouse gut metagenome
2026-10-09,PRJEB40903,SAMEA12935529,other,organism,soil metagenome
2026-10-09,PRJEB81106,SAMEA117480464,host_nonhuman,organism,mouse gut metagenome
2026-10-09,PRJEB81106,SAMEA117480416,host_nonhuman,organism,mouse gut metagenome
2026-10-09,PRJEB81106,SAMEA117480369,host_nonhuman,organism,mouse gut metagenome
2026-10-09,PRJEB62783,SAMEA113567616,host_nonhuman,organism,mouse gut metagenome
2026-10-09,PRJEB40903,SAMEA7468833,other,organism,soil metagenome
2026-10-09,PRJEB81106,SAMEA117480527,host_nonhuman,organism,mouse gut metagenome
2026-10-09,PRJEB40903,SAMEA12935731,other,organism,freshwater metagenome
2026-10-09,PRJNA217052,SAMN02334032,other,organism,soil metagenome
2026-10-09,PRJNA942264,SAMN33681880,other,organism,soil metagenome
2026-10-09,PRJEB40903,SAMEA12936575,other,organism,soil metagenome
2026-10-09,PRJEB40903,SAMEA12937167,other,organism,freshwater metagenome
2026-10-09,PRJEB47383,SAMEA111265546,host_nonhuman,organism,Mus musculus
2026-10-09,PRJEB47383,SAMEA111265534,host_nonhuman,organism,Mus musculus
2026-10-09,PRJEB40903,SAMEA7469350,other,organism,freshwater metagenome
2026-10-09,PRJEB81106,SAMEA117480241,host_nonhuman,organism,mouse gut metagenome
2026-10-09,PRJEB81106,SAMEA117480386,host_nonhuman,organism,mouse gut metagenome
2026-10-09,PRJEB81106,SAMEA117480411,host_nonhuman,organism,mouse gut metagenome
2026-10-09,PRJEB40903,SAMEA7469342,other,organism,freshwater metagenome
2026-10-09,PRJEB40903,SAMEA12936454,other,organism,synthetic metagenome
2026-10-09,PRJEB81106,SAMEA117480448,host_nonhuman,organism,mouse gut metagenome
2026-10-09,PRJEB73590,SAMEA116103048,other,organism,wastewater metagenome
2026-10-09,PRJEB47383,SAMEA111265560,host_nonhuman,organism,Mus musculus
2026-10-09,PRJNA1015663,SAMN37491138,other,organism,synthetic metagenome
2026-10-09,PRJEB47383,SAMEA111265545,host_nonhuman,organism,Mus musculus
2026-10-09,PRJEB81106,SAMEA117480371,host_nonhuman,organism,mouse gut metagenome
2026-10-09,PRJEB81106,SAMEA117480534,host_nonhuman,organism,mouse gut metagenome
2026-10-09,PRJNA1089239,SAMN40533984,other,organism,soil metagenome
2026-10-09,PRJNA217052,SAMN02333991,other,organism,soil metagenome
2026-10-09,PRJEB81106,SAMEA117480319,host_nonhuman,organism,mouse gut metagenome
2026-10-09,PRJEB81106,SAMEA117480491,host_nonhuman,organism,mouse gut metagenome
2026-10-09,PRJEB40903,SAMEA12935733,other,organism,freshwater metagenome
2026-10-09,PRJNA849795,SAMN29135646,other,organism,synthetic metagenome
2026-10-09,PRJEB79367,SAMEA116103018,other,organism,wastewater metagenome
2026-10-09,PRJEB40903,SAMEA12936991,other,organism,synthetic metagenome
2026-10-09,PRJEB40903,SAMEA12936087,other,organism,soil metagenome
2026-10-09,PRJEB81106,SAMEA117480559,host_nonhuman,organism,mouse gut metagenome
2026-10-09,PRJEB40903,SAMEA12936932,other,organism,synthetic metagenome
2026-10-09,PRJEB40903,SAMEA12935906,other,organism,synthetic metagenome
2026-10-09,PRJEB74343,SAMEA115490947,other,organism,synthetic metagenome
2026-10-09,PRJNA1245131,SAMN47741864,host_nonhuman,organism,Mus musculus
2026-10-09,PRJEB40903,SAMEA12935921,other,organism,synthetic metagenome
2026-10-09,PRJEB39631,SAMEA7099375,host_nonhuman,organism,mouse gut metagenome
2026-10-09,PRJEB40903,SAMEA12935534,other,organism,soil metagenome
2026-10-09,PRJEB81106,SAMEA117480366,host_nonhuman,organism,mouse gut metagenome
2026-10-09,PRJEB73590,SAMEA116102958,host_nonhuman,organism,bovine gut metagenome
2026-10-09,PRJEB40903,SAMEA12936476,other,organism,synthetic metagenome
2026-10-09,PRJEB47383,SAMEA111265457,host_nonhuman,organism,Mus musculus
2026-10-09,PRJNA1245131,SAMN47741874,host_nonhuman,organism,Mus musculus
2026-10-09,PRJNA1089239,SAMN40533987,other,organism,soil metagenome
2026-10-09,PRJEB81106,SAMEA117480267,host_nonhuman,organism,mouse gut metagenome
2026-10-09,PRJEB79367,SAMEA116103030,other,organism,wastewater metagenome
2026-10-09,PRJEB73590,SAMEA116103012,other,organism,wastewater metagenome
2026-10-09,PRJNA650228,SAMN15699798,other,organism,synthetic metagenome
2026-10-09,PRJEB81106,SAMEA117480277,host_nonhuman,organism,mouse gut metagenome
2026-10-09,PRJEB40903,SAMEA12937007,other,organism,synthetic metagenome
2026-10-09,PRJNA1064467,SAMN39433728,host_nonhuman,organism,mouse gut metagenome
2026-10-09,PRJEB40903,SAMEA12935927,other,organism,synthetic metagenome
2026-10-09,PRJEB81106,SAMEA117480544,host_nonhuman,organism,mouse gut metagenome
2026-10-09,PRJNA942264,SAMN33681864,other,organism,soil metagenome
2026-10-09,PRJEB40903,SAMEA12935925,other,organism,synthetic metagenome
2026-10-09,PRJNA942264,SAMN33681902,other,organism,soil metagenome
2026-10-09,PRJEB40903,SAMEA7469351,other,organism,freshwater metagenome
2026-10-09,PRJNA629464,SAMN14560200,host_nonhuman,organism,Mus musculus
2026-10-09,PRJEB81106,SAMEA117480511,host_nonhuman,organism,mouse gut metagenome
2026-10-09,PRJEB103086,SAMEA120552887,host_nonhuman,organism,mouse gut metagenome
2026-10-09,PRJEB81106,SAMEA117480375,host_nonhuman,organism,mouse gut metagenome
2026-10-09,PRJEB40903,SAMEA7468832,other,organism,soil metagenome
2026-10-09,PRJEB40903,SAMEA12935356,other,organism,synthetic metagenome
2026-10-09,PRJEB81106,SAMEA117480292,host_nonhuman,organism,mouse gut metagenome
2026-10-09,PRJEB40903,SAMEA12935959,other,organism,synthetic metagenome
2026-10-09,PRJEB81106,SAMEA117480558,host_nonhuman,organism,mouse gut metagenome
2026-10-09,PRJEB81106,SAMEA117480461,host_nonhuman,organism,mouse gut metagenome
2026-10-09,PRJEB81106,SAMEA117480465,host_nonhuman,organism,mouse gut metagenome
2026-10-09,PRJEB40903,SAMEA12936925,other,organism,synthetic metagenome
2026-10-09,PRJEB40903,SAMEA12935917,other,organism,synthetic metagenome
2026-10-09,PRJNA918651,SAMN32601112,other,organism,synthetic metagenome
2026-10-09,PRJEB40903,SAMEA7468968,other,organism,synthetic metagenome
2026-10-09,PRJEB81106,SAMEA117480370,host_nonhuman,organism,mouse gut metagenome
2026-10-09,PRJEB81106,SAMEA117480495,host_nonhuman,organism,mouse gut metagenome
2026-10-09,PRJEB81106,SAMEA117480264,host_nonhuman,organism,mouse gut metagenome
2026-10-09,PRJEB81106,SAMEA117480519,host_nonhuman,organism,mouse gut metagenome
2026-10-09,PRJEB81106,SAMEA117480410,host_nonhuman,organism,mouse gut metagenome
2026-10-09,PRJEB73590,SAMEA116102912,host_nonhuman,organism,chicken gut metagenome
2026-10-09,PRJEB47383,SAMEA111265533,host_nonhuman,organism,Mus musculus
2026-10-09,PRJEB40903,SAMEA7469209,other,organism,soil metagenome
2026-10-09,PRJEB73590,SAMEA116102930,host_nonhuman,organism,chicken gut metagenome
2026-10-09,PRJEB40903,SAMEA12936107,other,organism,soil metagenome
2026-10-09,PRJNA1433968,SAMN56384961,host_nonhuman,sample_name_scientific_name,mouse gut metagenome
2026-10-09,PRJNA1433968,SAMN56384965,host_nonhuman,sample_name_scientific_name,mouse gut metagenome
2026-10-09,PRJNA1433968,SAMN56384967,host_nonhuman,sample_name_scientific_name,mouse gut metagenome
2026-10-09,PRJNA1433968,SAMN56390452,host_nonhuman,sample_name_scientific_name,mouse gut metagenome
2026-10-09,PRJNA1433968,SAMN56390455,host_nonhuman,sample_name_scientific_name,mouse gut metagenome
2026-10-09,PRJNA1433968,SAMN56394661,host_nonhuman,sample_name_scientific_name,mouse gut metagenome
2026-10-09,PRJNA1433968,SAMN56394668,host_nonhuman,sample_name_scientific_name,mouse gut metagenome
2026-10-09,PRJNA1433968,SAMN56418447,host_nonhuman,sample_name_scientific_name,mouse gut metagenome
2026-10-09,PRJNA1433968,SAMN56418449,host_nonhuman,sample_name_scientific_name,mouse gut metagenome
2026-10-09,PRJNA1433968,SAMN56418450,host_nonhuman,sample_name_scientific_name,mouse gut metagenome
2026-10-09,PRJNA1433968,SAMN56418455,host_nonhuman,sample_name_scientific_name,mouse gut metagenome
2026-10-09,PRJNA1455662,SAMN57371600,other,sample_name_scientific_name,synthetic metagenome
2026-10-09,PRJNA1455662,SAMN57371601,other,sample_name_scientific_name,synthetic metagenome
2026-10-09,PRJNA1457641,SAMN57467826,other,sample_name_scientific_name,freshwater metagenome
2026-10-09,PRJNA1457641,SAMN57467830,other,sample_name_scientific_name,freshwater metagenome
2026-10-09,PRJNA1457641,SAMN57467832,other,sample_name_scientific_name,freshwater metagenome
2026-10-09,PRJNA1457641,SAMN57467843,other,sample_name_scientific_name,freshwater metagenome
2026-10-09,PRJNA1457641,SAMN57467848,other,sample_name_scientific_name,freshwater metagenome
2026-10-09,PRJNA1457641,SAMN57467849,other,sample_name_scientific_name,freshwater metagenome
2026-10-09,PRJNA1457641,SAMN57467851,other,sample_name_scientific_name,freshwater metagenome
2026-10-09,PRJNA1457641,SAMN57468053,other,sample_name_scientific_name,soil metagenome
2026-10-09,PRJNA1457641,SAMN57468054,other,sample_name_scientific_name,soil metagenome
2026-10-09,PRJNA1457641,SAMN57468055,other,sample_name_scientific_name,soil metagenome
2026-10-09,PRJNA1457641,SAMN57468062,other,sample_name_scientific_name,soil metagenome
2026-10-09,PRJNA1457641,SAMN57468064,other,sample_name_scientific_name,soil metagenome
2026-10-09,PRJNA1457641,SAMN57468065,other,sample_name_scientific_name,soil metagenome
2026-10-09,PRJNA1457641,SAMN57468066,other,sample_name_scientific_name,soil metagenome
2026-10-09,PRJNA1457641,SAMN57468069,other,sample_name_scientific_name,soil metagenome
2026-10-09,PRJNA1457641,SAMN57468072,other,sample_name_scientific_name,soil metagenome
2026-10-09,PRJNA1457641,SAMN57468077,other,sample_name_scientific_name,soil metagenome
2026-10-09,PRJNA1457641,SAMN57468079,other,sample_name_scientific_name,soil metagenome
2026-10-09,PRJNA1457641,SAMN57468081,other,sample_name_scientific_name,soil metagenome
2026-10-09,PRJNA1457641,SAMN57468083,other,sample_name_scientific_name,soil metagenome
2026-10-09,PRJNA1457641,SAMN57468086,other,sample_name_scientific_name,soil metagenome
2026-10-09,PRJNA1457641,SAMN57468090,other,sample_name_scientific_name,soil metagenome
2026-10-09,PRJNA1457641,SAMN57468097,other,sample_name_scientific_name,soil metagenome
2026-10-09,PRJNA1457641,SAMN57468098,other,sample_name_scientific_name,soil metagenome
2026-10-09,PRJNA1457641,SAMN57468103,other,sample_name_scientific_name,soil metagenome
2026-10-09,PRJNA1433968,SAMN56384962,host_nonhuman,sample_name_scientific_name,mouse gut metagenome
2026-10-09,PRJNA1433968,SAMN56384966,host_nonhuman,sample_name_scientific_name,mouse gut metagenome
2026-10-09,PRJNA1433968,SAMN56390451,host_nonhuman,sample_name_scientific_name,mouse gut metagenome
2026-10-09,PRJNA1433968,SAMN56390457,host_nonhuman,sample_name_scientific_name,mouse gut metagenome
2026-10-09,PRJNA1433968,SAMN56394663,host_nonhuman,sample_name_scientific_name,mouse gut metagenome
2026-10-09,PRJNA1433968,SAMN56394667,host_nonhuman,sample_name_scientific_name,mouse gut metagenome
2026-10-09,PRJNA1433968,SAMN56418446,host_nonhuman,sample_name_scientific_name,mouse gut metagenome
2026-10-09,PRJNA1433968,SAMN56418452,host_nonhuman,sample_name_scientific_name,mouse gut metagenome
2026-10-09,PRJNA1457641,SAMN57467815,other,sample_name_scientific_name,freshwater metagenome
2026-10-09,PRJNA1457641,SAMN57467816,other,sample_name_scientific_name,freshwater metagenome
2026-10-09,PRJNA1457641,SAMN57467817,other,sample_name_scientific_name,freshwater metagenome
2026-10-09,PRJNA1457641,SAMN57467820,other,sample_name_scientific_name,freshwater metagenome
2026-10-09,PRJNA1457641,SAMN57467822,other,sample_name_scientific_name,freshwater metagenome
2026-10-09,PRJNA1457641,SAMN57467825,other,sample_name_scientific_name,freshwater metagenome
2026-10-09,PRJNA1457641,SAMN57467831,other,sample_name_scientific_name,freshwater metagenome
2026-10-09,PRJNA1457641,SAMN57467833,other,sample_name_scientific_name,freshwater metagenome
2026-10-09,PRJNA1457641,SAMN57467834,other,sample_name_scientific_name,freshwater metagenome
2026-10-09,PRJNA1457641,SAMN57467837,other,sample_name_scientific_name,freshwater metagenome
2026-10-09,PRJNA1457641,SAMN57467838,other,sample_name_scientific_name,freshwater metagenome
2026-10-09,PRJNA1457641,SAMN57467841,other,sample_name_scientific_name,freshwater metagenome
2026-10-09,PRJNA1457641,SAMN57467847,other,sample_name_scientific_name,freshwater metagenome
2026-10-09,PRJNA1457641,SAMN57467853,other,sample_name_scientific_name,freshwater metagenome
2026-10-09,PRJNA1457641,SAMN57467854,other,sample_name_scientific_name,freshwater metagenome
2026-10-09,PRJNA1457641,SAMN57468052,other,sample_name_scientific_name,soil metagenome
2026-10-09,PRJNA1457641,SAMN57468056,other,sample_name_scientific_name,soil metagenome
2026-10-09,PRJNA1457641,SAMN57468058,other,sample_name_scientific_name,soil metagenome
2026-10-09,PRJNA1457641,SAMN57468073,other,sample_name_scientific_name,soil metagenome
2026-10-09,PRJNA1457641,SAMN57468075,other,sample_name_scientific_name,soil metagenome
2026-10-09,PRJNA1457641,SAMN57468076,other,sample_name_scientific_name,soil metagenome
2026-10-09,PRJNA1457641,SAMN57468084,other,sample_name_scientific_name,soil metagenome
2026-10-09,PRJNA1457641,SAMN57468085,other,sample_name_scientific_name,soil metagenome
2026-10-09,PRJNA1457641,SAMN57468096,other,sample_name_scientific_name,soil metagenome
2026-10-09,PRJNA1457641,SAMN57468100,other,sample_name_scientific_name,soil metagenome
2026-10-09,PRJNA1457641,SAMN57468102,other,sample_name_scientific_name,soil metagenome
2026-10-09,PRJNA1433968,SAMN56418448,host_nonhuman,sample_name_scientific_name,mouse gut metagenome
2026-10-09,PRJNA1433968,SAMN56394666,host_nonhuman,sample_name_scientific_name,mouse gut metagenome
2026-10-09,PRJNA1433968,SAMN56394665,host_nonhuman,sample_name_scientific_name,mouse gut metagenome
2026-10-09,PRJNA1433968,SAMN56394664,host_nonhuman,sample_name_scientific_name,mouse gut metagenome
2026-10-09,PRJNA1433968,SAMN56390458,host_nonhuman,sample_name_scientific_name,mouse gut metagenome
2026-10-09,PRJNA1433968,SAMN56384968,host_nonhuman,sample_name_scientific_name,mouse gut metagenome
2026-10-09,PRJNA1433968,SAMN56384964,host_nonhuman,sample_name_scientific_name,mouse gut metagenome
2026-10-09,PRJNA1433968,SAMN56418454,host_nonhuman,sample_name_scientific_name,mouse gut metagenome
2026-10-09,PRJNA1433968,SAMN56418451,host_nonhuman,sample_name_scientific_name,mouse gut metagenome
2026-10-09,PRJNA1457641,SAMN57467821,other,sample_name_scientific_name,freshwater metagenome
2026-10-09,PRJNA1457641,SAMN57467819,other,sample_name_scientific_name,freshwater metagenome
2026-10-09,PRJNA1457641,SAMN57468101,other,sample_name_scientific_name,soil metagenome
2026-10-09,PRJNA1457641,SAMN57468094,other,sample_name_scientific_name,soil metagenome
2026-10-09,PRJNA1457641,SAMN57468093,other,sample_name_scientific_name,soil metagenome
2026-10-09,PRJNA1457641,SAMN57468092,other,sample_name_scientific_name,soil metagenome
2026-10-09,PRJNA1457641,SAMN57468091,other,sample_name_scientific_name,soil metagenome
2026-10-09,PRJNA1457641,SAMN57468088,other,sample_name_scientific_name,soil metagenome
2026-10-09,PRJNA1457641,SAMN57468087,other,sample_name_scientific_name,soil metagenome
2026-10-09,PRJNA1457641,SAMN57468082,other,sample_name_scientific_name,soil metagenome
2026-10-09,PRJNA1457641,SAMN57468074,other,sample_name_scientific_name,soil metagenome
2026-10-09,PRJNA1457641,SAMN57468068,other,sample_name_scientific_name,soil metagenome
2026-10-09,PRJNA1457641,SAMN57468067,other,sample_name_scientific_name,soil metagenome
2026-10-09,PRJNA1457641,SAMN57468063,other,sample_name_scientific_name,soil metagenome
2026-10-09,PRJNA1457641,SAMN57468061,other,sample_name_scientific_name,soil metagenome
2026-10-09,PRJNA1457641,SAMN57468060,other,sample_name_scientific_name,soil metagenome
2026-10-09,PRJNA1457641,SAMN57468059,other,sample_name_scientific_name,soil metagenome
2026-10-09,PRJNA1457641,SAMN57468057,other,sample_name_scientific_name,soil metagenome
2026-10-09,PRJNA1457641,SAMN57468050,other,sample_name_scientific_name,soil metagenome
2026-10-09,PRJNA1457641,SAMN57468049,other,sample_name_scientific_name,soil metagenome
2026-10-09,PRJNA1457641,SAMN57468048,other,sample_name_scientific_name,soil metagenome
2026-10-09,PRJNA1457641,SAMN57467855,other,sample_name_scientific_name,freshwater metagenome
2026-10-09,PRJNA1457641,SAMN57467850,other,sample_name_scientific_name,freshwater metagenome
2026-10-09,PRJNA1457641,SAMN57467845,other,sample_name_scientific_name,freshwater metagenome
2026-10-09,PRJNA1457641,SAMN57467844,other,sample_name_scientific_name,freshwater metagenome
2026-10-09,PRJNA1457641,SAMN57467842,other,sample_name_scientific_name,freshwater metagenome
2026-10-09,PRJNA1457641,SAMN57467836,other,sample_name_scientific_name,freshwater metagenome
2026-10-09,PRJNA1457641,SAMN57467828,other,sample_name_scientific_name,freshwater metagenome
2026-10-09,PRJNA1457641,SAMN57467823,other,sample_name_scientific_name,freshwater metagenome
2026-10-09,PRJNA1433968,SAMN56384963,host_nonhuman,sample_name_scientific_name,mouse gut metagenome
2026-10-09,PRJNA1433968,SAMN56390453,host_nonhuman,sample_name_scientific_name,mouse gut metagenome
2026-10-09,PRJNA1433968,SAMN56390454,host_nonhuman,sample_name_scientific_name,mouse gut metagenome
2026-10-09,PRJNA1433968,SAMN56390456,host_nonhuman,sample_name_scientific_name,mouse gut metagenome
2026-10-09,PRJNA1433968,SAMN56394662,host_nonhuman,sample_name_scientific_name,mouse gut metagenome
2026-10-09,PRJNA1433968,SAMN56418453,host_nonhuman,sample_name_scientific_name,mouse gut metagenome
2026-10-09,PRJNA1457641,SAMN57467814,other,sample_name_scientific_name,freshwater metagenome
2026-10-09,PRJNA1457641,SAMN57467818,other,sample_name_scientific_name,freshwater metagenome
2026-10-09,PRJNA1457641,SAMN57467824,other,sample_name_scientific_name,freshwater metagenome
2026-10-09,PRJNA1457641,SAMN57467827,other,sample_name_scientific_name,freshwater metagenome
2026-10-09,PRJNA1457641,SAMN57467829,other,sample_name_scientific_name,freshwater metagenome
2026-10-09,PRJNA1457641,SAMN57467835,other,sample_name_scientific_name,freshwater metagenome
2026-10-09,PRJNA1457641,SAMN57467839,other,sample_name_scientific_name,freshwater metagenome
2026-10-09,PRJNA1457641,SAMN57467840,other,sample_name_scientific_name,freshwater metagenome
2026-10-09,PRJNA1457641,SAMN57467846,other,sample_name_scientific_name,freshwater metagenome
2026-10-09,PRJNA1457641,SAMN57467852,other,sample_name_scientific_name,freshwater metagenome
2026-10-09,PRJNA1457641,SAMN57468051,other,sample_name_scientific_name,soil metagenome
2026-10-09,PRJNA1457641,SAMN57468070,other,sample_name_scientific_name,soil metagenome
2026-10-09,PRJNA1457641,SAMN57468071,other,sample_name_scientific_name,soil metagenome
2026-10-09,PRJNA1457641,SAMN57468078,other,sample_name_scientific_name,soil metagenome
2026-10-09,PRJNA1457641,SAMN57468080,other,sample_name_scientific_name,soil metagenome
2026-10-09,PRJNA1457641,SAMN57468089,other,sample_name_scientific_name,soil metagenome
2026-10-09,PRJNA1457641,SAMN57468095,other,sample_name_scientific_name,soil metagenome
2026-10-09,PRJNA1457641,SAMN57468099,other,sample_name_scientific_name,soil metagenome
2026-10-09,PRJNA299713,SAMN04212406,other,paper (PMC) / BioSample,HMP mock community
2026-10-09,PRJNA881338,SAMN30900249,host_nonhuman,host,Gallus gallus domesticus
2026-10-09,PRJDB41627,SAMD01864959,host_nonhuman,host,Mus musculus
2026-10-09,PRJDB41627,SAMD01864960,host_nonhuman,host,Mus musculus
2026-10-09,PRJDB41627,SAMD01864963,host_nonhuman,host,Mus musculus
2026-10-09,PRJDB41627,SAMD01864969,host_nonhuman,host,Mus musculus
2026-10-09,PRJDB41627,SAMD01864971,host_nonhuman,host,Mus musculus
2026-10-09,PRJDB41627,SAMD01864973,host_nonhuman,host,Mus musculus
2026-10-09,PRJDB41627,SAMD01864975,host_nonhuman,host,Mus musculus
2026-10-09,PRJDB41627,SAMD01864976,host_nonhuman,host,Mus musculus
2026-10-09,PRJDB41627,SAMD01864980,host_nonhuman,host,Mus musculus
2026-10-09,PRJDB41627,SAMD01864983,host_nonhuman,host,Mus musculus
2026-10-09,PRJDB41627,SAMD01864984,host_nonhuman,host,Mus musculus
2026-10-09,PRJDB41627,SAMD01864986,host_nonhuman,host,Mus musculus
2026-10-09,PRJDB41627,SAMD01864989,host_nonhuman,host,Mus musculus
2026-10-09,PRJDB41627,SAMD01864990,host_nonhuman,host,Mus musculus
2026-10-09,PRJDB41627,SAMD01864991,host_nonhuman,host,Mus musculus
2026-10-09,PRJDB41627,SAMD01864992,host_nonhuman,host,Mus musculus
2026-10-09,PRJDB41627,SAMD01864994,host_nonhuman,host,Mus musculus
2026-10-09,PRJDB41627,SAMD01864995,host_nonhuman,host,Mus musculus
2026-10-09,PRJDB41627,SAMD01864998,host_nonhuman,host,Mus musculus
2026-10-09,PRJDB41627,SAMD01865015,host_nonhuman,host,Mus musculus
2026-10-09,PRJDB41627,SAMD01865017,host_nonhuman,host,Mus musculus
2026-10-09,PRJDB41627,SAMD01865018,host_nonhuman,host,Mus musculus
2026-10-09,PRJDB41627,SAMD01865023,host_nonhuman,host,Mus musculus
2026-10-09,PRJDB41627,SAMD01865024,host_nonhuman,host,Mus musculus
2026-10-09,PRJDB41627,SAMD01865026,host_nonhuman,host,Mus musculus
2026-10-09,PRJDB41627,SAMD01865027,host_nonhuman,host,Mus musculus
2026-10-09,PRJDB41627,SAMD01865030,host_nonhuman,host,Mus musculus
2026-10-09,PRJDB41627,SAMD01865032,host_nonhuman,host,Mus musculus
2026-10-09,PRJDB41627,SAMD01865034,host_nonhuman,host,Mus musculus
2026-10-09,PRJDB41627,SAMD01865036,host_nonhuman,host,Mus musculus
2026-10-09,PRJDB41627,SAMD01865037,host_nonhuman,host,Mus musculus
2026-10-09,PRJDB41627,SAMD01865040,host_nonhuman,host,Mus musculus
2026-10-09,PRJEB36405,SAMEA6526734,host_nonhuman,host_common_name,Duck
2026-10-09,PRJEB36405,SAMEA6526735,host_nonhuman,host_common_name,Duck
2026-10-09,PRJEB36405,SAMEA6526736,host_nonhuman,host_common_name,Dog
2026-10-09,PRJEB76399,SAMEA115716158,other,organism,wastewater metagenome
2026-10-09,PRJEB76399,SAMEA115716159,other,organism,wastewater metagenome
2026-10-09,PRJEB76399,SAMEA115716160,other,organism,wastewater metagenome
2026-10-09,PRJEB76399,SAMEA115716161,other,organism,wastewater metagenome
2026-10-09,PRJEB76399,SAMEA115716162,other,organism,wastewater metagenome
2026-10-09,PRJEB76399,SAMEA115716163,other,organism,wastewater metagenome
2026-10-09,PRJEB76399,SAMEA115716164,other,organism,wastewater metagenome
2026-10-09,PRJEB76399,SAMEA115716165,other,organism,wastewater metagenome
2026-10-09,PRJEB76399,SAMEA115716166,other,organism,wastewater metagenome
2026-10-09,PRJEB76399,SAMEA115716167,other,organism,wastewater metagenome
2026-10-09,PRJEB76399,SAMEA115716168,other,organism,wastewater metagenome
2026-10-09,PRJEB76399,SAMEA115716169,other,organism,wastewater metagenome
2026-10-09,PRJEB76399,SAMEA115716170,other,organism,wastewater metagenome
2026-10-09,PRJEB76399,SAMEA115716171,other,organism,wastewater metagenome
2026-10-09,PRJEB76399,SAMEA115716172,other,organism,wastewater metagenome
2026-10-09,PRJEB76399,SAMEA115716173,other,organism,wastewater metagenome
2026-10-09,PRJEB76399,SAMEA115716174,other,organism,wastewater metagenome
2026-10-09,PRJEB76399,SAMEA115716175,other,organism,wastewater metagenome
2026-10-09,PRJEB76399,SAMEA115716176,other,organism,wastewater metagenome
2026-10-09,PRJEB76399,SAMEA115716177,other,organism,wastewater metagenome
2026-10-09,PRJEB76399,SAMEA115716178,other,organism,wastewater metagenome
2026-10-09,PRJEB76399,SAMEA115716179,other,organism,wastewater metagenome
2026-10-09,PRJEB76399,SAMEA115716180,other,organism,wastewater metagenome
2026-10-09,PRJEB76399,SAMEA115716181,other,organism,wastewater metagenome
2026-10-09,PRJEB76399,SAMEA115716182,other,organism,wastewater metagenome
2026-10-09,PRJEB76399,SAMEA115716183,other,organism,wastewater metagenome
2026-10-09,PRJEB76399,SAMEA115716184,other,organism,wastewater metagenome
2026-10-09,PRJEB76399,SAMEA115716185,other,organism,wastewater metagenome
2026-10-09,PRJEB76399,SAMEA115716186,other,organism,wastewater metagenome
2026-10-09,PRJEB76399,SAMEA115716187,other,organism,wastewater metagenome
2026-10-09,PRJEB76399,SAMEA115716188,other,organism,wastewater metagenome
2026-10-09,PRJEB76399,SAMEA115716189,other,organism,wastewater metagenome
2026-10-09,PRJEB76399,SAMEA115716190,other,organism,wastewater metagenome
2026-10-09,PRJEB76399,SAMEA115716191,other,organism,wastewater metagenome
2026-10-09,PRJEB76399,SAMEA115716192,other,organism,wastewater metagenome
2026-10-09,PRJEB76399,SAMEA115716193,other,organism,wastewater metagenome
2026-10-09,PRJEB76399,SAMEA115716194,other,organism,wastewater metagenome
2026-10-09,PRJEB76399,SAMEA115716195,other,organism,wastewater metagenome
2026-10-09,PRJEB76399,SAMEA115716196,other,organism,wastewater metagenome
2026-10-09,PRJEB76399,SAMEA115716197,other,organism,wastewater metagenome
2026-10-09,PRJEB76399,SAMEA115716198,other,organism,wastewater metagenome
2026-10-09,PRJEB76399,SAMEA115716199,other,organism,wastewater metagenome
2026-10-09,PRJEB76399,SAMEA115716200,other,organism,wastewater metagenome
2026-10-09,PRJEB76399,SAMEA115716201,other,organism,wastewater metagenome
2026-10-09,PRJEB76399,SAMEA115716202,other,organism,wastewater metagenome
2026-10-09,PRJEB76399,SAMEA115716203,other,organism,wastewater metagenome
2026-10-09,PRJEB76399,SAMEA115716204,other,organism,wastewater metagenome
2026-10-09,PRJEB76399,SAMEA115716205,other,organism,wastewater metagenome
2026-10-09,PRJEB76399,SAMEA115716206,other,organism,wastewater metagenome
2026-10-09,PRJEB76399,SAMEA115716207,other,organism,wastewater metagenome
2026-10-09,PRJEB76399,SAMEA115716208,other,organism,wastewater metagenome
2026-10-09,PRJEB76399,SAMEA115716209,other,organism,wastewater metagenome
2026-10-09,PRJEB76399,SAMEA115716210,other,organism,wastewater metagenome
2026-10-09,PRJEB76399,SAMEA115716211,other,organism,wastewater metagenome
2026-10-09,PRJEB76399,SAMEA115716212,other,organism,wastewater metagenome
2026-10-09,PRJEB76399,SAMEA115716213,other,organism,wastewater metagenome
2026-10-09,PRJEB76399,SAMEA115716214,other,organism,wastewater metagenome
2026-10-09,PRJEB76399,SAMEA115716215,other,organism,wastewater metagenome
2026-10-09,PRJEB76399,SAMEA115716216,other,organism,wastewater metagenome
2026-10-09,PRJEB76399,SAMEA115716217,other,organism,wastewater metagenome
2026-10-09,PRJEB76399,SAMEA115716218,other,organism,wastewater metagenome
2026-10-09,PRJEB76399,SAMEA115716219,other,organism,wastewater metagenome
2026-10-09,PRJEB76399,SAMEA115716220,other,organism,wastewater metagenome
2026-10-09,PRJEB76399,SAMEA115716221,other,organism,wastewater metagenome
2026-10-09,PRJEB76399,SAMEA115716222,other,organism,wastewater metagenome
2026-10-09,PRJEB76399,SAMEA115716223,other,organism,wastewater metagenome
2026-10-09,PRJEB76399,SAMEA115716224,other,organism,wastewater metagenome
2026-10-09,PRJEB76399,SAMEA115716225,other,organism,wastewater metagenome
2026-10-09,PRJEB76399,SAMEA115716226,other,organism,wastewater metagenome
2026-10-09,PRJEB76399,SAMEA115716227,other,organism,wastewater metagenome
2026-10-09,PRJEB76399,SAMEA115716228,other,organism,wastewater metagenome
2026-10-09,PRJEB76399,SAMEA115716229,other,organism,wastewater metagenome
2026-10-09,PRJEB76399,SAMEA115716230,other,organism,wastewater metagenome
2026-10-09,PRJEB76399,SAMEA115716231,other,organism,wastewater metagenome
2026-10-09,PRJEB76399,SAMEA115716232,other,organism,wastewater metagenome
2026-10-09,PRJEB76399,SAMEA115716233,other,organism,wastewater metagenome
2026-10-09,PRJEB76399,SAMEA115716234,other,organism,wastewater metagenome
2026-10-09,PRJEB76399,SAMEA115716235,other,organism,wastewater metagenome
2026-10-09,PRJEB76399,SAMEA115716236,other,organism,wastewater metagenome
2026-10-09,PRJEB76399,SAMEA115716237,other,organism,wastewater metagenome
2026-10-09,PRJEB76399,SAMEA115716238,other,organism,wastewater metagenome
2026-10-09,PRJEB76399,SAMEA115716239,other,organism,wastewater metagenome
2026-10-09,PRJEB76399,SAMEA115716240,other,organism,wastewater metagenome
2026-10-09,PRJEB76399,SAMEA115716241,other,organism,wastewater metagenome
2026-10-09,PRJEB76399,SAMEA115716242,other,organism,wastewater metagenome
2026-10-09,PRJEB76399,SAMEA115716243,other,organism,wastewater metagenome
2026-10-09,PRJEB76399,SAMEA115716244,other,organism,wastewater metagenome
2026-10-09,PRJEB76399,SAMEA115716245,other,organism,wastewater metagenome
2026-10-09,PRJEB76399,SAMEA115716246,other,organism,wastewater metagenome
2026-10-09,PRJEB9403,SAMEA4895244,host_nonhuman,organism,Japonacteon nipponensis
2026-10-09,PRJEB9403,SAMEA6562579,host_nonhuman,organism,Japonacteon nipponensis
2026-10-09,PRJEB96943,SAMEA121102925,other,organism,synthetic metagenome
2026-10-09,PRJEB96943,SAMEA121102926,other,organism,synthetic metagenome
2026-10-09,PRJNA881338,SAMN30900251,other,organism,sediment metagenome
2026-10-09,PRJNA881338,SAMN30900252,other,organism,soil metagenome
2026-10-09,PRJNA881338,SAMN30900253,other,organism,soil metagenome
2026-10-09,PRJEB83236,SAMEA117490509,other,host_subject_id,control sample: BLANK.SEP.16.10.B
2026-10-09,PRJEB83236,SAMEA117484781,other,host_subject_id,control sample: blank.sep.7.3.b
2026-10-09,PRJEB83236,SAMEA117484780,other,host_subject_id,control sample: blank.sep.7.3.a
2026-10-09,PRJEB14801,SAMEA4078375,other,host_subject_id,control sample: BLANK108
2026-10-09,PRJEB83236,SAMEA117484779,other,host_subject_id,control sample: blank.sep.5.6h
2026-10-09,PRJEB83236,SAMEA117484778,other,host_subject_id,control sample: blank.sep.5.6g
2026-10-09,PRJEB14801,SAMEA4078376,other,host_subject_id,control sample: BLANK109
2026-10-09,PRJEB83236,SAMEA117484777,other,host_subject_id,control sample: blank.sep.5.6f
2026-10-09,PRJEB83236,SAMEA117484776,other,host_subject_id,control sample: blank.sep.5.6e
2026-10-09,PRJEB14801,SAMEA4078377,other,host_subject_id,control sample: BLANK11
2026-10-09,PRJEB83236,SAMEA117484775,other,host_subject_id,control sample: blank.sep.5.6d
2026-10-09,PRJEB83236,SAMEA117484774,other,host_subject_id,control sample: blank.sep.5.6c
2026-10-09,PRJEB14801,SAMEA4078378,other,host_subject_id,control sample: BLANK110
2026-10-09,PRJEB83236,SAMEA117484773,other,host_subject_id,control sample: blank.sep.5.6b
2026-10-09,PRJEB83236,SAMEA117484772,other,host_subject_id,control sample: blank.sep.5.6a
2026-10-09,PRJEB14801,SAMEA4078379,other,host_subject_id,control sample: BLANK111
2026-10-09,PRJEB14801,SAMEA4078374,other,host_subject_id,control sample: BLANK107
2026-10-09,PRJEB83236,SAMEA117484771,other,host_subject_id,control sample: blank.sep.5.5h
2026-10-09,PRJEB83236,SAMEA117484782,other,host_subject_id,control sample: blank.sep.7.3.c
2026-10-09,PRJEB14801,SAMEA4078373,other,host_subject_id,control sample: BLANK106
2026-10-09,PRJEB14801,SAMEA4078368,other,host_subject_id,control sample: BLANK101
2026-10-09,PRJEB83236,SAMEA117484793,other,host_subject_id,control sample: blank.sep.8.3.f
2026-10-09,PRJEB83236,SAMEA117484792,other,host_subject_id,control sample: blank.sep.8.3.e
2026-10-09,PRJEB14801,SAMEA4078369,other,host_subject_id,control sample: BLANK102
2026-10-09,PRJEB83236,SAMEA117484791,other,host_subject_id,control sample: blank.sep.8.3.d
2026-10-09,PRJEB83236,SAMEA117484790,other,host_subject_id,control sample: blank.sep.8.3.c
2026-10-09,PRJEB14801,SAMEA4078370,other,host_subject_id,control sample: BLANK103
2026-10-09,PRJEB83236,SAMEA117484789,other,host_subject_id,control sample: blank.sep.8.3.b
2026-10-09,PRJEB83236,SAMEA117484788,other,host_subject_id,control sample: blank.sep.8.3.a
2026-10-09,PRJEB14801,SAMEA4078371,other,host_subject_id,control sample: BLANK104
2026-10-09,PRJEB83236,SAMEA117484787,other,host_subject_id,control sample: blank.sep.7.3.h
2026-10-09,PRJEB83236,SAMEA117484786,other,host_subject_id,control sample: blank.sep.7.3.g
2026-10-09,PRJEB14801,SAMEA4078372,other,host_subject_id,control sample: BLANK105
2026-10-09,PRJEB83236,SAMEA117484785,other,host_subject_id,control sample: blank.sep.7.3.f
2026-10-09,PRJEB83236,SAMEA117484784,other,host_subject_id,control sample: blank.sep.7.3.e
2026-10-09,PRJEB83236,SAMEA117484783,other,host_subject_id,control sample: blank.sep.7.3.d
2026-10-09,PRJEB83236,SAMEA117484794,other,host_subject_id,control sample: blank.sep.8.3.g
2026-10-09,PRJEB83236,SAMEA117484770,other,host_subject_id,control sample: blank.sep.5.5g
2026-10-09,PRJEB83236,SAMEA117484769,other,host_subject_id,control sample: blank.sep.5.5f
2026-10-09,PRJEB14801,SAMEA4078387,other,host_subject_id,control sample: BLANK24
2026-10-09,PRJEB83236,SAMEA117484755,other,host_subject_id,control sample: blank.sep.5.11.g
2026-10-09,PRJEB83236,SAMEA117484754,other,host_subject_id,control sample: blank.sep.5.11.f
2026-10-09,PRJEB14801,SAMEA4078388,other,host_subject_id,control sample: BLANK25
2026-10-09,PRJEB83236,SAMEA117484753,other,host_subject_id,control sample: blank.sep.5.11.e
2026-10-09,PRJEB83236,SAMEA117484752,other,host_subject_id,control sample: blank.sep.5.11.d
2026-10-09,PRJEB14801,SAMEA4078389,other,host_subject_id,control sample: BLANK26
2026-10-09,PRJEB83236,SAMEA117484751,other,host_subject_id,control sample: blank.sep.5.11.c
2026-10-09,PRJEB83236,SAMEA117484750,other,host_subject_id,control sample: blank.sep.5.11.b
2026-10-09,PRJEB14801,SAMEA4078390,other,host_subject_id,control sample: BLANK27
2026-10-09,PRJEB83236,SAMEA117484749,other,host_subject_id,control sample: blank.sep.10.5.g
2026-10-09,PRJEB83236,SAMEA117484748,other,host_subject_id,control sample: blank.sep.10.5.f
2026-10-09,PRJEB14801,SAMEA4078391,other,host_subject_id,control sample: BLANK28
2026-10-09,PRJEB83236,SAMEA117484747,other,host_subject_id,control sample: blank.sep.10.5.e
2026-10-09,PRJEB83236,SAMEA117484746,other,host_subject_id,control sample: blank.sep.10.5.d
2026-10-09,PRJEB83236,SAMEA117484756,other,host_subject_id,control sample: blank.sep.5.11.h
2026-10-09,PRJEB14801,SAMEA4078380,other,host_subject_id,control sample: BLANK112
2026-10-09,PRJEB83236,SAMEA117484757,other,host_subject_id,control sample: blank.sep.5.12.a
2026-10-09,PRJEB83236,SAMEA117484758,other,host_subject_id,control sample: blank.sep.5.12.b
2026-10-09,PRJEB83236,SAMEA117484768,other,host_subject_id,control sample: blank.sep.5.5e
2026-10-09,PRJEB14801,SAMEA4078381,other,host_subject_id,control sample: BLANK113
2026-10-09,PRJEB83236,SAMEA117484767,other,host_subject_id,control sample: blank.sep.5.5d
2026-10-09,PRJEB83236,SAMEA117484766,other,host_subject_id,control sample: blank.sep.5.5c
2026-10-09,PRJEB14801,SAMEA4078382,other,host_subject_id,control sample: BLANK12
2026-10-09,PRJEB83236,SAMEA117484765,other,host_subject_id,control sample: blank.sep.5.5b
2026-10-09,PRJEB83236,SAMEA117484764,other,host_subject_id,control sample: blank.sep.5.12.h
2026-10-09,PRJEB14801,SAMEA4078383,other,host_subject_id,control sample: BLANK13
2026-10-09,PRJEB83236,SAMEA117484763,other,host_subject_id,control sample: blank.sep.5.12.g
2026-10-09,PRJEB83236,SAMEA117484762,other,host_subject_id,control sample: blank.sep.5.12.f
2026-10-09,PRJEB14801,SAMEA4078384,other,host_subject_id,control sample: BLANK14
2026-10-09,PRJEB83236,SAMEA117484761,other,host_subject_id,control sample: blank.sep.5.12.e
2026-10-09,PRJEB83236,SAMEA117484760,other,host_subject_id,control sample: blank.sep.5.12.d
2026-10-09,PRJEB14801,SAMEA4078385,other,host_subject_id,control sample: BLANK15
2026-10-09,PRJEB83236,SAMEA117484759,other,host_subject_id,control sample: blank.sep.5.12.c
2026-10-09,PRJEB14801,SAMEA4078386,other,host_subject_id,control sample: BLANK2
2026-10-09,PRJEB83236,SAMEA117484795,other,host_subject_id,control sample: blank.sep.8.3.h
2026-10-09,PRJEB14801,SAMEA4078367,other,host_subject_id,control sample: BLANK100
2026-10-09,PRJEB83236,SAMEA117484796,other,host_subject_id,control sample: blank.sep.9.4.a
2026-10-09,PRJEB83236,SAMEA117490520,other,host_subject_id,control sample: BLANK.SEP.17.11.E
2026-10-09,PRJEB83236,SAMEA117490519,other,host_subject_id,control sample: BLANK.SEP.17.11.D
2026-10-09,PRJEB83236,SAMEA117490518,other,host_subject_id,control sample: BLANK.SEP.17.11.C
2026-10-09,PRJEB83236,SAMEA117490517,other,host_subject_id,control sample: BLANK.SEP.17.11.B
2026-10-09,PRJEB83236,SAMEA117490516,other,host_subject_id,control sample: BLANK.SEP.17.11.A
2026-10-09,PRJEB83236,SAMEA117490515,other,host_subject_id,control sample: BLANK.SEP.16.10.H
2026-10-09,PRJEB83236,SAMEA117490514,other,host_subject_id,control sample: BLANK.SEP.16.10.G
2026-10-09,PRJEB83236,SAMEA117490513,other,host_subject_id,control sample: BLANK.SEP.16.10.F
2026-10-09,PRJEB83236,SAMEA117490512,other,host_subject_id,control sample: BLANK.SEP.16.10.E
2026-10-09,PRJEB83236,SAMEA117490511,other,host_subject_id,control sample: BLANK.SEP.16.10.D
2026-10-09,PRJEB83236,SAMEA117490510,other,host_subject_id,control sample: BLANK.SEP.16.10.C
2026-10-09,PRJEB83236,SAMEA117490508,other,host_subject_id,control sample: BLANK.SEP.15.4.H
2026-10-09,PRJEB83236,SAMEA117490507,other,host_subject_id,control sample: BLANK.SEP.15.4.G
2026-10-09,PRJEB83236,SAMEA117490506,other,host_subject_id,control sample: BLANK.SEP.14.9.H
2026-10-09,PRJEB83236,SAMEA117490505,other,host_subject_id,control sample: BLANK.SEP.14.9.G
2026-10-09,PRJEB83236,SAMEA117490521,other,host_subject_id,control sample: BLANK.SEP.17.11.F
2026-10-09,PRJEB83236,SAMEA117490504,other,host_subject_id,control sample: BLANK.SEP.14.9.F
2026-10-09,PRJEB83236,SAMEA117490522,other,host_subject_id,control sample: BLANK.SEP.17.11.G
2026-10-09,PRJEB83236,SAMEA117490524,other,host_subject_id,control sample: BLANK.SEP.18.12.A
2026-10-09,PRJEB83236,SAMEA117490536,other,host_subject_id,control sample: BLANK.SEP.19.1.E
2026-10-09,PRJEB83552,SAMEA117558884,other,host_subject_id,control sample: BLANK.SEP.9.12.F
2026-10-09,PRJEB83236,SAMEA117490535,other,host_subject_id,control sample: BLANK.SEP.19.1.D
2026-10-09,PRJEB83236,SAMEA117490534,other,host_subject_id,control sample: BLANK.SEP.19.1.C
2026-10-09,PRJEB83552,SAMEA117558885,other,host_subject_id,control sample: BLANK.SEP.9.12.G
2026-10-09,PRJEB83236,SAMEA117490533,other,host_subject_id,control sample: BLANK.SEP.19.1.B
2026-10-09,PRJEB83236,SAMEA117490532,other,host_subject_id,control sample: BLANK.SEP.19.1.A
2026-10-09,PRJEB83552,SAMEA117558886,other,host_subject_id,control sample: BLANK.SEP.9.12.H
2026-10-09,PRJEB83236,SAMEA117490531,other,host_subject_id,control sample: BLANK.SEP.18.12.H
2026-10-09,PRJEB83236,SAMEA117490530,other,host_subject_id,control sample: BLANK.SEP.18.12.G
2026-10-09,PRJEB83236,SAMEA117490529,other,host_subject_id,control sample: BLANK.SEP.18.12.F
2026-10-09,PRJEB83236,SAMEA117490528,other,host_subject_id,control sample: BLANK.SEP.18.12.E
2026-10-09,PRJEB83236,SAMEA117490527,other,host_subject_id,control sample: BLANK.SEP.18.12.D
2026-10-09,PRJEB83236,SAMEA117490526,other,host_subject_id,control sample: BLANK.SEP.18.12.C
2026-10-09,PRJEB83236,SAMEA117490525,other,host_subject_id,control sample: BLANK.SEP.18.12.B
2026-10-09,PRJEB83236,SAMEA117490523,other,host_subject_id,control sample: BLANK.SEP.17.11.H
2026-10-09,PRJEB83236,SAMEA117490503,other,host_subject_id,control sample: BLANK.SEP.14.9.E
2026-10-09,PRJEB83236,SAMEA117490502,other,host_subject_id,control sample: BLANK.SEP.14.9.D
2026-10-09,PRJEB83236,SAMEA117490501,other,host_subject_id,control sample: BLANK.SEP.14.9.C
2026-10-09,PRJEB83236,SAMEA117490480,other,host_subject_id,control sample: BLANK.SEP.11.6.F
2026-10-09,PRJEB83236,SAMEA117490479,other,host_subject_id,control sample: BLANK.SEP.11.6.E
2026-10-09,PRJEB83236,SAMEA117490478,other,host_subject_id,control sample: BLANK.SEP.11.6.D
2026-10-09,PRJEB83236,SAMEA117490477,other,host_subject_id,control sample: BLANK.SEP.11.6.C
2026-10-09,PRJEB83236,SAMEA117490476,other,host_subject_id,control sample: BLANK.SEP.11.6.B
2026-10-09,PRJEB83236,SAMEA117490475,other,host_subject_id,control sample: BLANK.SEP.11.6.A
2026-10-09,PRJEB83236,SAMEA117484803,other,host_subject_id,control sample: blank.sep.9.4.h
2026-10-09,PRJEB83236,SAMEA117484802,other,host_subject_id,control sample: blank.sep.9.4.g
2026-10-09,PRJEB83236,SAMEA117484801,other,host_subject_id,control sample: blank.sep.9.4.f
2026-10-09,PRJEB83236,SAMEA117484800,other,host_subject_id,control sample: blank.sep.9.4.e
2026-10-09,PRJEB14801,SAMEA4078365,other,host_subject_id,control sample: BLANK1
2026-10-09,PRJEB83236,SAMEA117484799,other,host_subject_id,control sample: blank.sep.9.4.d
2026-10-09,PRJEB83236,SAMEA117484798,other,host_subject_id,control sample: blank.sep.9.4.c
2026-10-09,PRJEB14801,SAMEA4078366,other,host_subject_id,control sample: BLANK10
2026-10-09,PRJEB83236,SAMEA117484797,other,host_subject_id,control sample: blank.sep.9.4.b
2026-10-09,PRJEB83236,SAMEA117490481,other,host_subject_id,control sample: BLANK.SEP.11.6.G
2026-10-09,PRJEB83236,SAMEA117490482,other,host_subject_id,control sample: BLANK.SEP.11.6.H
2026-10-09,PRJEB83236,SAMEA117490483,other,host_subject_id,control sample: BLANK.SEP.12.7.A
2026-10-09,PRJEB83236,SAMEA117490484,other,host_subject_id,control sample: BLANK.SEP.12.7.B
2026-10-09,PRJEB83236,SAMEA117490500,other,host_subject_id,control sample: BLANK.SEP.14.9.B
2026-10-09,PRJEB83236,SAMEA117490499,other,host_subject_id,control sample: BLANK.SEP.14.9.A
2026-10-09,PRJEB83236,SAMEA117490498,other,host_subject_id,control sample: BLANK.SEP.13.8.H
2026-10-09,PRJEB83236,SAMEA117490497,other,host_subject_id,control sample: BLANK.SEP.13.8.G
2026-10-09,PRJEB83236,SAMEA117490496,other,host_subject_id,control sample: BLANK.SEP.13.8.F
2026-10-09,PRJEB83236,SAMEA117490495,other,host_subject_id,control sample: BLANK.SEP.13.8.E
2026-10-09,PRJEB83236,SAMEA117490494,other,host_subject_id,control sample: BLANK.SEP.13.8.D
2026-10-09,PRJEB14801,SAMEA4078392,other,host_subject_id,control sample: BLANK29
2026-10-09,PRJEB83236,SAMEA117490493,other,host_subject_id,control sample: BLANK.SEP.13.8.C
2026-10-09,PRJEB83236,SAMEA117490491,other,host_subject_id,control sample: BLANK.SEP.13.8.A
2026-10-09,PRJEB83236,SAMEA117490490,other,host_subject_id,control sample: BLANK.SEP.12.7.H
2026-10-09,PRJEB83236,SAMEA117490489,other,host_subject_id,control sample: BLANK.SEP.12.7.G
2026-10-09,PRJEB83236,SAMEA117490488,other,host_subject_id,control sample: BLANK.SEP.12.7.F
2026-10-09,PRJEB83236,SAMEA117490487,other,host_subject_id,control sample: BLANK.SEP.12.7.E
2026-10-09,PRJEB83236,SAMEA117490486,other,host_subject_id,control sample: BLANK.SEP.12.7.D
2026-10-09,PRJEB83236,SAMEA117490485,other,host_subject_id,control sample: BLANK.SEP.12.7.C
2026-10-09,PRJEB83236,SAMEA117490492,other,host_subject_id,control sample: BLANK.SEP.13.8.B
2026-10-09,PRJEB83236,SAMEA117490537,other,host_subject_id,control sample: BLANK.SEP.19.1.F
2026-10-09,PRJEB83236,SAMEA117484745,other,host_subject_id,control sample: blank.sep.10.5.c
2026-10-09,PRJEB14801,SAMEA4078393,other,host_subject_id,control sample: BLANK3
2026-10-09,PRJEB11419,SAMEA8781154,other,host_subject_id,control sample: blank1.2E
2026-10-09,PRJEB11419,SAMEA8781153,other,host_subject_id,control sample: blank1.2D
2026-10-09,PRJEB11419,SAMEA8781152,other,host_subject_id,control sample: blank1.2C
2026-10-09,PRJEB11419,SAMEA8781151,other,host_subject_id,control sample: blank1.2B
2026-10-09,PRJEB11419,SAMEA8781150,other,host_subject_id,control sample: blank1.2A
2026-10-09,PRJEB11419,SAMEA8506773,other,host_subject_id,control sample: BLANK1.1H
2026-10-09,PRJEB11419,SAMEA8506772,other,host_subject_id,control sample: BLANK1.1G
2026-10-09,PRJEB11419,SAMEA8506771,other,host_subject_id,control sample: BLANK1.1F
2026-10-09,PRJEB11419,SAMEA8506770,other,host_subject_id,control sample: BLANK1.1E
2026-10-09,PRJEB11419,SAMEA8506769,other,host_subject_id,control sample: BLANK1.1D
2026-10-09,PRJEB11419,SAMEA8506768,other,host_subject_id,control sample: BLANK1.1C
2026-10-09,PRJEB11419,SAMEA8506767,other,host_subject_id,control sample: BLANK1.1B
2026-10-09,PRJEB11419,SAMEA8506766,other,host_subject_id,control sample: BLANK1.1A
2026-10-09,PRJEB11419,SAMEA8401546,other,host_subject_id,control sample: BLANK241.12H
2026-10-09,PRJEB11419,SAMEA6674891,other,host_subject_id,control sample: BLANK244.12H
2026-10-09,PRJEB11419,SAMEA8781155,other,host_subject_id,control sample: blank1.2F
2026-10-09,PRJEB11419,SAMEA6674890,other,host_subject_id,control sample: BLANK244.12G
2026-10-09,PRJEB11419,SAMEA8781156,other,host_subject_id,control sample: blank1.2G
2026-10-09,PRJEB11419,SAMEA8781158,other,host_subject_id,control sample: blank2.2A
2026-10-09,PRJEB11419,SAMEA93068668,other,host_subject_id,control sample: BLANK135.9C.r31
2026-10-09,PRJEB11419,SAMEA93067918,other,host_subject_id,control sample: BLANK135.9A.r31
2026-10-09,PRJEB11419,SAMEA93067168,other,host_subject_id,control sample: BLANK133.7H.r31
2026-10-09,PRJEB11419,SAMEA93066418,other,host_subject_id,control sample: BLANK133.7F.r31
2026-10-09,PRJEB11419,SAMEA93065668,other,host_subject_id,control sample: BLANK133.7E.r31
2026-10-09,PRJEB11419,SAMEA93064918,other,host_subject_id,control sample: BLANK133.7D.r31
2026-10-09,PRJEB11419,SAMEA93064168,other,host_subject_id,control sample: BLANK133.7C.r31
2026-10-09,PRJEB11419,SAMEA93063418,other,host_subject_id,control sample: BLANK133.7B.r31
2026-10-09,PRJEB11419,SAMEA8781165,other,host_subject_id,control sample: blank2.2H
2026-10-09,PRJEB11419,SAMEA8781164,other,host_subject_id,control sample: blank2.2G
2026-10-09,PRJEB11419,SAMEA8781163,other,host_subject_id,control sample: blank2.2F
2026-10-09,PRJEB11419,SAMEA8781162,other,host_subject_id,control sample: blank2.2E
2026-10-09,PRJEB11419,SAMEA8781161,other,host_subject_id,control sample: blank2.2D
2026-10-09,PRJEB11419,SAMEA8781160,other,host_subject_id,control sample: blank2.2C
2026-10-09,PRJEB11419,SAMEA8781159,other,host_subject_id,control sample: blank2.2B
2026-10-09,PRJEB11419,SAMEA8781157,other,host_subject_id,control sample: blank1.2H
2026-10-09,PRJEB11419,SAMEA93069418,other,host_subject_id,control sample: BLANK135.9D.r31
2026-10-09,PRJEB11419,SAMEA6674889,other,host_subject_id,control sample: BLANK244.12F
2026-10-09,PRJEB11419,SAMEA6674887,other,host_subject_id,control sample: BLANK244.12D
2026-10-09,PRJEB11419,SAMEA3611544,other,host_subject_id,control sample: BLANK.7.A.r10
2026-10-09,PRJEB11419,SAMEA3611543,other,host_subject_id,control sample: BLANK.4.H.r10
2026-10-09,PRJEB11419,SAMEA3611542,other,host_subject_id,control sample: BLANK.4.G.r10
2026-10-09,PRJEB11419,SAMEA3611541,other,host_subject_id,control sample: BLANK.4.F.r10
2026-10-09,PRJEB11419,SAMEA3611540,other,host_subject_id,control sample: BLANK.4.E.r10
2026-10-09,PRJEB11419,SAMEA3611539,other,host_subject_id,control sample: BLANK.4.D.r10
2026-10-09,PRJEB11419,SAMEA3611538,other,host_subject_id,control sample: BLANK.4.C.r10
2026-10-09,PRJEB11419,SAMEA3611537,other,host_subject_id,control sample: BLANK.4.B.r10
2026-10-09,PRJEB11419,SAMEA3611536,other,host_subject_id,control sample: BLANK.4.A.r10
2026-10-09,PRJEB11419,SAMEA3611535,other,host_subject_id,control sample: BLANK.11.E.r10
2026-10-09,PRJEB11419,SAMEA3611534,other,host_subject_id,control sample: BLANK.11.D.r10
2026-10-09,PRJEB11419,SAMEA3611533,other,host_subject_id,control sample: BLANK.11.C.r10
2026-10-09,PRJEB11419,SAMEA3611532,other,host_subject_id,control sample: BLANK.11.B.r10
2026-10-09,PRJEB11419,SAMEA3611531,other,host_subject_id,control sample: BLANK.11.A.r10
2026-10-09,PRJEB11419,SAMEA3611530,other,host_subject_id,control sample: BLANK.10.H.r10
2026-10-09,PRJEB11419,SAMEA3611545,other,host_subject_id,control sample: BLANK.7.B.r10
2026-10-09,PRJEB11419,SAMEA6674888,other,host_subject_id,control sample: BLANK244.12E
2026-10-09,PRJEB11419,SAMEA3611546,other,host_subject_id,control sample: BLANK.7.C.r10
2026-10-09,PRJEB11419,SAMEA3611548,other,host_subject_id,control sample: BLANK.7.E.r10
2026-10-09,PRJEB11419,SAMEA6674886,other,host_subject_id,control sample: BLANK244.12C
2026-10-09,PRJEB11419,SAMEA6674885,other,host_subject_id,control sample: BLANK244.12B
2026-10-09,PRJEB11419,SAMEA6674884,other,host_subject_id,control sample: BLANK244.12A
2026-10-09,PRJEB11419,SAMEA3611560,other,host_subject_id,control sample: BLANK.r10
2026-10-09,PRJEB11419,SAMEA3611559,other,host_subject_id,control sample: BLANK.8.H.r10
2026-10-09,PRJEB11419,SAMEA3611558,other,host_subject_id,control sample: BLANK.8.G.r10
2026-10-09,PRJEB11419,SAMEA3611557,other,host_subject_id,control sample: BLANK.8.F.r10
2026-10-09,PRJEB11419,SAMEA3611556,other,host_subject_id,control sample: BLANK.8.E.r10
2026-10-09,PRJEB11419,SAMEA3611555,other,host_subject_id,control sample: BLANK.8.D.r10
2026-10-09,PRJEB11419,SAMEA3611554,other,host_subject_id,control sample: BLANK.8.C.r10
2026-10-09,PRJEB11419,SAMEA3611553,other,host_subject_id,control sample: BLANK.8.B.r10
2026-10-09,PRJEB11419,SAMEA3611552,other,host_subject_id,control sample: BLANK.8.A.r10
2026-10-09,PRJEB11419,SAMEA3611551,other,host_subject_id,control sample: BLANK.7.H.r10
2026-10-09,PRJEB11419,SAMEA3611550,other,host_subject_id,control sample: BLANK.7.G.r10
2026-10-09,PRJEB11419,SAMEA3611549,other,host_subject_id,control sample: BLANK.7.F.r10
2026-10-09,PRJEB11419,SAMEA3611547,other,host_subject_id,control sample: BLANK.7.D.r10
2026-10-09,PRJEB11419,SAMEA93070168,other,host_subject_id,control sample: BLANK135.9F.r31
2026-10-09,PRJEB11419,SAMEA93070918,other,host_subject_id,control sample: BLANK135.9G.r31
2026-10-09,PRJEB11419,SAMEA93071668,other,host_subject_id,control sample: BLANK135.9H.r31
2026-10-09,PRJEB83236,SAMEA117484730,other,host_subject_id,control sample: BLANK.3.10C
2026-10-09,PRJEB14801,SAMEA4078400,other,host_subject_id,control sample: BLANK36
2026-10-09,PRJEB83236,SAMEA117484729,other,host_subject_id,control sample: BLANK.3.10B
2026-10-09,PRJEB83236,SAMEA117484728,other,host_subject_id,control sample: BLANK.3.10A
2026-10-09,PRJEB14801,SAMEA4078401,other,host_subject_id,control sample: BLANK37
2026-10-09,PRJEB83236,SAMEA117484727,other,host_subject_id,control sample: BLANK.2.11H
2026-10-09,PRJEB83236,SAMEA117484726,other,host_subject_id,control sample: BLANK.2.11G
2026-10-09,PRJEB14801,SAMEA4078402,other,host_subject_id,control sample: BLANK38
2026-10-09,PRJEB83236,SAMEA117484725,other,host_subject_id,control sample: BLANK.2.11F
2026-10-09,PRJEB83236,SAMEA117484724,other,host_subject_id,control sample: BLANK.2.11E
2026-10-09,PRJEB14801,SAMEA4078403,other,host_subject_id,control sample: BLANK39
2026-10-09,PRJEB83236,SAMEA117484723,other,host_subject_id,control sample: BLANK.2.11D
2026-10-09,PRJEB83236,SAMEA117484722,other,host_subject_id,control sample: BLANK.2.11C
2026-10-09,PRJEB14801,SAMEA4078404,other,host_subject_id,control sample: BLANK4
2026-10-09,PRJEB83236,SAMEA117484721,other,host_subject_id,control sample: BLANK.2.11B
2026-10-09,PRJEB83236,SAMEA117484731,other,host_subject_id,control sample: BLANK.3.10D
2026-10-09,PRJEB83236,SAMEA117484720,other,host_subject_id,control sample: BLANK.2.11A
2026-10-09,PRJEB14801,SAMEA4078399,other,host_subject_id,control sample: BLANK35
2026-10-09,PRJEB83236,SAMEA117484733,other,host_subject_id,control sample: BLANK.3.10F
2026-10-09,PRJEB83236,SAMEA117484743,other,host_subject_id,control sample: BLANK.4.9H
2026-10-09,PRJEB83236,SAMEA117484742,other,host_subject_id,control sample: BLANK.4.9G
2026-10-09,PRJEB14801,SAMEA4078394,other,host_subject_id,control sample: BLANK30
2026-10-09,PRJEB83236,SAMEA117484741,other,host_subject_id,control sample: BLANK.4.9F
2026-10-09,PRJEB83236,SAMEA117484740,other,host_subject_id,control sample: BLANK.4.9E
2026-10-09,PRJEB14801,SAMEA4078395,other,host_subject_id,control sample: BLANK31
2026-10-09,PRJEB83236,SAMEA117484739,other,host_subject_id,control sample: BLANK.4.9D
2026-10-09,PRJEB83236,SAMEA117484738,other,host_subject_id,control sample: BLANK.4.9C
2026-10-09,PRJEB14801,SAMEA4078396,other,host_subject_id,control sample: BLANK32
2026-10-09,PRJEB83236,SAMEA117484737,other,host_subject_id,control sample: BLANK.4.9B
2026-10-09,PRJEB83236,SAMEA117484736,other,host_subject_id,control sample: BLANK.4.9A
2026-10-09,PRJEB14801,SAMEA4078397,other,host_subject_id,control sample: BLANK33
2026-10-09,PRJEB83236,SAMEA117484735,other,host_subject_id,control sample: BLANK.3.10H
2026-10-09,PRJEB83236,SAMEA117484734,other,host_subject_id,control sample: BLANK.3.10G
2026-10-09,PRJEB14801,SAMEA4078398,other,host_subject_id,control sample: BLANK34
2026-10-09,PRJEB83236,SAMEA117484732,other,host_subject_id,control sample: BLANK.3.10E
2026-10-09,PRJEB14801,SAMEA4078405,other,host_subject_id,control sample: BLANK40
2026-10-09,PRJEB83236,SAMEA117484719,other,host_subject_id,control sample: BLANK.1.12H
2026-10-09,PRJEB83236,SAMEA117484718,other,host_subject_id,control sample: BLANK.1.12G
2026-10-09,PRJEB11419,SAMEA93082918,other,host_subject_id,control sample: BLANK138.12D.r31
2026-10-09,PRJEB11419,SAMEA93082168,other,host_subject_id,control sample: BLANK138.12B.r31
2026-10-09,PRJEB11419,SAMEA93081418,other,host_subject_id,control sample: BLANK138.12A.r31
2026-10-09,PRJEB11419,SAMEA93080668,other,host_subject_id,control sample: BLANK137.11H.r31
2026-10-09,PRJEB11419,SAMEA93079918,other,host_subject_id,control sample: BLANK137.11G.r31
2026-10-09,PRJEB11419,SAMEA93079168,other,host_subject_id,control sample: BLANK137.11F.r31
2026-10-09,PRJEB11419,SAMEA93078418,other,host_subject_id,control sample: BLANK137.11E.r31
2026-10-09,PRJEB11419,SAMEA93077668,other,host_subject_id,control sample: BLANK137.11D.r31
2026-10-09,PRJEB11419,SAMEA93076918,other,host_subject_id,control sample: BLANK137.11C.r31
2026-10-09,PRJEB11419,SAMEA93076168,other,host_subject_id,control sample: BLANK137.11A.r31
2026-10-09,PRJEB11419,SAMEA93075418,other,host_subject_id,control sample: BLANK136.10H.r31
2026-10-09,PRJEB11419,SAMEA93074668,other,host_subject_id,control sample: BLANK136.10G.r31
2026-10-09,PRJEB11419,SAMEA93073918,other,host_subject_id,control sample: BLANK136.10E.r31
2026-10-09,PRJEB11419,SAMEA93073168,other,host_subject_id,control sample: BLANK136.10C.r31
2026-10-09,PRJEB11419,SAMEA93072418,other,host_subject_id,control sample: BLANK136.10A.r31
2026-10-09,PRJEB11419,SAMEA93083668,other,host_subject_id,control sample: BLANK138.12E.r31
2026-10-09,PRJEB11419,SAMEA93084418,other,host_subject_id,control sample: BLANK138.12F.r31
2026-10-09,PRJEB11419,SAMEA93085168,other,host_subject_id,control sample: BLANK138.12G.r31
2026-10-09,PRJEB11419,SAMEA93085918,other,host_subject_id,control sample: BLANK138.12H.r31
2026-10-09,PRJEB14801,SAMEA4078406,other,host_subject_id,control sample: BLANK41
2026-10-09,PRJEB83236,SAMEA117484717,other,host_subject_id,control sample: BLANK.1.12F
2026-10-09,PRJEB83236,SAMEA117484716,other,host_subject_id,control sample: BLANK.1.12E
2026-10-09,PRJEB14801,SAMEA4078407,other,host_subject_id,control sample: BLANK42
2026-10-09,PRJEB83236,SAMEA117484715,other,host_subject_id,control sample: BLANK.1.12D
2026-10-09,PRJEB83236,SAMEA117484714,other,host_subject_id,control sample: BLANK.1.12C
2026-10-09,PRJEB14801,SAMEA4078408,other,host_subject_id,control sample: BLANK43
2026-10-09,PRJEB83236,SAMEA117484744,other,host_subject_id,control sample: blank.sep.10.5.b
2026-10-09,PRJEB83236,SAMEA117484713,other,host_subject_id,control sample: BLANK.1.12B
2026-10-09,PRJEB14801,SAMEA4078409,other,host_subject_id,control sample: BLANK44
2026-10-09,PRJNA477357,SAMN09489462,other,host_subject_id,control sample: BLANK
2026-10-09,PRJEB83552,SAMEA117511974,other,host_subject_id,control sample: BLANK.SEP.8.12.D
2026-10-09,PRJEB11419,SAMEA93088918,other,host_subject_id,control sample: BLANK143.5H.r31
2026-10-09,PRJEB11419,SAMEA93088168,other,host_subject_id,control sample: BLANK143.5G.r31
2026-10-09,PRJEB11419,SAMEA93087418,other,host_subject_id,control sample: BLANK143.5F.r31
2026-10-09,PRJEB11419,SAMEA93086668,other,host_subject_id,control sample: BLANK143.5E.r31
2026-10-09,PRJEB83236,SAMEA117484712,other,host_subject_id,control sample: BLANK.1.12A
2026-10-09,PRJEB11419,SAMEA3611529,other,host_subject_id,control sample: BLANK.10.G.r10
2026-10-09,PRJEB83552,SAMEA117558883,other,host_subject_id,control sample: BLANK.SEP.9.12.E
2026-10-09,PRJEB83236,SAMEA117490539,other,host_subject_id,control sample: BLANK.SEP.19.1.H
2026-10-09,PRJEB83552,SAMEA117511477,other,host_subject_id,control sample: BLANK.SEP.2.4.B
2026-10-09,PRJEB83552,SAMEA117512008,other,host_subject_id,control sample: BLANK.SEP.810.D
2026-10-09,PRJEB83552,SAMEA117511476,other,host_subject_id,control sample: BLANK.SEP.2.4.A
2026-10-09,PRJEB83552,SAMEA117511475,other,host_subject_id,control sample: BLANK.SEP.1.9.H
2026-10-09,PRJEB83552,SAMEA117558815,other,host_subject_id,control sample: BLANK.SEP.10.8.A
2026-10-09,PRJEB83552,SAMEA117511474,other,host_subject_id,control sample: BLANK.SEP.1.9.G
2026-10-09,PRJEB83552,SAMEA117511473,other,host_subject_id,control sample: BLANK.SEP.1.9.F
2026-10-09,PRJEB83552,SAMEA117558816,other,host_subject_id,control sample: BLANK.SEP.10.8.B
2026-10-09,PRJEB83552,SAMEA117511472,other,host_subject_id,control sample: BLANK.SEP.1.9.E
2026-10-09,PRJEB83552,SAMEA117511471,other,host_subject_id,control sample: BLANK.SEP.1.9.D
2026-10-09,PRJEB83552,SAMEA117558817,other,host_subject_id,control sample: BLANK.SEP.10.8.C
2026-10-09,PRJEB83552,SAMEA117511470,other,host_subject_id,control sample: BLANK.SEP.1.9.C
2026-10-09,PRJEB83552,SAMEA117511469,other,host_subject_id,control sample: BLANK.SEP.1.9.B
2026-10-09,PRJEB83552,SAMEA117558818,other,host_subject_id,control sample: BLANK.SEP.10.8.D
2026-10-09,PRJEB83552,SAMEA117511468,other,host_subject_id,control sample: BLANK.SEP.1.9.A
2026-10-09,PRJEB83552,SAMEA117511478,other,host_subject_id,control sample: BLANK.SEP.2.4.C
2026-10-09,PRJEB83552,SAMEA117509250,other,host_subject_id,control sample: BLANK.SEP.27.3.H
2026-10-09,PRJEB83552,SAMEA117512007,other,host_subject_id,control sample: BLANK.SEP.8.9.H
2026-10-09,PRJEB83552,SAMEA117511480,other,host_subject_id,control sample: BLANK.SEP.2.4.E
2026-10-09,PRJEB83552,SAMEA117511490,other,host_subject_id,control sample: BLANK.SEP.3.3.G
2026-10-09,PRJEB83552,SAMEA117511489,other,host_subject_id,control sample: BLANK.SEP.3.3.F
2026-10-09,PRJEB83552,SAMEA117512002,other,host_subject_id,control sample: BLANK.SEP.8.8.F
2026-10-09,PRJEB83552,SAMEA117511488,other,host_subject_id,control sample: BLANK.SEP.3.3.E
2026-10-09,PRJEB83552,SAMEA117511487,other,host_subject_id,control sample: BLANK.SEP.3.3.D
2026-10-09,PRJEB83552,SAMEA117512003,other,host_subject_id,control sample: BLANK.SEP.8.8.G
2026-10-09,PRJEB83552,SAMEA117511486,other,host_subject_id,control sample: BLANK.SEP.3.3.C
2026-10-09,PRJEB83552,SAMEA117511485,other,host_subject_id,control sample: BLANK.SEP.3.3.B
2026-10-09,PRJEB83552,SAMEA117512004,other,host_subject_id,control sample: BLANK.SEP.8.8.H
2026-10-09,PRJEB83552,SAMEA117511484,other,host_subject_id,control sample: BLANK.SEP.3.3.A
2026-10-09,PRJEB83552,SAMEA117511483,other,host_subject_id,control sample: BLANK.SEP.2.4.H
2026-10-09,PRJEB83552,SAMEA117512005,other,host_subject_id,control sample: BLANK.SEP.8.9.F
2026-10-09,PRJEB83552,SAMEA117511482,other,host_subject_id,control sample: BLANK.SEP.2.4.G
2026-10-09,PRJEB83552,SAMEA117511481,other,host_subject_id,control sample: BLANK.SEP.2.4.F
2026-10-09,PRJEB83552,SAMEA117512006,other,host_subject_id,control sample: BLANK.SEP.8.9.G
2026-10-09,PRJEB83552,SAMEA117511479,other,host_subject_id,control sample: BLANK.SEP.2.4.D
2026-10-09,PRJEB83552,SAMEA117512001,other,host_subject_id,control sample: BLANK.SEP.8.8.E
2026-10-09,PRJEB83552,SAMEA117558819,other,host_subject_id,control sample: BLANK.SEP.10.8.E
2026-10-09,PRJEB83552,SAMEA117509248,other,host_subject_id,control sample: BLANK.SEP.27.3.F
2026-10-09,PRJEB83552,SAMEA117509235,other,host_subject_id,control sample: BLANK.SEP.26.12.A
2026-10-09,PRJEB83552,SAMEA117509234,other,host_subject_id,control sample: BLANK.SEP.18.6.H
2026-10-09,PRJEB83552,SAMEA117558827,other,host_subject_id,control sample: BLANK.SEP.14.10.E
2026-10-09,PRJEB83552,SAMEA117509233,other,host_subject_id,control sample: BLANK.SEP.18.6.G
2026-10-09,PRJEB83552,SAMEA117509232,other,host_subject_id,control sample: BLANK.SEP.18.6.F
2026-10-09,PRJEB83552,SAMEA117558828,other,host_subject_id,control sample: BLANK.SEP.14.10.F
2026-10-09,PRJEB83552,SAMEA117509231,other,host_subject_id,control sample: BLANK.SEP.18.6.E
2026-10-09,PRJEB83552,SAMEA117509230,other,host_subject_id,control sample: BLANK.SEP.18.6.D
2026-10-09,PRJEB83552,SAMEA117558829,other,host_subject_id,control sample: BLANK.SEP.14.10.G
2026-10-09,PRJEB83552,SAMEA117509229,other,host_subject_id,control sample: BLANK.SEP.18.6.C
2026-10-09,PRJEB83552,SAMEA117509228,other,host_subject_id,control sample: BLANK.SEP.18.6.B
2026-10-09,PRJEB83552,SAMEA117558830,other,host_subject_id,control sample: BLANK.SEP.14.10.H
2026-10-09,PRJEB83552,SAMEA117509227,other,host_subject_id,control sample: BLANK.SEP.18.6.A
2026-10-09,PRJEB83552,SAMEA117509226,other,host_subject_id,control sample: BLANK.SEP.17.5.H
2026-10-09,PRJEB83552,SAMEA117558831,other,host_subject_id,control sample: BLANK.SEP.14.12.E
2026-10-09,PRJEB83552,SAMEA117558826,other,host_subject_id,control sample: BLANK.SEP.14.10.D
2026-10-09,PRJEB83552,SAMEA117509249,other,host_subject_id,control sample: BLANK.SEP.27.3.G
2026-10-09,PRJEB83552,SAMEA117509236,other,host_subject_id,control sample: BLANK.SEP.26.12.B
2026-10-09,PRJEB83552,SAMEA117558825,other,host_subject_id,control sample: BLANK.SEP.14.10.C
2026-10-09,PRJEB83552,SAMEA117558820,other,host_subject_id,control sample: BLANK.SEP.10.8.F
2026-10-09,PRJEB83552,SAMEA117509247,other,host_subject_id,control sample: BLANK.SEP.27.3.E
2026-10-09,PRJEB83552,SAMEA117509246,other,host_subject_id,control sample: BLANK.SEP.27.3.D
2026-10-09,PRJEB83552,SAMEA117558821,other,host_subject_id,control sample: BLANK.SEP.10.8.G
2026-10-09,PRJEB83552,SAMEA117509245,other,host_subject_id,control sample: BLANK.SEP.27.3.C
2026-10-09,PRJEB83552,SAMEA117509244,other,host_subject_id,control sample: BLANK.SEP.27.3.B
2026-10-09,PRJEB83552,SAMEA117558822,other,host_subject_id,control sample: BLANK.SEP.10.8.H
2026-10-09,PRJEB83552,SAMEA117509243,other,host_subject_id,control sample: BLANK.SEP.27.3.A
2026-10-09,PRJEB83552,SAMEA117509242,other,host_subject_id,control sample: BLANK.SEP.26.12.H
2026-10-09,PRJEB83552,SAMEA117558823,other,host_subject_id,control sample: BLANK.SEP.14.10.A
2026-10-09,PRJEB83552,SAMEA117509241,other,host_subject_id,control sample: BLANK.SEP.26.12.G
2026-10-09,PRJEB83552,SAMEA117509240,other,host_subject_id,control sample: BLANK.SEP.26.12.F
2026-10-09,PRJEB83552,SAMEA117558824,other,host_subject_id,control sample: BLANK.SEP.14.10.B
2026-10-09,PRJEB83552,SAMEA117509239,other,host_subject_id,control sample: BLANK.SEP.26.12.E
2026-10-09,PRJEB83552,SAMEA117509238,other,host_subject_id,control sample: BLANK.SEP.26.12.D
2026-10-09,PRJEB83552,SAMEA117509237,other,host_subject_id,control sample: BLANK.SEP.26.12.C
2026-10-09,PRJEB83552,SAMEA117511491,other,host_subject_id,control sample: BLANK.SEP.3.3.H
2026-10-09,PRJEB83552,SAMEA117511492,other,host_subject_id,control sample: BLANK.SEP.4.5.A
2026-10-09,PRJEB83552,SAMEA117512000,other,host_subject_id,control sample: BLANK.SEP.8.8.D
2026-10-09,PRJEB83552,SAMEA117511982,other,host_subject_id,control sample: BLANK.SEP.8.3.F
2026-10-09,PRJEB83552,SAMEA117511960,other,host_subject_id,control sample: BLANK.SEP.8.10.F
2026-10-09,PRJEB83552,SAMEA117511959,other,host_subject_id,control sample: BLANK.SEP.8.10.E
2026-10-09,PRJEB83552,SAMEA117511983,other,host_subject_id,control sample: BLANK.SEP.8.3.G
2026-10-09,PRJEB83552,SAMEA117511958,other,host_subject_id,control sample: BLANK.SEP.8.1.H
2026-10-09,PRJEB83552,SAMEA117511957,other,host_subject_id,control sample: BLANK.SEP.8.1.G
2026-10-09,PRJEB83552,SAMEA117511984,other,host_subject_id,control sample: BLANK.SEP.8.3.H
2026-10-09,PRJEB83552,SAMEA117511956,other,host_subject_id,control sample: BLANK.SEP.8.1.F
2026-10-09,PRJEB83552,SAMEA117511955,other,host_subject_id,control sample: BLANK.SEP.7.7.H
2026-10-09,PRJEB83552,SAMEA117511985,other,host_subject_id,control sample: BLANK.SEP.8.4.F
2026-10-09,PRJEB83552,SAMEA117511954,other,host_subject_id,control sample: BLANK.SEP.7.7.G
2026-10-09,PRJEB83552,SAMEA117511953,other,host_subject_id,control sample: BLANK.SEP.7.7.F
2026-10-09,PRJEB83552,SAMEA117511986,other,host_subject_id,control sample: BLANK.SEP.8.4.G
2026-10-09,PRJEB83552,SAMEA117511952,other,host_subject_id,control sample: BLANK.SEP.7.7.E
2026-10-09,PRJEB83552,SAMEA117511951,other,host_subject_id,control sample: BLANK.SEP.7.7.D
2026-10-09,PRJEB83552,SAMEA117511961,other,host_subject_id,control sample: BLANK.SEP.8.10.G
2026-10-09,PRJEB83552,SAMEA117511987,other,host_subject_id,control sample: BLANK.SEP.8.4.H
2026-10-09,PRJEB83552,SAMEA117511962,other,host_subject_id,control sample: BLANK.SEP.8.10.H
2026-10-09,PRJEB83552,SAMEA117511963,other,host_subject_id,control sample: BLANK.SEP.8.11.A
2026-10-09,PRJEB83552,SAMEA117511973,other,host_subject_id,control sample: BLANK.SEP.8.12.C
2026-10-09,PRJEB83552,SAMEA117511976,other,host_subject_id,control sample: BLANK.SEP.8.12.F
2026-10-09,PRJEB83552,SAMEA117511972,other,host_subject_id,control sample: BLANK.SEP.8.12.B
2026-10-09,PRJEB83552,SAMEA117511971,other,host_subject_id,control sample: BLANK.SEP.8.12.A
2026-10-09,PRJEB83552,SAMEA117511977,other,host_subject_id,control sample: BLANK.SEP.8.12.G
2026-10-09,PRJEB83552,SAMEA117511970,other,host_subject_id,control sample: BLANK.SEP.8.11.H
2026-10-09,PRJEB83552,SAMEA117511969,other,host_subject_id,control sample: BLANK.SEP.8.11.G
2026-10-09,PRJEB83552,SAMEA117511978,other,host_subject_id,control sample: BLANK.SEP.8.12.H
2026-10-09,PRJEB83552,SAMEA117511968,other,host_subject_id,control sample: BLANK.SEP.8.11.F
2026-10-09,PRJEB83552,SAMEA117511967,other,host_subject_id,control sample: BLANK.SEP.8.11.E
2026-10-09,PRJEB83552,SAMEA117511979,other,host_subject_id,control sample: BLANK.SEP.8.2.F
2026-10-09,PRJEB83552,SAMEA117511966,other,host_subject_id,control sample: BLANK.SEP.8.11.D
2026-10-09,PRJEB83552,SAMEA117511965,other,host_subject_id,control sample: BLANK.SEP.8.11.C
2026-10-09,PRJEB83552,SAMEA117511980,other,host_subject_id,control sample: BLANK.SEP.8.2.G
2026-10-09,PRJEB83552,SAMEA117511964,other,host_subject_id,control sample: BLANK.SEP.8.11.B
2026-10-09,PRJEB83552,SAMEA117511981,other,host_subject_id,control sample: BLANK.SEP.8.2.H
2026-10-09,PRJEB83552,SAMEA117511950,other,host_subject_id,control sample: BLANK.SEP.7.7.C
2026-10-09,PRJEB83552,SAMEA117511949,other,host_subject_id,control sample: BLANK.SEP.7.7.B
2026-10-09,PRJEB83552,SAMEA117511988,other,host_subject_id,control sample: BLANK.SEP.8.5.F
2026-10-09,PRJEB83552,SAMEA117511995,other,host_subject_id,control sample: BLANK.SEP.8.7.G
2026-10-09,PRJEB83552,SAMEA117511934,other,host_subject_id,control sample: BLANK.SEP.5.12.C
2026-10-09,PRJEB83552,SAMEA117511933,other,host_subject_id,control sample: BLANK.SEP.5.12.B
2026-10-09,PRJEB83552,SAMEA117511996,other,host_subject_id,control sample: BLANK.SEP.8.7.H
2026-10-09,PRJEB83552,SAMEA117511932,other,host_subject_id,control sample: BLANK.SEP.5.12.A
2026-10-09,PRJEB83552,SAMEA117511499,other,host_subject_id,control sample: BLANK.SEP.4.5.H
2026-10-09,PRJEB83552,SAMEA117511997,other,host_subject_id,control sample: BLANK.SEP.8.8.A
2026-10-09,PRJEB83552,SAMEA117511498,other,host_subject_id,control sample: BLANK.SEP.4.5.G
2026-10-09,PRJEB83552,SAMEA117511497,other,host_subject_id,control sample: BLANK.SEP.4.5.F
2026-10-09,PRJEB83552,SAMEA117511998,other,host_subject_id,control sample: BLANK.SEP.8.8.B
2026-10-09,PRJEB83552,SAMEA117511496,other,host_subject_id,control sample: BLANK.SEP.4.5.E
2026-10-09,PRJEB83552,SAMEA117511495,other,host_subject_id,control sample: BLANK.SEP.4.5.D
2026-10-09,PRJEB83552,SAMEA117511999,other,host_subject_id,control sample: BLANK.SEP.8.8.C
2026-10-09,PRJEB83552,SAMEA117511494,other,host_subject_id,control sample: BLANK.SEP.4.5.C
2026-10-09,PRJEB83552,SAMEA117511493,other,host_subject_id,control sample: BLANK.SEP.4.5.B
2026-10-09,PRJEB83552,SAMEA117511935,other,host_subject_id,control sample: BLANK.SEP.5.12.D
2026-10-09,PRJEB83552,SAMEA117511936,other,host_subject_id,control sample: BLANK.SEP.5.12.E
2026-10-09,PRJEB83552,SAMEA117511994,other,host_subject_id,control sample: BLANK.SEP.8.7.F
2026-10-09,PRJEB83552,SAMEA117511937,other,host_subject_id,control sample: BLANK.SEP.5.12.F
2026-10-09,PRJEB83552,SAMEA117511948,other,host_subject_id,control sample: BLANK.SEP.7.7.A
2026-10-09,PRJEB83552,SAMEA117511947,other,host_subject_id,control sample: BLANK.SEP.6.6.H
2026-10-09,PRJEB83552,SAMEA117511989,other,host_subject_id,control sample: BLANK.SEP.8.5.G
2026-10-09,PRJEB83552,SAMEA117511946,other,host_subject_id,control sample: BLANK.SEP.6.6.G
2026-10-09,PRJEB83552,SAMEA117511945,other,host_subject_id,control sample: BLANK.SEP.6.6.F
2026-10-09,PRJEB83552,SAMEA117511990,other,host_subject_id,control sample: BLANK.SEP.8.5.H
2026-10-09,PRJEB83552,SAMEA117511944,other,host_subject_id,control sample: BLANK.SEP.6.6.E
2026-10-09,PRJEB83552,SAMEA117509225,other,host_subject_id,control sample: BLANK.SEP.17.5.G
2026-10-09,PRJEB83552,SAMEA117511943,other,host_subject_id,control sample: BLANK.SEP.6.6.D
2026-10-09,PRJEB83552,SAMEA117511942,other,host_subject_id,control sample: BLANK.SEP.6.6.C
2026-10-09,PRJEB83552,SAMEA117511941,other,host_subject_id,control sample: BLANK.SEP.6.6.B
2026-10-09,PRJEB83552,SAMEA117511992,other,host_subject_id,control sample: BLANK.SEP.8.6.G
2026-10-09,PRJEB83552,SAMEA117511940,other,host_subject_id,control sample: BLANK.SEP.6.6.A
2026-10-09,PRJEB83552,SAMEA117511939,other,host_subject_id,control sample: BLANK.SEP.5.12.H
2026-10-09,PRJEB83552,SAMEA117511993,other,host_subject_id,control sample: BLANK.SEP.8.6.H
2026-10-09,PRJEB83552,SAMEA117511938,other,host_subject_id,control sample: BLANK.SEP.5.12.G
2026-10-09,PRJEB83552,SAMEA117511991,other,host_subject_id,control sample: BLANK.SEP.8.6.F
2026-10-09,PRJEB83236,SAMEA117490538,other,host_subject_id,control sample: BLANK.SEP.19.1.G
2026-10-09,PRJEB83552,SAMEA117509224,other,host_subject_id,control sample: BLANK.SEP.17.5.F
2026-10-09,PRJEB83552,SAMEA117509223,other,host_subject_id,control sample: BLANK.SEP.17.5.E
2026-10-09,PRJEB83236,SAMEA117490574,other,host_subject_id,control sample: BLANK.SEP.20.8.B
2026-10-09,PRJEB83552,SAMEA117558865,other,host_subject_id,control sample: BLANK.SEP.14.9.C
2026-10-09,PRJEB83236,SAMEA117490573,other,host_subject_id,control sample: BLANK.SEP.20.6.H
2026-10-09,PRJEB83236,SAMEA117490572,other,host_subject_id,control sample: BLANK.SEP.20.6.G
2026-10-09,PRJEB83552,SAMEA117558866,other,host_subject_id,control sample: BLANK.SEP.14.9.D
2026-10-09,PRJEB83236,SAMEA117490571,other,host_subject_id,control sample: BLANK.SEP.20.6.F
2026-10-09,PRJEB83236,SAMEA117490570,other,host_subject_id,control sample: BLANK.SEP.20.6.E
2026-10-09,PRJEB83552,SAMEA117558867,other,host_subject_id,control sample: BLANK.SEP.14.9.E
2026-10-09,PRJEB83236,SAMEA117490569,other,host_subject_id,control sample: BLANK.SEP.20.6.D
2026-10-09,PRJEB83236,SAMEA117490568,other,host_subject_id,control sample: BLANK.SEP.20.6.C
2026-10-09,PRJEB83552,SAMEA117558868,other,host_subject_id,control sample: BLANK.SEP.14.9.F
2026-10-09,PRJEB83236,SAMEA117490567,other,host_subject_id,control sample: BLANK.SEP.20.6.B
2026-10-09,PRJEB83236,SAMEA117490566,other,host_subject_id,control sample: BLANK.SEP.20.6.A
2026-10-09,PRJEB83552,SAMEA117558869,other,host_subject_id,control sample: BLANK.SEP.14.9.G
2026-10-09,PRJEB83236,SAMEA117490565,other,host_subject_id,control sample: BLANK.SEP.20.5.H
2026-10-09,PRJEB83236,SAMEA117490575,other,host_subject_id,control sample: BLANK.SEP.20.8.C
2026-10-09,PRJEB83236,SAMEA117490564,other,host_subject_id,control sample: BLANK.SEP.20.5.G
2026-10-09,PRJEB83552,SAMEA117558864,other,host_subject_id,control sample: BLANK.SEP.14.9.B
2026-10-09,PRJEB83236,SAMEA117490577,other,host_subject_id,control sample: BLANK.SEP.20.8.E
2026-10-09,PRJEB83236,SAMEA117490587,other,host_subject_id,control sample: BLANK.SEP.20.9.G
2026-10-09,PRJEB83236,SAMEA117490586,other,host_subject_id,control sample: BLANK.SEP.20.9.F
2026-10-09,PRJEB83552,SAMEA117558859,other,host_subject_id,control sample: BLANK.SEP.14.8.E
2026-10-09,PRJEB83236,SAMEA117490585,other,host_subject_id,control sample: BLANK.SEP.20.9.E
2026-10-09,PRJEB83236,SAMEA117490584,other,host_subject_id,control sample: BLANK.SEP.20.9.D
2026-10-09,PRJEB83552,SAMEA117558860,other,host_subject_id,control sample: BLANK.SEP.14.8.F
2026-10-09,PRJEB83236,SAMEA117490583,other,host_subject_id,control sample: BLANK.SEP.20.9.C
2026-10-09,PRJEB83236,SAMEA117490582,other,host_subject_id,control sample: BLANK.SEP.20.9.B
2026-10-09,PRJEB83552,SAMEA117558861,other,host_subject_id,control sample: BLANK.SEP.14.8.G
2026-10-09,PRJEB83236,SAMEA117490581,other,host_subject_id,control sample: BLANK.SEP.20.9.A
2026-10-09,PRJEB83236,SAMEA117490580,other,host_subject_id,control sample: BLANK.SEP.20.8.H
2026-10-09,PRJEB83552,SAMEA117558862,other,host_subject_id,control sample: BLANK.SEP.14.8.H
2026-10-09,PRJEB83236,SAMEA117490579,other,host_subject_id,control sample: BLANK.SEP.20.8.G
2026-10-09,PRJEB83236,SAMEA117490578,other,host_subject_id,control sample: BLANK.SEP.20.8.F
2026-10-09,PRJEB83552,SAMEA117558863,other,host_subject_id,control sample: BLANK.SEP.14.9.A
2026-10-09,PRJEB83236,SAMEA117490576,other,host_subject_id,control sample: BLANK.SEP.20.8.D
2026-10-09,PRJEB83552,SAMEA117558858,other,host_subject_id,control sample: BLANK.SEP.14.8.D
2026-10-09,PRJEB83552,SAMEA117558870,other,host_subject_id,control sample: BLANK.SEP.14.9.H
2026-10-09,PRJEB83236,SAMEA117490562,other,host_subject_id,control sample: BLANK.SEP.20.12.G
2026-10-09,PRJEB83236,SAMEA117490549,other,host_subject_id,control sample: BLANK.SEP.20.11.B
2026-10-09,PRJEB83236,SAMEA117490548,other,host_subject_id,control sample: BLANK.SEP.20.11.A
2026-10-09,PRJEB83552,SAMEA117558878,other,host_subject_id,control sample: BLANK.SEP.22.11.H
2026-10-09,PRJEB83236,SAMEA117490547,other,host_subject_id,control sample: BLANK.SEP.20.10.H
2026-10-09,PRJEB83236,SAMEA117490546,other,host_subject_id,control sample: BLANK.SEP.20.10.G
2026-10-09,PRJEB83552,SAMEA117558879,other,host_subject_id,control sample: BLANK.SEP.9.12.A
2026-10-09,PRJEB83236,SAMEA117490545,other,host_subject_id,control sample: BLANK.SEP.20.10.F
2026-10-09,PRJEB83236,SAMEA117490544,other,host_subject_id,control sample: BLANK.SEP.20.10.E
2026-10-09,PRJEB83552,SAMEA117558880,other,host_subject_id,control sample: BLANK.SEP.9.12.B
2026-10-09,PRJEB83236,SAMEA117490543,other,host_subject_id,control sample: BLANK.SEP.20.10.D
2026-10-09,PRJEB83236,SAMEA117490542,other,host_subject_id,control sample: BLANK.SEP.20.10.C
2026-10-09,PRJEB83552,SAMEA117558881,other,host_subject_id,control sample: BLANK.SEP.9.12.C
2026-10-09,PRJEB83236,SAMEA117490541,other,host_subject_id,control sample: BLANK.SEP.20.10.B
2026-10-09,PRJEB83236,SAMEA117490540,other,host_subject_id,control sample: BLANK.SEP.20.10.A
2026-10-09,PRJEB83552,SAMEA117558882,other,host_subject_id,control sample: BLANK.SEP.9.12.D
2026-10-09,PRJEB83552,SAMEA117558877,other,host_subject_id,control sample: BLANK.SEP.22.11.G
2026-10-09,PRJEB83236,SAMEA117490563,other,host_subject_id,control sample: BLANK.SEP.20.12.H
2026-10-09,PRJEB83236,SAMEA117490550,other,host_subject_id,control sample: BLANK.SEP.20.11.C
2026-10-09,PRJEB83552,SAMEA117558876,other,host_subject_id,control sample: BLANK.SEP.22.11.F
2026-10-09,PRJEB83552,SAMEA117558871,other,host_subject_id,control sample: BLANK.SEP.22.11.A
2026-10-09,PRJEB83236,SAMEA117490561,other,host_subject_id,control sample: BLANK.SEP.20.12.F
2026-10-09,PRJEB83236,SAMEA117490560,other,host_subject_id,control sample: BLANK.SEP.20.12.E
2026-10-09,PRJEB83552,SAMEA117558872,other,host_subject_id,control sample: BLANK.SEP.22.11.B
2026-10-09,PRJEB83236,SAMEA117490559,other,host_subject_id,control sample: BLANK.SEP.20.12.D
2026-10-09,PRJEB83236,SAMEA117490558,other,host_subject_id,control sample: BLANK.SEP.20.12.C
2026-10-09,PRJEB83552,SAMEA117558873,other,host_subject_id,control sample: BLANK.SEP.22.11.C
2026-10-09,PRJEB83236,SAMEA117490557,other,host_subject_id,control sample: BLANK.SEP.20.12.B
2026-10-09,PRJEB83236,SAMEA117490556,other,host_subject_id,control sample: BLANK.SEP.20.12.A
2026-10-09,PRJEB83552,SAMEA117558874,other,host_subject_id,control sample: BLANK.SEP.22.11.D
2026-10-09,PRJEB83236,SAMEA117490555,other,host_subject_id,control sample: BLANK.SEP.20.11.H
2026-10-09,PRJEB83236,SAMEA117490554,other,host_subject_id,control sample: BLANK.SEP.20.11.G
2026-10-09,PRJEB83552,SAMEA117558875,other,host_subject_id,control sample: BLANK.SEP.22.11.E
2026-10-09,PRJEB83236,SAMEA117490553,other,host_subject_id,control sample: BLANK.SEP.20.11.F
2026-10-09,PRJEB83236,SAMEA117490552,other,host_subject_id,control sample: BLANK.SEP.20.11.E
2026-10-09,PRJEB83236,SAMEA117490551,other,host_subject_id,control sample: BLANK.SEP.20.11.D
2026-10-09,PRJEB83236,SAMEA117490588,other,host_subject_id,control sample: BLANK.SEP.20.9.H
2026-10-09,PRJEB83236,SAMEA117490589,other,host_subject_id,control sample: BLANK.SEP.21.9.A
2026-10-09,PRJEB83552,SAMEA117558857,other,host_subject_id,control sample: BLANK.SEP.14.8.C
2026-10-09,PRJEB83552,SAMEA117558839,other,host_subject_id,control sample: BLANK.SEP.14.6.A
2026-10-09,PRJEB83552,SAMEA117508828,other,host_subject_id,control sample: BLANK.SEP.15.9.G
2026-10-09,PRJEB83552,SAMEA117508827,other,host_subject_id,control sample: BLANK.SEP.15.9.F
2026-10-09,PRJEB83552,SAMEA117558840,other,host_subject_id,control sample: BLANK.SEP.14.6.B
2026-10-09,PRJEB83552,SAMEA117508826,other,host_subject_id,control sample: BLANK.SEP.15.9.E
2026-10-09,PRJEB83552,SAMEA117508825,other,host_subject_id,control sample: BLANK.SEP.15.9.D
2026-10-09,PRJEB83552,SAMEA117558841,other,host_subject_id,control sample: BLANK.SEP.14.6.C
2026-10-09,PRJEB83552,SAMEA117508824,other,host_subject_id,control sample: BLANK.SEP.15.9.C
2026-10-09,PRJEB83552,SAMEA117508823,other,host_subject_id,control sample: BLANK.SEP.15.9.B
2026-10-09,PRJEB83552,SAMEA117558842,other,host_subject_id,control sample: BLANK.SEP.14.6.D
2026-10-09,PRJEB83552,SAMEA117508822,other,host_subject_id,control sample: BLANK.SEP.15.9.A
2026-10-09,PRJEB83552,SAMEA117508821,other,host_subject_id,control sample: BLANK.SEP.13.1.H
2026-10-09,PRJEB83552,SAMEA117558843,other,host_subject_id,control sample: BLANK.SEP.14.6.E
2026-10-09,PRJEB83552,SAMEA117508820,other,host_subject_id,control sample: BLANK.SEP.13.1.G
2026-10-09,PRJEB83552,SAMEA117508819,other,host_subject_id,control sample: BLANK.SEP.13.1.F
2026-10-09,PRJEB83552,SAMEA117508829,other,host_subject_id,control sample: BLANK.SEP.15.9.H
2026-10-09,PRJEB83552,SAMEA117558844,other,host_subject_id,control sample: BLANK.SEP.14.6.F
2026-10-09,PRJEB83552,SAMEA117508830,other,host_subject_id,control sample: BLANK.SEP.23.12.A
2026-10-09,PRJEB83552,SAMEA117508831,other,host_subject_id,control sample: BLANK.SEP.23.12.B
2026-10-09,PRJEB83552,SAMEA117509222,other,host_subject_id,control sample: BLANK.SEP.17.5.D
2026-10-09,PRJEB83552,SAMEA117558833,other,host_subject_id,control sample: BLANK.SEP.14.12.G
2026-10-09,PRJEB83552,SAMEA117509221,other,host_subject_id,control sample: BLANK.SEP.17.5.C
2026-10-09,PRJEB83552,SAMEA117509220,other,host_subject_id,control sample: BLANK.SEP.17.5.B
2026-10-09,PRJEB83552,SAMEA117558834,other,host_subject_id,control sample: BLANK.SEP.14.12.H
2026-10-09,PRJEB83552,SAMEA117509219,other,host_subject_id,control sample: BLANK.SEP.17.5.A
2026-10-09,PRJEB83552,SAMEA117508837,other,host_subject_id,control sample: BLANK.SEP.23.12.H
2026-10-09,PRJEB83552,SAMEA117558835,other,host_subject_id,control sample: BLANK.SEP.14.5.E
2026-10-09,PRJEB83552,SAMEA117508836,other,host_subject_id,control sample: BLANK.SEP.23.12.G
2026-10-09,PRJEB83552,SAMEA117508835,other,host_subject_id,control sample: BLANK.SEP.23.12.F
2026-10-09,PRJEB83552,SAMEA117558836,other,host_subject_id,control sample: BLANK.SEP.14.5.F
2026-10-09,PRJEB83552,SAMEA117508834,other,host_subject_id,control sample: BLANK.SEP.23.12.E
2026-10-09,PRJEB83552,SAMEA117508833,other,host_subject_id,control sample: BLANK.SEP.23.12.D
2026-10-09,PRJEB83552,SAMEA117558837,other,host_subject_id,control sample: BLANK.SEP.14.5.G
2026-10-09,PRJEB83552,SAMEA117508832,other,host_subject_id,control sample: BLANK.SEP.23.12.C
2026-10-09,PRJEB83552,SAMEA117558838,other,host_subject_id,control sample: BLANK.SEP.14.5.H
2026-10-09,PRJEB83552,SAMEA117508818,other,host_subject_id,control sample: BLANK.SEP.13.1.E
2026-10-09,PRJEB83552,SAMEA117508817,other,host_subject_id,control sample: BLANK.SEP.13.1.D
2026-10-09,PRJEB83552,SAMEA117558845,other,host_subject_id,control sample: BLANK.SEP.14.6.G
2026-10-09,PRJEB83552,SAMEA117558852,other,host_subject_id,control sample: BLANK.SEP.14.7.F
2026-10-09,PRJEB83236,SAMEA117490599,other,host_subject_id,control sample: BLANK.SEP.23.2.C
2026-10-09,PRJEB83236,SAMEA117490598,other,host_subject_id,control sample: BLANK.SEP.23.2.B
2026-10-09,PRJEB83552,SAMEA117558853,other,host_subject_id,control sample: BLANK.SEP.14.7.G
2026-10-09,PRJEB83236,SAMEA117490597,other,host_subject_id,control sample: BLANK.SEP.23.2.A
2026-10-09,PRJEB83236,SAMEA117490596,other,host_subject_id,control sample: BLANK.SEP.21.9.H
2026-10-09,PRJEB83552,SAMEA117558854,other,host_subject_id,control sample: BLANK.SEP.14.7.H
2026-10-09,PRJEB83236,SAMEA117490595,other,host_subject_id,control sample: BLANK.SEP.21.9.G
2026-10-09,PRJEB83236,SAMEA117490594,other,host_subject_id,control sample: BLANK.SEP.21.9.F
2026-10-09,PRJEB83552,SAMEA117558855,other,host_subject_id,control sample: BLANK.SEP.14.8.A
2026-10-09,PRJEB83236,SAMEA117490593,other,host_subject_id,control sample: BLANK.SEP.21.9.E
2026-10-09,PRJEB83236,SAMEA117490592,other,host_subject_id,control sample: BLANK.SEP.21.9.D
2026-10-09,PRJEB83552,SAMEA117558856,other,host_subject_id,control sample: BLANK.SEP.14.8.B
2026-10-09,PRJEB83236,SAMEA117490591,other,host_subject_id,control sample: BLANK.SEP.21.9.C
2026-10-09,PRJEB83236,SAMEA117490590,other,host_subject_id,control sample: BLANK.SEP.21.9.B
2026-10-09,PRJEB83236,SAMEA117490600,other,host_subject_id,control sample: BLANK.SEP.23.2.D
2026-10-09,PRJEB83236,SAMEA117490601,other,host_subject_id,control sample: BLANK.SEP.23.2.E
2026-10-09,PRJEB83552,SAMEA117558851,other,host_subject_id,control sample: BLANK.SEP.14.7.E
2026-10-09,PRJEB83236,SAMEA117490602,other,host_subject_id,control sample: BLANK.SEP.23.2.F
2026-10-09,PRJEB83552,SAMEA117508816,other,host_subject_id,control sample: BLANK.SEP.13.1.C
2026-10-09,PRJEB83552,SAMEA117508815,other,host_subject_id,control sample: BLANK.SEP.13.1.B
2026-10-09,PRJEB83552,SAMEA117558846,other,host_subject_id,control sample: BLANK.SEP.14.6.H
2026-10-09,PRJEB83552,SAMEA117508814,other,host_subject_id,control sample: BLANK.SEP.13.1.A
2026-10-09,PRJEB83552,SAMEA117508813,other,host_subject_id,control sample: BLANK.SEP.11.11.H
2026-10-09,PRJEB83552,SAMEA117558847,other,host_subject_id,control sample: BLANK.SEP.14.7.A
2026-10-09,PRJEB83552,SAMEA117508812,other,host_subject_id,control sample: BLANK.SEP.11.11.G
2026-10-09,PRJEB83552,SAMEA117558832,other,host_subject_id,control sample: BLANK.SEP.14.12.F
2026-10-09,PRJEB83552,SAMEA117508811,other,host_subject_id,control sample: BLANK.SEP.11.11.F
2026-10-09,PRJEB83552,SAMEA117508810,other,host_subject_id,control sample: BLANK.SEP.11.11.E
2026-10-09,PRJEB83552,SAMEA117508809,other,host_subject_id,control sample: BLANK.SEP.11.11.D
2026-10-09,PRJEB83552,SAMEA117558849,other,host_subject_id,control sample: BLANK.SEP.14.7.C
2026-10-09,PRJEB83552,SAMEA117508808,other,host_subject_id,control sample: BLANK.SEP.11.11.C
2026-10-09,PRJEB83552,SAMEA117508807,other,host_subject_id,control sample: BLANK.SEP.11.11.B
2026-10-09,PRJEB83552,SAMEA117558850,other,host_subject_id,control sample: BLANK.SEP.14.7.D
2026-10-09,PRJEB83552,SAMEA117508806,other,host_subject_id,control sample: BLANK.SEP.11.11.A
2026-10-09,PRJEB83552,SAMEA117558848,other,host_subject_id,control sample: BLANK.SEP.14.7.B
2026-10-09,PRJEB11419,SAMEA3611528,other,host_subject_id,control sample: BLANK.10.F.r10
2026-10-09,PRJEB83552,SAMEA117511975,other,host_subject_id,control sample: BLANK.SEP.8.12.E
2026-10-09,PRJEB11419,SAMEA3611526,other,host_subject_id,control sample: BLANK.10.D.r10
2026-10-09,PRJEB11419,SAMEA104458526,other,host_subject_id,control sample: BLANK.D12.IS
2026-10-09,PRJEB11419,SAMEA104458527,other,host_subject_id,control sample: BLANK.D4.IS
2026-10-09,PRJEB14801,SAMEA4078434,other,host_subject_id,control sample: BLANK67
2026-10-09,PRJEB11419,SAMEA104458528,other,host_subject_id,control sample: BLANK.D7.IS
2026-10-09,PRJEB11419,SAMEA104458529,other,host_subject_id,control sample: BLANK.E12.IS
2026-10-09,PRJEB14801,SAMEA4078433,other,host_subject_id,control sample: BLANK66
2026-10-09,PRJEB11419,SAMEA104458530,other,host_subject_id,control sample: BLANK.F12.IS
2026-10-09,PRJEB11419,SAMEA104458531,other,host_subject_id,control sample: BLANK.G12.IS
2026-10-09,PRJEB14801,SAMEA4078432,other,host_subject_id,control sample: BLANK65
2026-10-09,PRJEB11419,SAMEA104458532,other,host_subject_id,control sample: BLANK.H12.IS
2026-10-09,PRJEB11419,SAMEA104459040,other,host_subject_id,control sample: BLANK_16_12D
2026-10-09,PRJEB14801,SAMEA4078431,other,host_subject_id,control sample: BLANK64
2026-10-09,PRJEB14801,SAMEA4078435,other,host_subject_id,control sample: BLANK68
2026-10-09,PRJEB11419,SAMEA104459041,other,host_subject_id,control sample: BLANK_16_7A
2026-10-09,PRJEB14801,SAMEA4078430,other,host_subject_id,control sample: BLANK63
2026-10-09,PRJEB11419,SAMEA104459043,other,host_subject_id,control sample: BLANK_16_7C
2026-10-09,PRJEB11419,SAMEA104459044,other,host_subject_id,control sample: BLANK_16_7D
2026-10-09,PRJEB14801,SAMEA4078429,other,host_subject_id,control sample: BLANK62
2026-10-09,PRJEB11419,SAMEA104459045,other,host_subject_id,control sample: BLANK_16_7E
2026-10-09,PRJEB11419,SAMEA104459046,other,host_subject_id,control sample: BLANK_16_7F
2026-10-09,PRJEB14801,SAMEA4078428,other,host_subject_id,control sample: BLANK61
2026-10-09,PRJEB11419,SAMEA104459047,other,host_subject_id,control sample: BLANK_16_7G
2026-10-09,PRJEB11419,SAMEA104459048,other,host_subject_id,control sample: BLANK_16_7H
2026-10-09,PRJEB14801,SAMEA4078427,other,host_subject_id,control sample: BLANK60
2026-10-09,PRJEB11419,SAMEA104459049,other,host_subject_id,control sample: BLANK168_6A
2026-10-09,PRJEB11419,SAMEA104459050,other,host_subject_id,control sample: BLANK168_6B
2026-10-09,PRJEB11419,SAMEA104459042,other,host_subject_id,control sample: BLANK_16_7B
2026-10-09,PRJEB14801,SAMEA4078426,other,host_subject_id,control sample: BLANK6
2026-10-09,PRJEB11419,SAMEA104458525,other,host_subject_id,control sample: BLANK.C7.IS
2026-10-09,PRJEB14801,SAMEA4078436,other,host_subject_id,control sample: BLANK69
2026-10-09,PRJEB108678,SAMEA121762777,other,host_subject_id,control sample: BLANK.MPrint.2.E1
2026-10-09,PRJEB108678,SAMEA121762778,other,host_subject_id,control sample: BLANK.MPrint.2.F10
2026-10-09,PRJEB14801,SAMEA4078444,other,host_subject_id,control sample: BLANK76
2026-10-09,PRJEB108678,SAMEA121762779,other,host_subject_id,control sample: BLANK.MPrint.2.G4
2026-10-09,PRJEB108678,SAMEA121762780,other,host_subject_id,control sample: BLANK.MPrint.3.A12
2026-10-09,PRJEB14801,SAMEA4078443,other,host_subject_id,control sample: BLANK75
2026-10-09,PRJEB108678,SAMEA121762781,other,host_subject_id,control sample: BLANK.MPrint.3.A4
2026-10-09,PRJEB108678,SAMEA121762782,other,host_subject_id,control sample: BLANK.MPrint.3.E7
2026-10-09,PRJEB14801,SAMEA4078442,other,host_subject_id,control sample: BLANK74
2026-10-09,PRJEB108678,SAMEA121762783,other,host_subject_id,control sample: BLANK.MPrint.3.E9
2026-10-09,PRJEB108678,SAMEA121762784,other,host_subject_id,control sample: BLANK.MPrint.3.F10
2026-10-09,PRJEB14801,SAMEA4078441,other,host_subject_id,control sample: BLANK73
2026-10-09,PRJEB11419,SAMEA104458524,other,host_subject_id,control sample: BLANK.C4.IS
2026-10-09,PRJEB108678,SAMEA121762785,other,host_subject_id,control sample: BLANK.MPrint.3.F8
2026-10-09,PRJEB14801,SAMEA4078440,other,host_subject_id,control sample: BLANK72
2026-10-09,PRJEB108678,SAMEA121762787,other,host_subject_id,control sample: BLANK.MPrint.3.G4
2026-10-09,PRJEB11419,SAMEA104458517,other,host_subject_id,control sample: BLANK.A12.IS
2026-10-09,PRJEB14801,SAMEA4078439,other,host_subject_id,control sample: BLANK71
2026-10-09,PRJEB11419,SAMEA104458518,other,host_subject_id,control sample: BLANK.A4.IS
2026-10-09,PRJEB11419,SAMEA104458519,other,host_subject_id,control sample: BLANK.A7.IS
2026-10-09,PRJEB14801,SAMEA4078438,other,host_subject_id,control sample: BLANK70
2026-10-09,PRJEB11419,SAMEA104458520,other,host_subject_id,control sample: BLANK.B12.IS
2026-10-09,PRJEB11419,SAMEA104458521,other,host_subject_id,control sample: BLANK.B4.IS
2026-10-09,PRJEB14801,SAMEA4078437,other,host_subject_id,control sample: BLANK7
2026-10-09,PRJEB11419,SAMEA104458522,other,host_subject_id,control sample: BLANK.B7.IS
2026-10-09,PRJEB11419,SAMEA3611527,other,host_subject_id,control sample: BLANK.10.E.r10
2026-10-09,PRJEB108678,SAMEA121762786,other,host_subject_id,control sample: BLANK.MPrint.3.G2
2026-10-09,PRJEB14801,SAMEA4078445,other,host_subject_id,control sample: BLANK77
2026-10-09,PRJEB11419,SAMEA104459051,other,host_subject_id,control sample: BLANK168_6C
2026-10-09,PRJEB14801,SAMEA4078425,other,host_subject_id,control sample: BLANK59
2026-10-09,PRJEB11419,SAMEA104467883,other,host_subject_id,control sample: BLANK171_9G
2026-10-09,PRJEB11419,SAMEA104467884,other,host_subject_id,control sample: BLANK171_9H
2026-10-09,PRJEB14801,SAMEA4078414,other,host_subject_id,control sample: BLANK49
2026-10-09,PRJEB11419,SAMEA112253863,other,host_subject_id,control sample: BLANK2.2A
2026-10-09,PRJEB11419,SAMEA112253864,other,host_subject_id,control sample: BLANK3.3A
2026-10-09,PRJEB14801,SAMEA4078413,other,host_subject_id,control sample: BLANK48
2026-10-09,PRJEB11419,SAMEA112253865,other,host_subject_id,control sample: BLANK3.3B
2026-10-09,PRJEB11419,SAMEA112253866,other,host_subject_id,control sample: BLANK3.3C
2026-10-09,PRJEB11419,SAMEA112253867,other,host_subject_id,control sample: BLANK3.3D
2026-10-09,PRJEB11419,SAMEA112253868,other,host_subject_id,control sample: BLANK4.6A
2026-10-09,PRJEB14801,SAMEA4078412,other,host_subject_id,control sample: BLANK47
2026-10-09,PRJEB11419,SAMEA112253869,other,host_subject_id,control sample: BLANK4.6B
2026-10-09,PRJEB14801,SAMEA4078415,other,host_subject_id,control sample: BLANK5
2026-10-09,PRJEB11419,SAMEA112253870,other,host_subject_id,control sample: BLANK4.6C
2026-10-09,PRJEB11419,SAMEA112253872,other,host_subject_id,control sample: BLANK4.6E
2026-10-09,PRJEB11419,SAMEA112253873,other,host_subject_id,control sample: BLANK4.6F
2026-10-09,PRJEB14801,SAMEA4078411,other,host_subject_id,control sample: BLANK46
2026-10-09,PRJEB11419,SAMEA112253874,other,host_subject_id,control sample: BLANK4.6G
2026-10-09,PRJEB11419,SAMEA112253875,other,host_subject_id,control sample: BLANK4.6H
2026-10-09,PRJEB11419,SAMEA112253876,other,host_subject_id,control sample: BLANK5.10A
2026-10-09,PRJEB11419,SAMEA112253877,other,host_subject_id,control sample: BLANK5.10B
2026-10-09,PRJEB11419,SAMEA112253878,other,host_subject_id,control sample: BLANK5.10C
2026-10-09,PRJEB11419,SAMEA112253879,other,host_subject_id,control sample: BLANK5.10D
2026-10-09,PRJEB11419,SAMEA112253880,other,host_subject_id,control sample: BLANK5.10E
2026-10-09,PRJEB11419,SAMEA112253881,other,host_subject_id,control sample: BLANK5.10F
2026-10-09,PRJEB11419,SAMEA112253882,other,host_subject_id,control sample: BLANK5.10G
2026-10-09,PRJEB11419,SAMEA112253871,other,host_subject_id,control sample: BLANK4.6D
2026-10-09,PRJEB11419,SAMEA104459052,other,host_subject_id,control sample: BLANK168_6D
2026-10-09,PRJEB11419,SAMEA104467882,other,host_subject_id,control sample: BLANK171_9F
2026-10-09,PRJEB14801,SAMEA4078416,other,host_subject_id,control sample: BLANK50
2026-10-09,PRJEB11419,SAMEA104459053,other,host_subject_id,control sample: BLANK168_6E
2026-10-09,PRJEB11419,SAMEA104459054,other,host_subject_id,control sample: BLANK168_6F
2026-10-09,PRJEB14801,SAMEA4078424,other,host_subject_id,control sample: BLANK58
2026-10-09,PRJEB11419,SAMEA104459055,other,host_subject_id,control sample: BLANK168_6G
2026-10-09,PRJEB11419,SAMEA104459056,other,host_subject_id,control sample: BLANK168_6H
2026-10-09,PRJEB14801,SAMEA4078423,other,host_subject_id,control sample: BLANK57
2026-10-09,PRJEB11419,SAMEA104459057,other,host_subject_id,control sample: BLANK6_12E
2026-10-09,PRJEB11419,SAMEA104459058,other,host_subject_id,control sample: BLANK6_12F
2026-10-09,PRJEB14801,SAMEA4078422,other,host_subject_id,control sample: BLANK56
2026-10-09,PRJEB11419,SAMEA104459059,other,host_subject_id,control sample: BLANK6_12G
2026-10-09,PRJEB11419,SAMEA104459060,other,host_subject_id,control sample: BLANK6_12H
2026-10-09,PRJEB14801,SAMEA4078421,other,host_subject_id,control sample: BLANK55
2026-10-09,PRJEB11419,SAMEA104467881,other,host_subject_id,control sample: BLANK171_9E
2026-10-09,PRJEB11419,SAMEA104459061,other,host_subject_id,control sample: BLANK6_6E
2026-10-09,PRJEB14801,SAMEA4078420,other,host_subject_id,control sample: BLANK54
2026-10-09,PRJEB11419,SAMEA104459063,other,host_subject_id,control sample: BLANK6_6G
2026-10-09,PRJEB11419,SAMEA104459064,other,host_subject_id,control sample: BLANK6_6H
2026-10-09,PRJEB14801,SAMEA4078419,other,host_subject_id,control sample: BLANK53
2026-10-09,PRJEB11419,SAMEA104467491,other,host_subject_id,control sample: BLANK.A9.CC
2026-10-09,PRJEB11419,SAMEA104467492,other,host_subject_id,control sample: BLANK.C9.CC
2026-10-09,PRJEB14801,SAMEA4078418,other,host_subject_id,control sample: BLANK52
2026-10-09,PRJEB11419,SAMEA104467877,other,host_subject_id,control sample: BLANK171_9A
2026-10-09,PRJEB11419,SAMEA104467878,other,host_subject_id,control sample: BLANK171_9B
2026-10-09,PRJEB14801,SAMEA4078417,other,host_subject_id,control sample: BLANK51
2026-10-09,PRJEB11419,SAMEA104467879,other,host_subject_id,control sample: BLANK171_9C
2026-10-09,PRJEB11419,SAMEA104467880,other,host_subject_id,control sample: BLANK171_9D
2026-10-09,PRJEB11419,SAMEA104459062,other,host_subject_id,control sample: BLANK6_6F
2026-10-09,PRJEB11419,SAMEA112253883,other,host_subject_id,control sample: BLANK5.10H
2026-10-09,PRJEB108678,SAMEA121762776,other,host_subject_id,control sample: BLANK.MPrint.2.D9
2026-10-09,PRJEB14801,SAMEA4078446,other,host_subject_id,control sample: BLANK78
2026-10-09,PRJEB108678,SAMEA121748505,other,host_subject_id,control sample: BLANK.MPRINT.8.A7
2026-10-09,PRJEB108678,SAMEA121748506,other,host_subject_id,control sample: BLANK.MPRINT.8.B12
2026-10-09,PRJEB14801,SAMEA4078474,other,host_subject_id,control sample: Blank94
2026-10-09,PRJEB108678,SAMEA121748507,other,host_subject_id,control sample: BLANK.MPRINT.8.B2
2026-10-09,PRJEB108678,SAMEA121748508,other,host_subject_id,control sample: BLANK.MPRINT.8.B3
2026-10-09,PRJEB14801,SAMEA4078473,other,host_subject_id,control sample: Blank93
2026-10-09,PRJEB108678,SAMEA121748509,other,host_subject_id,control sample: BLANK.MPRINT.8.B4
2026-10-09,PRJEB108678,SAMEA121748510,other,host_subject_id,control sample: BLANK.MPRINT.8.B5
2026-10-09,PRJEB14801,SAMEA4078472,other,host_subject_id,control sample: Blank92
2026-10-09,PRJEB108678,SAMEA121748511,other,host_subject_id,control sample: BLANK.MPRINT.8.B9
2026-10-09,PRJEB108678,SAMEA121748512,other,host_subject_id,control sample: BLANK.MPRINT.8.C11
2026-10-09,PRJEB14801,SAMEA4078471,other,host_subject_id,control sample: Blank91
2026-10-09,PRJEB14801,SAMEA4078475,other,host_subject_id,control sample: Blank95
2026-10-09,PRJEB108678,SAMEA121748513,other,host_subject_id,control sample: BLANK.MPRINT.8.C12
2026-10-09,PRJEB14801,SAMEA4078470,other,host_subject_id,control sample: Blank90
2026-10-09,PRJEB108678,SAMEA121748515,other,host_subject_id,control sample: BLANK.MPRINT.8.C3
2026-10-09,PRJEB108678,SAMEA121748516,other,host_subject_id,control sample: BLANK.MPRINT.8.C5
2026-10-09,PRJEB14801,SAMEA4078469,other,host_subject_id,control sample: Blank89
2026-10-09,PRJEB108678,SAMEA121748517,other,host_subject_id,control sample: BLANK.MPRINT.8.C8
2026-10-09,PRJEB108678,SAMEA121748518,other,host_subject_id,control sample: BLANK.MPRINT.8.C9
2026-10-09,PRJEB14801,SAMEA4078468,other,host_subject_id,control sample: Blank87
2026-10-09,PRJEB108678,SAMEA121748519,other,host_subject_id,control sample: BLANK.MPRINT.8.D1
2026-10-09,PRJEB108678,SAMEA121748520,other,host_subject_id,control sample: BLANK.MPRINT.8.D5
2026-10-09,PRJEB14801,SAMEA4078467,other,host_subject_id,control sample: Blank86
2026-10-09,PRJEB108678,SAMEA121748521,other,host_subject_id,control sample: BLANK.MPRINT.8.D6
2026-10-09,PRJEB108678,SAMEA121748522,other,host_subject_id,control sample: BLANK.MPRINT.8.D8
2026-10-09,PRJEB108678,SAMEA121748514,other,host_subject_id,control sample: BLANK.MPRINT.8.C2
2026-10-09,PRJEB14801,SAMEA4078466,other,host_subject_id,control sample: Blank85
2026-10-09,PRJEB108678,SAMEA121748504,other,host_subject_id,control sample: BLANK.MPRINT.8.A5
2026-10-09,PRJEB14801,SAMEA4078476,other,host_subject_id,control sample: Blank97
2026-10-09,PRJEB52147,SAMEA13943161,other,host_subject_id,control sample: BLANKIPH.7G
2026-10-09,PRJEB52147,SAMEA13943162,other,host_subject_id,control sample: BLANKIPH.7H
2026-10-09,PRJEB52147,SAMEA13943163,other,host_subject_id,control sample: BLANKIPH.8A
2026-10-09,PRJEB52147,SAMEA13943164,other,host_subject_id,control sample: BLANKIPH.8B
2026-10-09,PRJEB52147,SAMEA13943165,other,host_subject_id,control sample: BLANKIPH.8C
2026-10-09,PRJEB52147,SAMEA13943166,other,host_subject_id,control sample: BLANKIPH.8D
2026-10-09,PRJEB108678,SAMEA121748483,other,host_subject_id,control sample: BLANK.MPRINT.4.A6
2026-10-09,PRJEB108678,SAMEA121748484,other,host_subject_id,control sample: BLANK.MPRINT.4.A9
2026-10-09,PRJEB108678,SAMEA121748485,other,host_subject_id,control sample: BLANK.MPRINT.4.C8
2026-10-09,PRJEB108678,SAMEA121748486,other,host_subject_id,control sample: BLANK.MPRINT.4.D10
2026-10-09,PRJEB108678,SAMEA121748487,other,host_subject_id,control sample: BLANK.MPRINT.4.D2
2026-10-09,PRJEB108678,SAMEA121748488,other,host_subject_id,control sample: BLANK.MPRINT.4.E11
2026-10-09,PRJEB108678,SAMEA121748503,other,host_subject_id,control sample: BLANK.MPRINT.8.A4
2026-10-09,PRJEB108678,SAMEA121748489,other,host_subject_id,control sample: BLANK.MPRINT.4.F11
2026-10-09,PRJEB108678,SAMEA121748491,other,host_subject_id,control sample: BLANK.MPRINT.6.A2
2026-10-09,PRJEB108678,SAMEA121748492,other,host_subject_id,control sample: BLANK.MPRINT.6.B10
2026-10-09,PRJEB108678,SAMEA121748493,other,host_subject_id,control sample: BLANK.MPRINT.6.B2
2026-10-09,PRJEB108678,SAMEA121748494,other,host_subject_id,control sample: BLANK.MPRINT.6.D2
2026-10-09,PRJEB108678,SAMEA121748495,other,host_subject_id,control sample: BLANK.MPRINT.6.G12
2026-10-09,PRJEB108678,SAMEA121748496,other,host_subject_id,control sample: BLANK.MPRINT.6.G2
2026-10-09,PRJEB108678,SAMEA121748497,other,host_subject_id,control sample: BLANK.MPRINT.6.G6
2026-10-09,PRJEB108678,SAMEA121748498,other,host_subject_id,control sample: BLANK.MPRINT.6.H11
2026-10-09,PRJEB108678,SAMEA121748499,other,host_subject_id,control sample: BLANK.MPRINT.8.A1
2026-10-09,PRJEB108678,SAMEA121748500,other,host_subject_id,control sample: BLANK.MPRINT.8.A10
2026-10-09,PRJEB108678,SAMEA121748501,other,host_subject_id,control sample: BLANK.MPRINT.8.A11
2026-10-09,PRJEB108678,SAMEA121748502,other,host_subject_id,control sample: BLANK.MPRINT.8.A12
2026-10-09,PRJEB108678,SAMEA121748490,other,host_subject_id,control sample: BLANK.MPRINT.4.H7
2026-10-09,PRJEB108678,SAMEA121762775,other,host_subject_id,control sample: BLANK.MPrint.2.D8
2026-10-09,PRJEB108678,SAMEA121748523,other,host_subject_id,control sample: BLANK.MPRINT.8.D9
2026-10-09,PRJEB14801,SAMEA4078465,other,host_subject_id,control sample: Blank84
2026-10-09,PRJEB108678,SAMEA121748545,other,host_subject_id,control sample: BLANK.MRPINT.5.B9
2026-10-09,PRJEB108678,SAMEA121748546,other,host_subject_id,control sample: BLANK.MRPINT.5.C5
2026-10-09,PRJEB14801,SAMEA4078454,other,host_subject_id,control sample: Blank16
2026-10-09,PRJEB108678,SAMEA121748547,other,host_subject_id,control sample: BLANK.MRPINT.5.E12
2026-10-09,PRJEB108678,SAMEA121748548,other,host_subject_id,control sample: BLANK.MRPINT.5.G12
2026-10-09,PRJEB14801,SAMEA4078453,other,host_subject_id,control sample: BLANK99
2026-10-09,PRJEB108678,SAMEA121748549,other,host_subject_id,control sample: BLANK.MRPINT.5.H11
2026-10-09,PRJEB108678,SAMEA121748550,other,host_subject_id,control sample: BLANK.MRPINT.5.H12
2026-10-09,PRJEB14801,SAMEA4078452,other,host_subject_id,control sample: BLANK98
2026-10-09,PRJEB108678,SAMEA121748551,other,host_subject_id,control sample: BLANK.MRPINT.5.H4
2026-10-09,PRJEB108678,SAMEA121762764,other,host_subject_id,control sample: BLANK.MPrint.1.B1
2026-10-09,PRJEB14801,SAMEA4078451,other,host_subject_id,control sample: BLANK9
2026-10-09,PRJEB14801,SAMEA4078455,other,host_subject_id,control sample: Blank17
2026-10-09,PRJEB108678,SAMEA121762765,other,host_subject_id,control sample: BLANK.MPrint.1.C12
2026-10-09,PRJEB14801,SAMEA4078450,other,host_subject_id,control sample: BLANK88
2026-10-09,PRJEB108678,SAMEA121762767,other,host_subject_id,control sample: BLANK.MPrint.1.E10
2026-10-09,PRJEB108678,SAMEA121762768,other,host_subject_id,control sample: BLANK.MPrint.1.E4
2026-10-09,PRJEB14801,SAMEA4078449,other,host_subject_id,control sample: BLANK80
2026-10-09,PRJEB108678,SAMEA121762769,other,host_subject_id,control sample: BLANK.MPrint.1.F3
2026-10-09,PRJEB108678,SAMEA121762770,other,host_subject_id,control sample: BLANK.MPrint.1.G3
2026-10-09,PRJEB14801,SAMEA4078448,other,host_subject_id,control sample: BLANK8
2026-10-09,PRJEB108678,SAMEA121762771,other,host_subject_id,control sample: BLANK.MPrint.1.H7
2026-10-09,PRJEB108678,SAMEA121762772,other,host_subject_id,control sample: BLANK.MPrint.2.A12
2026-10-09,PRJEB14801,SAMEA4078447,other,host_subject_id,control sample: BLANK79
2026-10-09,PRJEB108678,SAMEA121762773,other,host_subject_id,control sample: BLANK.MPrint.2.C3
2026-10-09,PRJEB108678,SAMEA121762774,other,host_subject_id,control sample: BLANK.MPrint.2.D2
2026-10-09,PRJEB108678,SAMEA121762766,other,host_subject_id,control sample: BLANK.MPrint.1.C2
2026-10-09,PRJEB108678,SAMEA121748524,other,host_subject_id,control sample: BLANK.MPRINT.8.E11
2026-10-09,PRJEB108678,SAMEA121748544,other,host_subject_id,control sample: BLANK.MPRINT.8.H9
2026-10-09,PRJEB14801,SAMEA4078456,other,host_subject_id,control sample: Blank18
2026-10-09,PRJEB108678,SAMEA121748525,other,host_subject_id,control sample: BLANK.MPRINT.8.E2
2026-10-09,PRJEB108678,SAMEA121748526,other,host_subject_id,control sample: BLANK.MPRINT.8.E6
2026-10-09,PRJEB14801,SAMEA4078464,other,host_subject_id,control sample: Blank83
2026-10-09,PRJEB108678,SAMEA121748527,other,host_subject_id,control sample: BLANK.MPRINT.8.E7
2026-10-09,PRJEB108678,SAMEA121748528,other,host_subject_id,control sample: BLANK.MPRINT.8.E9
2026-10-09,PRJEB14801,SAMEA4078463,other,host_subject_id,control sample: Blank82
2026-10-09,PRJEB108678,SAMEA121748529,other,host_subject_id,control sample: BLANK.MPRINT.8.F2
2026-10-09,PRJEB108678,SAMEA121748530,other,host_subject_id,control sample: BLANK.MPRINT.8.F5
2026-10-09,PRJEB14801,SAMEA4078462,other,host_subject_id,control sample: Blank81
2026-10-09,PRJEB108678,SAMEA121748531,other,host_subject_id,control sample: BLANK.MPRINT.8.F6
2026-10-09,PRJEB108678,SAMEA121748532,other,host_subject_id,control sample: BLANK.MPRINT.8.F9
2026-10-09,PRJEB14801,SAMEA4078461,other,host_subject_id,control sample: Blank23
2026-10-09,PRJEB108678,SAMEA121748543,other,host_subject_id,control sample: BLANK.MPRINT.8.H8
2026-10-09,PRJEB108678,SAMEA121748533,other,host_subject_id,control sample: BLANK.MPRINT.8.G11
2026-10-09,PRJEB14801,SAMEA4078460,other,host_subject_id,control sample: Blank22
2026-10-09,PRJEB108678,SAMEA121748535,other,host_subject_id,control sample: BLANK.MPRINT.8.G4
2026-10-09,PRJEB108678,SAMEA121748536,other,host_subject_id,control sample: BLANK.MPRINT.8.G6
2026-10-09,PRJEB14801,SAMEA4078459,other,host_subject_id,control sample: Blank21
2026-10-09,PRJEB108678,SAMEA121748537,other,host_subject_id,control sample: BLANK.MPRINT.8.G8
2026-10-09,PRJEB108678,SAMEA121748538,other,host_subject_id,control sample: BLANK.MPRINT.8.H1
2026-10-09,PRJEB14801,SAMEA4078458,other,host_subject_id,control sample: Blank20
2026-10-09,PRJEB108678,SAMEA121748539,other,host_subject_id,control sample: BLANK.MPRINT.8.H10
2026-10-09,PRJEB108678,SAMEA121748540,other,host_subject_id,control sample: BLANK.MPRINT.8.H11
2026-10-09,PRJEB14801,SAMEA4078457,other,host_subject_id,control sample: Blank19
2026-10-09,PRJEB108678,SAMEA121748541,other,host_subject_id,control sample: BLANK.MPRINT.8.H2
2026-10-09,PRJEB108678,SAMEA121748542,other,host_subject_id,control sample: BLANK.MPRINT.8.H6
2026-10-09,PRJEB108678,SAMEA121748534,other,host_subject_id,control sample: BLANK.MPRINT.8.G12
2026-10-09,PRJEB11419,SAMEA112253884,other,host_subject_id,control sample: BLANK5.11A
2026-10-09,PRJEB11419,SAMEA104458523,other,host_subject_id,control sample: BLANK.C12.IS
2026-10-09,PRJEB11419,SAMEA112253886,other,host_subject_id,control sample: BLANK5.11C
2026-10-09,PRJEB11419,SAMEA3609892,other,host_subject_id,control sample: Blank22.B6.r5
2026-10-09,PRJEB11419,SAMEA3609893,other,host_subject_id,control sample: Blank22.C6.r5
2026-10-09,PRJEB11419,SAMEA3609894,other,host_subject_id,control sample: Blank22.D6.r5
2026-10-09,PRJEB11419,SAMEA3609895,other,host_subject_id,control sample: Blank22.E6.r5
2026-10-09,PRJEB11419,SAMEA3609896,other,host_subject_id,control sample: Blank22.F6.r5
2026-10-09,PRJEB11419,SAMEA3609897,other,host_subject_id,control sample: Blank22.G6.r5
2026-10-09,PRJEB11419,SAMEA112253885,other,host_subject_id,control sample: BLANK5.11B
2026-10-09,PRJEB11419,SAMEA3609899,other,host_subject_id,control sample: Blank22.H11.r5
2026-10-09,PRJEB11419,SAMEA3609900,other,host_subject_id,control sample: Blank22.H6.r5
2026-10-09,PRJEB11419,SAMEA3609901,other,host_subject_id,control sample: Blank22.H9.r5
2026-10-09,PRJEB11419,SAMEA3609902,other,host_subject_id,control sample: Blank23.A11.r5
2026-10-09,PRJEB11419,SAMEA3609903,other,host_subject_id,control sample: Blank23.B11.r5
2026-10-09,PRJEB11419,SAMEA3609891,other,host_subject_id,control sample: Blank22.A9.r5
2026-10-09,PRJEB11419,SAMEA3609904,other,host_subject_id,control sample: Blank23.C11.r5
2026-10-09,PRJEB11419,SAMEA3609906,other,host_subject_id,control sample: Blank23.E11.r5
2026-10-09,PRJEB11419,SAMEA3609907,other,host_subject_id,control sample: Blank23.F11.r5
2026-10-09,PRJEB11419,SAMEA3609908,other,host_subject_id,control sample: Blank23.G11.r5
2026-10-09,PRJEB11419,SAMEA3609909,other,host_subject_id,control sample: Blank23.H11.r5
2026-10-09,PRJEB11419,SAMEA3609910,other,host_subject_id,control sample: Blank25.A11.r5
2026-10-09,PRJEB11419,SAMEA3609911,other,host_subject_id,control sample: Blank25.A2.r5
2026-10-09,PRJEB11419,SAMEA3609912,other,host_subject_id,control sample: Blank25.B2.r5
2026-10-09,PRJEB11419,SAMEA3609913,other,host_subject_id,control sample: Blank25.C2.r5
2026-10-09,PRJEB11419,SAMEA3609914,other,host_subject_id,control sample: Blank25.D2.r5
2026-10-09,PRJEB11419,SAMEA3609915,other,host_subject_id,control sample: Blank25.E2.r5
2026-10-09,PRJEB11419,SAMEA3609916,other,host_subject_id,control sample: Blank25.F2.r5
2026-10-09,PRJEB11419,SAMEA3609917,other,host_subject_id,control sample: Blank25.G2.r5
2026-10-09,PRJEB11419,SAMEA3609905,other,host_subject_id,control sample: Blank23.D11.r5
2026-10-09,PRJEB11419,SAMEA3609918,other,host_subject_id,control sample: Blank25.H2.r5
2026-10-09,PRJEB11419,SAMEA3609890,other,host_subject_id,control sample: Blank22.A11.r5
2026-10-09,PRJEB11419,SAMEA3609888,other,host_subject_id,control sample: Blank21.G9.r5
2026-10-09,PRJEB11419,SAMEA12869760,other,host_subject_id,control sample: BLANK2.2C
2026-10-09,PRJEB11419,SAMEA12869761,other,host_subject_id,control sample: BLANK2.2D
2026-10-09,PRJEB11419,SAMEA12869762,other,host_subject_id,control sample: BLANK2.2E
2026-10-09,PRJEB11419,SAMEA12869763,other,host_subject_id,control sample: BLANK3.3E
2026-10-09,PRJEB11419,SAMEA12869764,other,host_subject_id,control sample: BLANK3.3F
2026-10-09,PRJEB11419,SAMEA12869765,other,host_subject_id,control sample: BLANK3.3G
2026-10-09,PRJEB11419,SAMEA12869766,other,host_subject_id,control sample: BLANK3.3H
2026-10-09,PRJEB11419,SAMEA3608028,other,host_subject_id,control sample: Blank.4.C4.r1
2026-10-09,PRJEB11419,SAMEA3608029,other,host_subject_id,control sample: Blank.4.D4.r1
2026-10-09,PRJEB11419,SAMEA3608030,other,host_subject_id,control sample: Blank.5.E5.r1
2026-10-09,PRJEB11419,SAMEA3608369,other,host_subject_id,control sample: Blank8.H8.r2
2026-10-09,PRJEB11419,SAMEA3609873,other,host_subject_id,control sample: Blank17.A5.r5
2026-10-09,PRJEB11419,SAMEA3609889,other,host_subject_id,control sample: Blank21.H9.r5
2026-10-09,PRJEB11419,SAMEA3609874,other,host_subject_id,control sample: Blank17.B5.r5
2026-10-09,PRJEB11419,SAMEA3609876,other,host_subject_id,control sample: Blank17.D5.r5
2026-10-09,PRJEB11419,SAMEA3609877,other,host_subject_id,control sample: Blank17.E5.r5
2026-10-09,PRJEB11419,SAMEA3609878,other,host_subject_id,control sample: Blank17.F5.r5
2026-10-09,PRJEB11419,SAMEA3609879,other,host_subject_id,control sample: Blank17.G5.r5
2026-10-09,PRJEB11419,SAMEA3609880,other,host_subject_id,control sample: Blank17.H5.r5
2026-10-09,PRJEB11419,SAMEA3609881,other,host_subject_id,control sample: Blank21.A9.r5
2026-10-09,PRJEB11419,SAMEA3609882,other,host_subject_id,control sample: Blank21.B9.r5
2026-10-09,PRJEB11419,SAMEA3609883,other,host_subject_id,control sample: Blank21.C9.r5
2026-10-09,PRJEB11419,SAMEA3609884,other,host_subject_id,control sample: Blank21.D9.r5
2026-10-09,PRJEB11419,SAMEA3609885,other,host_subject_id,control sample: Blank21.E9.r5
2026-10-09,PRJEB11419,SAMEA3609886,other,host_subject_id,control sample: Blank21.F9.r5
2026-10-09,PRJEB11419,SAMEA3609887,other,host_subject_id,control sample: Blank21.G6.r5
2026-10-09,PRJEB11419,SAMEA3609875,other,host_subject_id,control sample: Blank17.C5.r5
2026-10-09,PRJEB11419,SAMEA3609919,other,host_subject_id,control sample: Blank26.A1.r5
2026-10-09,PRJEB11419,SAMEA3609920,other,host_subject_id,control sample: Blank26.B1.r5
2026-10-09,PRJEB11419,SAMEA3609921,other,host_subject_id,control sample: Blank26.C1.r5
2026-10-09,PRJEB11419,SAMEA3610928,other,host_subject_id,control sample: BLANK.D.3.r8
2026-10-09,PRJEB11419,SAMEA3610929,other,host_subject_id,control sample: BLANK.D.5.r8
2026-10-09,PRJEB11419,SAMEA3610930,other,host_subject_id,control sample: BLANK.D.6.r8
2026-10-09,PRJEB11419,SAMEA3610931,other,host_subject_id,control sample: BLANK.E.1.r8
2026-10-09,PRJEB11419,SAMEA3610932,other,host_subject_id,control sample: BLANK.E.2.r8
2026-10-09,PRJEB11419,SAMEA3610933,other,host_subject_id,control sample: BLANK.E.3.r8
2026-10-09,PRJEB11419,SAMEA3610934,other,host_subject_id,control sample: BLANK.E.5.r8
2026-10-09,PRJEB11419,SAMEA3610935,other,host_subject_id,control sample: BLANK.E.6.r8
2026-10-09,PRJEB11419,SAMEA3610936,other,host_subject_id,control sample: BLANK.F.1.r8
2026-10-09,PRJEB11419,SAMEA3610937,other,host_subject_id,control sample: BLANK.F.2.r8
2026-10-09,PRJEB11419,SAMEA3610938,other,host_subject_id,control sample: BLANK.F.3.r8
2026-10-09,PRJEB11419,SAMEA3610939,other,host_subject_id,control sample: BLANK.F.5.r8
2026-10-09,PRJEB11419,SAMEA3610927,other,host_subject_id,control sample: BLANK.D.2.r8
2026-10-09,PRJEB11419,SAMEA3610940,other,host_subject_id,control sample: BLANK.F.6.r8
2026-10-09,PRJEB11419,SAMEA3610942,other,host_subject_id,control sample: BLANK.G.2.r8
2026-10-09,PRJEB11419,SAMEA3610943,other,host_subject_id,control sample: BLANK.G.3.r8
2026-10-09,PRJEB11419,SAMEA3610944,other,host_subject_id,control sample: BLANK.G.5.r8
2026-10-09,PRJEB11419,SAMEA3610945,other,host_subject_id,control sample: BLANK.G.6.r8
2026-10-09,PRJEB11419,SAMEA3610946,other,host_subject_id,control sample: BLANK.H.1.r8
2026-10-09,PRJEB11419,SAMEA3610947,other,host_subject_id,control sample: BLANK.H.2.r8
2026-10-09,PRJEB11419,SAMEA3610948,other,host_subject_id,control sample: BLANK.H.3.r8
2026-10-09,PRJEB11419,SAMEA3610949,other,host_subject_id,control sample: BLANK.H.5.r8
2026-10-09,PRJEB11419,SAMEA3610950,other,host_subject_id,control sample: BLANK.H.6.r8
2026-10-09,PRJEB11419,SAMEA3611523,other,host_subject_id,control sample: BLANK.10.A.r10
2026-10-09,PRJEB11419,SAMEA3611524,other,host_subject_id,control sample: BLANK.10.B.r10
2026-10-09,PRJEB11419,SAMEA3611525,other,host_subject_id,control sample: BLANK.10.C.r10
2026-10-09,PRJEB11419,SAMEA3610941,other,host_subject_id,control sample: BLANK.G.1.r8
2026-10-09,PRJEB11419,SAMEA3610926,other,host_subject_id,control sample: BLANK.D.1.r8
2026-10-09,PRJEB11419,SAMEA3610925,other,host_subject_id,control sample: BLANK.D.1.37.r8
2026-10-09,PRJEB11419,SAMEA3610924,other,host_subject_id,control sample: BLANK.C.6.r8
2026-10-09,PRJEB11419,SAMEA3609922,other,host_subject_id,control sample: Blank26.D1.r5
2026-10-09,PRJEB11419,SAMEA3609923,other,host_subject_id,control sample: Blank26.E1.r5
2026-10-09,PRJEB11419,SAMEA3609924,other,host_subject_id,control sample: Blank26.F1.r5
2026-10-09,PRJEB11419,SAMEA3609925,other,host_subject_id,control sample: Blank26.G1.r5
2026-10-09,PRJEB11419,SAMEA3609926,other,host_subject_id,control sample: Blank26.H1.r5
2026-10-09,PRJEB11419,SAMEA3609927,other,host_subject_id,control sample: Blank27.A3.r5
2026-10-09,PRJEB11419,SAMEA3609928,other,host_subject_id,control sample: Blank27.B3.r5
2026-10-09,PRJEB11419,SAMEA3609929,other,host_subject_id,control sample: Blank27.C3.r5
2026-10-09,PRJEB11419,SAMEA3609930,other,host_subject_id,control sample: Blank27.D3.r5
2026-10-09,PRJEB11419,SAMEA3609931,other,host_subject_id,control sample: Blank27.E3.r5
2026-10-09,PRJEB11419,SAMEA3609932,other,host_subject_id,control sample: Blank27.F3.r5
2026-10-09,PRJEB11419,SAMEA3609933,other,host_subject_id,control sample: Blank27.G3.r5
2026-10-09,PRJEB11419,SAMEA3609934,other,host_subject_id,control sample: Blank27.H3.r5
2026-10-09,PRJEB11419,SAMEA3610910,other,host_subject_id,control sample: BLANK.A.1.r8
2026-10-09,PRJEB11419,SAMEA3610911,other,host_subject_id,control sample: BLANK.A.2.r8
2026-10-09,PRJEB11419,SAMEA3610912,other,host_subject_id,control sample: BLANK.A.3.r8
2026-10-09,PRJEB11419,SAMEA3610913,other,host_subject_id,control sample: BLANK.A.5.r8
2026-10-09,PRJEB11419,SAMEA3610914,other,host_subject_id,control sample: BLANK.A.6.r8
2026-10-09,PRJEB11419,SAMEA3610915,other,host_subject_id,control sample: BLANK.B.1.r8
2026-10-09,PRJEB11419,SAMEA3610916,other,host_subject_id,control sample: BLANK.B.2.r8
2026-10-09,PRJEB11419,SAMEA3610917,other,host_subject_id,control sample: BLANK.B.3.r8
2026-10-09,PRJEB11419,SAMEA3610918,other,host_subject_id,control sample: BLANK.B.5.r8
2026-10-09,PRJEB11419,SAMEA3610919,other,host_subject_id,control sample: BLANK.B.6.r8
2026-10-09,PRJEB11419,SAMEA3610920,other,host_subject_id,control sample: BLANK.C.1.r8
2026-10-09,PRJEB11419,SAMEA3610921,other,host_subject_id,control sample: BLANK.C.2.r8
2026-10-09,PRJEB11419,SAMEA3610922,other,host_subject_id,control sample: BLANK.C.3.r8
2026-10-09,PRJEB11419,SAMEA3610923,other,host_subject_id,control sample: BLANK.C.5.r8
2026-10-09,PRJEB11419,SAMEA12869759,other,host_subject_id,control sample: BLANK2.2B
2026-10-09,PRJEB11419,SAMEA112253933,other,host_subject_id,control sample: BLANK6.7H
2026-10-09,PRJEB11419,SAMEA3609898,other,host_subject_id,control sample: Blank22.G7.r5
2026-10-09,PRJEB11419,SAMEA112253895,other,host_subject_id,control sample: BLANK5.12D
2026-10-09,PRJEB11419,SAMEA112253908,other,host_subject_id,control sample: BLANK5.7F
2026-10-09,PRJEB11419,SAMEA112253909,other,host_subject_id,control sample: BLANK5.7G
2026-10-09,PRJEB11419,SAMEA112253910,other,host_subject_id,control sample: BLANK5.7H
2026-10-09,PRJEB11419,SAMEA112253911,other,host_subject_id,control sample: BLANK5.8A
2026-10-09,PRJEB11419,SAMEA112253913,other,host_subject_id,control sample: BLANK5.8C
2026-10-09,PRJEB11419,SAMEA112253914,other,host_subject_id,control sample: BLANK5.8D
2026-10-09,PRJEB11419,SAMEA112253915,other,host_subject_id,control sample: BLANK5.8E
2026-10-09,PRJEB11419,SAMEA112253916,other,host_subject_id,control sample: BLANK5.8F
2026-10-09,PRJEB11419,SAMEA112253917,other,host_subject_id,control sample: BLANK5.8G
2026-10-09,PRJEB11419,SAMEA112253918,other,host_subject_id,control sample: BLANK5.8H
2026-10-09,PRJEB11419,SAMEA112253930,other,host_subject_id,control sample: BLANK6.7E
2026-10-09,PRJEB11419,SAMEA112253919,other,host_subject_id,control sample: BLANK5.9A
2026-10-09,PRJEB11419,SAMEA112253921,other,host_subject_id,control sample: BLANK5.9C
2026-10-09,PRJEB11419,SAMEA112253922,other,host_subject_id,control sample: BLANK5.9D
2026-10-09,PRJEB11419,SAMEA112253929,other,host_subject_id,control sample: BLANK6.7D
2026-10-09,PRJEB11419,SAMEA112253923,other,host_subject_id,control sample: BLANK5.9E
2026-10-09,PRJEB11419,SAMEA112253924,other,host_subject_id,control sample: BLANK5.9F
2026-10-09,PRJEB11419,SAMEA112253925,other,host_subject_id,control sample: BLANK5.9G
2026-10-09,PRJEB14801,SAMEA4078410,other,host_subject_id,control sample: BLANK45
2026-10-09,PRJEB11419,SAMEA112253926,other,host_subject_id,control sample: BLANK5.9H
2026-10-09,PRJEB11419,SAMEA112253927,other,host_subject_id,control sample: BLANK6.7B
2026-10-09,PRJEB11419,SAMEA112253928,other,host_subject_id,control sample: BLANK6.7C
2026-10-09,PRJEB11419,SAMEA112253920,other,host_subject_id,control sample: BLANK5.9B
2026-10-09,PRJEB11419,SAMEA112253907,other,host_subject_id,control sample: BLANK5.7E
2026-10-09,PRJEB11419,SAMEA112253912,other,host_subject_id,control sample: BLANK5.8B
2026-10-09,PRJEB11419,SAMEA112253906,other,host_subject_id,control sample: BLANK5.7D
2026-10-09,PRJEB11419,SAMEA112253892,other,host_subject_id,control sample: BLANK5.12A
2026-10-09,PRJEB11419,SAMEA112253891,other,host_subject_id,control sample: BLANK5.11H
2026-10-09,PRJEB11419,SAMEA112253889,other,host_subject_id,control sample: BLANK5.11F
2026-10-09,PRJEB11419,SAMEA112253887,other,host_subject_id,control sample: BLANK5.11D
2026-10-09,PRJEB11419,SAMEA112253931,other,host_subject_id,control sample: BLANK6.7F
2026-10-09,PRJEB11419,SAMEA112253900,other,host_subject_id,control sample: BLANK5.6F
2026-10-09,PRJEB11419,SAMEA112253897,other,host_subject_id,control sample: BLANK5.12F
2026-10-09,PRJEB11419,SAMEA112253932,other,host_subject_id,control sample: BLANK6.7G
2026-10-09,PRJEB11419,SAMEA112253901,other,host_subject_id,control sample: BLANK5.6G
2026-10-09,PRJEB11419,SAMEA112253890,other,host_subject_id,control sample: BLANK5.11G
2026-10-09,PRJEB11419,SAMEA112253899,other,host_subject_id,control sample: BLANK5.12H
2026-10-09,PRJEB11419,SAMEA112253896,other,host_subject_id,control sample: BLANK5.12E
2026-10-09,PRJEB11419,SAMEA112253902,other,host_subject_id,control sample: BLANK5.6H
2026-10-09,PRJEB11419,SAMEA112253894,other,host_subject_id,control sample: BLANK5.12C
2026-10-09,PRJEB11419,SAMEA112253903,other,host_subject_id,control sample: BLANK5.7A
2026-10-09,PRJEB11419,SAMEA112253905,other,host_subject_id,control sample: BLANK5.7C
2026-10-09,PRJEB11419,SAMEA112253904,other,host_subject_id,control sample: BLANK5.7B
2026-10-09,PRJEB11419,SAMEA112253898,other,host_subject_id,control sample: BLANK5.12G
2026-10-09,PRJEB11419,SAMEA112253893,other,host_subject_id,control sample: BLANK5.12B
2026-10-09,PRJEB11419,SAMEA112253888,other,host_subject_id,control sample: BLANK5.11E
2026-10-09,PRJNA1404625,SAMN54719746,other,title,"control sample: Blank sample, [ExtBlank.F6.P03]"
2026-10-09,PRJNA1404625,SAMN54719748,other,title,"control sample: Blank sample, [ExtBlank.F6.P05]"
2026-10-09,PRJNA1404625,SAMN54719764,other,title,"control sample: Blank sample, [ExtBlank.H6.P05]"
2026-10-09,PRJNA1404625,SAMN54719745,other,title,"control sample: Blank sample, [ExtBlank.F6.P02]"
2026-10-09,PRJNA698986,SAMN37314108,other,title,control sample: Reagent-only Control L4_EC_P3B7
2026-10-09,PRJNA1404625,SAMN54719744,other,title,"control sample: Blank sample, [ExtBlank.F6.P01]"
2026-10-09,PRJNA1404625,SAMN54719749,other,title,"control sample: Blank sample, [ExtBlank.F6.P06]"
2026-10-09,PRJNA1404625,SAMN54719743,other,title,"control sample: Blank sample, [ExtBlank.E6.P08]"
2026-10-09,PRJNA1404625,SAMN54719762,other,title,"control sample: Blank sample, [ExtBlank.H6.P03]"
2026-10-09,PRJNA1404625,SAMN54719747,other,title,"control sample: Blank sample, [ExtBlank.F6.P04]"
2026-10-09,PRJNA1404625,SAMN54719752,other,title,"control sample: Blank sample, [ExtBlank.G6.P01]"
2026-10-09,PRJNA698986,SAMN37314107,other,title,control sample: Reagent-only Control L4_EC_P2F1
2026-10-09,PRJNA698986,SAMN37314105,other,title,control sample: Reagent-only Control L4_EC_P1H3
2026-10-09,PRJNA1404625,SAMN54719760,other,title,"control sample: Blank sample, [ExtBlank.H6.P01]"
2026-10-09,PRJNA1404625,SAMN54719759,other,title,"control sample: Blank sample, [ExtBlank.G6.P08]"
2026-10-09,PRJNA1404625,SAMN54719761,other,title,"control sample: Blank sample, [ExtBlank.H6.P02]"
2026-10-09,PRJNA1404625,SAMN54719758,other,title,"control sample: Blank sample, [ExtBlank.G6.P07]"
2026-10-09,PRJNA1404625,SAMN54719757,other,title,"control sample: Blank sample, [ExtBlank.G6.P06]"
2026-10-09,PRJNA1404625,SAMN54719750,other,title,"control sample: Blank sample, [ExtBlank.F6.P07]"
2026-10-09,PRJNA698986,SAMN37314106,other,title,control sample: Reagent-only Control L4_EC_P2E7
2026-10-09,PRJNA1404625,SAMN54719756,other,title,"control sample: Blank sample, [ExtBlank.G6.P05]"
2026-10-09,PRJNA1404625,SAMN54719755,other,title,"control sample: Blank sample, [ExtBlank.G6.P04]"
2026-10-09,PRJNA1404625,SAMN54719754,other,title,"control sample: Blank sample, [ExtBlank.G6.P03]"
2026-10-09,PRJEB90577,SAMEA118568680,other,title,control sample: Negcontrole_librrun
2026-10-09,PRJNA1404625,SAMN54719753,other,title,"control sample: Blank sample, [ExtBlank.G6.P02]"
2026-10-09,PRJNA1404625,SAMN54719751,other,title,"control sample: Blank sample, [ExtBlank.F6.P08]"
2026-10-09,PRJNA1404625,SAMN54719742,other,title,"control sample: Blank sample, [ExtBlank.E6.P07]"
2026-10-09,PRJNA1404625,SAMN54719741,other,title,"control sample: Blank sample, [ExtBlank.E6.P06]"
2026-10-09,PRJNA698986,SAMN37314118,other,title,control sample: ZymoBIOMICS Positive Control L4_Zymo_P3Low
2026-10-09,PRJNA1404625,SAMN54719740,other,title,"control sample: Blank sample, [ExtBlank.E6.P05]"
2026-10-09,PRJEB90577,SAMEA118568643,other,title,control sample: Blank_190824_2
2026-10-09,PRJEB90577,SAMEA118568642,other,title,control sample: Blank_190824_1
2026-10-09,PRJNA889771,SAMN31253692,other,title,control sample: Reagent-only Control from Plate 5
2026-10-09,PRJNA889771,SAMN31253691,other,title,control sample: Reagent-only Control from Plate 3
2026-10-09,PRJNA889771,SAMN31253690,other,title,control sample: Reagent-only Control from Plate 1
2026-10-09,PRJNA853174,SAMN29363429,other,title,control sample: Negative Control
2026-10-09,PRJNA698986,SAMN37314127,other,title,control sample: Reagent-only Control L5_EC_P7
2026-10-09,PRJNA698986,SAMN37314126,other,title,control sample: Reagent-only Control L5_EC_P6
2026-10-09,PRJNA698986,SAMN37314125,other,title,control sample: Reagent-only Control L5_EC_P5
2026-10-09,PRJNA698986,SAMN37314124,other,title,control sample: Reagent-only Control L5_EC_P4
2026-10-09,PRJNA698986,SAMN37314123,other,title,control sample: Reagent-only Control L5_EC_P3
2026-10-09,PRJNA698986,SAMN37314122,other,title,control sample: Reagent-only Control L5_EC_P2
2026-10-09,PRJNA698986,SAMN37314121,other,title,control sample: Reagent-only Control L5_EC_P1
2026-10-09,PRJNA698986,SAMN37314120,other,title,control sample: ZymoBIOMICS Positive Control L4_Zymo_P4Low
2026-10-09,PRJNA698986,SAMN37314119,other,title,control sample: ZymoBIOMICS Positive Control L4_Zymo_P4High
2026-10-09,PRJNA1404625,SAMN54719765,other,title,"control sample: Blank sample, [ExtBlank.H6.P06]"
2026-10-09,PRJNA698986,SAMN37314117,other,title,control sample: ZymoBIOMICS Positive Control L4_Zymo_P3High
2026-10-09,PRJNA698986,SAMN37314116,other,title,control sample: ZymoBIOMICS Positive Control L4_Zymo_P2Low
2026-10-09,PRJNA698986,SAMN37314115,other,title,control sample: ZymoBIOMICS Positive Control L4_Zymo_P2High
2026-10-09,PRJNA698986,SAMN37314114,other,title,control sample: ZymoBIOMICS Positive Control L4_Zymo_P1Low
2026-10-09,PRJNA698986,SAMN37314113,other,title,control sample: ZymoBIOMICS Positive Control L4_Zymo_P1High
2026-10-09,PRJNA698986,SAMN37314112,other,title,control sample: Reagent-only Control L4_EC_P4F12
2026-10-09,PRJNA698986,SAMN37314111,other,title,control sample: Reagent-only Control L4_EC_P4E1
2026-10-09,PRJNA698986,SAMN37314110,other,title,control sample: Reagent-only Control L4_EC_P3G5
2026-10-09,PRJNA1404625,SAMN54719736,other,title,"control sample: Blank sample, [ExtBlank.E6.P01]"
2026-10-09,PRJNA1404625,SAMN54719738,other,title,"control sample: Blank sample, [ExtBlank.E6.P03]"
2026-10-09,PRJNA1404625,SAMN54719739,other,title,"control sample: Blank sample, [ExtBlank.E6.P04]"
2026-10-09,PRJNA698986,SAMN37314109,other,title,control sample: Reagent-only Control L4_EC_P3E2
2026-10-09,PRJNA698986,SAMN37314104,other,title,control sample: Reagent-only Control L4_EC_P1C11
2026-10-09,PRJNA1404625,SAMN54719763,other,title,"control sample: Blank sample, [ExtBlank.H6.P04]"
2026-10-09,PRJNA1404625,SAMN54719766,other,title,"control sample: Blank sample, [ExtBlank.H6.P07]"
2026-10-09,PRJNA1404625,SAMN54719778,other,title,"control sample: Blank sample, [P.PCRBlank3]"
2026-10-09,PRJNA1404625,SAMN54719779,other,title,"control sample: Blank sample, [P.PCRBlank4]"
2026-10-09,PRJNA698986,SAMN17764191,other,title,control sample: Reagent-only Control from Plate 4
2026-10-09,PRJNA1404625,SAMN54719780,other,title,"control sample: Blank sample, [P.PCRBlank5]"
2026-10-09,PRJNA1404625,SAMN54719781,other,title,"control sample: Blank sample, [P.PCRBlank6]"
2026-10-09,PRJNA1404625,SAMN54719782,other,title,"control sample: Blank sample, [P.PCRBlank7]"
2026-10-09,PRJNA698986,SAMN17764190,other,title,control sample: Reagent-only Control from Plate 3
2026-10-09,PRJNA1404625,SAMN54719783,other,title,"control sample: Blank sample, [P.PCRBlank8]"
2026-10-09,PRJNA698986,SAMN17763963,other,title,control sample: Reagent-only Control from Plate 2
2026-10-09,PRJNA1404625,SAMN54719784,other,title,"control sample: Blank sample, [P.PCRBlank9]"
2026-10-09,PRJNA698986,SAMN17763962,other,title,control sample: Reagent-only Control from Plate 1
2026-10-09,PRJNA1031773,SAMN39200051,other,title,control sample: Negative-control 6
2026-10-09,PRJNA1031773,SAMN39200050,other,title,control sample: Negative-control 5
2026-10-09,PRJNA1031773,SAMN39200049,other,title,control sample: Negative-control 4
2026-10-09,PRJNA1031773,SAMN39200048,other,title,control sample: Negative-control 3
2026-10-09,PRJNA1031773,SAMN39200047,other,title,control sample: Negative-control 2
2026-10-09,PRJNA1031773,SAMN39200046,other,title,control sample: Negative-control 1
2026-10-09,PRJNA1031773,SAMN39200045,other,title,control sample: Positive-control 6
2026-10-09,PRJNA1031773,SAMN39200044,other,title,control sample: Positive-control 5
2026-10-09,PRJNA1031773,SAMN39200043,other,title,control sample: Positive-control 4
2026-10-09,PRJNA1031773,SAMN39200042,other,title,control sample: Positive-control 3
2026-10-09,PRJNA1031773,SAMN39200041,other,title,control sample: Positive-control 2
2026-10-09,PRJNA1031773,SAMN39200040,other,title,control sample: Positive-control 1
2026-10-09,PRJNA1404625,SAMN54719777,other,title,"control sample: Blank sample, [P.PCRBlank2]"
2026-10-09,PRJNA698986,SAMN17764192,other,title,control sample: Reagent-only Control from Plate 5
2026-10-09,PRJNA1404625,SAMN54719737,other,title,"control sample: Blank sample, [ExtBlank.E6.P02]"
2026-10-09,PRJNA1404625,SAMN54719768,other,title,"control sample: Blank sample, [P.ExtBlank.A9.P10]"
2026-10-09,PRJNA1404625,SAMN54719776,other,title,"control sample: Blank sample, [P.PCRBlank1]"
2026-10-09,PRJNA698986,SAMN17764193,other,title,control sample: ZymoBIOMICS Positive Control
2026-10-09,PRJNA698986,SAMN37314103,other,title,control sample: Reagent-only Control L4_EC_P1B4
2026-10-09,PRJNA1404625,SAMN54719774,other,title,"control sample: Blank sample, [P.ExtBlank.G6.P09]"
2026-10-09,PRJNA1404625,SAMN54719773,other,title,"control sample: Blank sample, [P.ExtBlank.F6.P09]"
2026-10-09,PRJNA1404625,SAMN54719769,other,title,"control sample: Blank sample, [P.ExtBlank.B9.P10]"
2026-10-09,PRJNA1404625,SAMN54719767,other,title,"control sample: Blank sample, [ExtBlank.H6.P08]"
2026-10-09,PRJNA1404625,SAMN54719772,other,title,"control sample: Blank sample, [P.ExtBlank.E6.P09]"
2026-10-09,PRJNA1404625,SAMN54719771,other,title,"control sample: Blank sample, [P.ExtBlank.D9.P10]"
2026-10-09,PRJNA1404625,SAMN54719770,other,title,"control sample: Blank sample, [P.ExtBlank.C9.P10]"
2026-10-09,PRJNA1404625,SAMN54719775,other,title,"control sample: Blank sample, [P.ExtBlank.H6.P09]"
2026-10-09,PRJNA1086674,SAMN40407797,other,sample_type,control sample: pcr_blank
2026-10-09,PRJNA1086674,SAMN40407796,other,sample_type,control sample: pcr_blank
2026-10-09,PRJNA1086674,SAMN40407640,other,sample_type,control sample: extraction_blank
2026-10-09,PRJNA1086674,SAMN40407646,other,sample_type,control sample: extraction_blank
2026-10-09,PRJNA1086674,SAMN40407648,other,sample_type,control sample: extraction_blank
2026-10-09,PRJNA1086674,SAMN40407643,other,sample_type,control sample: extraction_blank
2026-10-09,PRJNA1086674,SAMN40407638,other,sample_type,control sample: extraction_blank
2026-10-09,PRJNA1086674,SAMN40407647,other,sample_type,control sample: extraction_blank
2026-10-09,PRJNA1086674,SAMN40407645,other,sample_type,control sample: extraction_blank
2026-10-09,PRJNA1086674,SAMN40407641,other,sample_type,control sample: extraction_blank
2026-10-09,PRJNA1086674,SAMN40407642,other,sample_type,control sample: extraction_blank
2026-10-09,PRJNA1086674,SAMN40407795,other,sample_type,control sample: pcr_blank
2026-10-09,PRJNA1086674,SAMN40407639,other,sample_type,control sample: extraction_blank
2026-10-09,PRJNA1086674,SAMN40407644,other,sample_type,control sample: extraction_blank
2026-10-09,PRJNA1086674,SAMN40407792,other,sample_type,control sample: pcr_blank
2026-10-09,PRJNA1086674,SAMN40407637,other,sample_type,control sample: extraction_blank
2026-10-09,PRJNA1086674,SAMN40407633,other,sample_type,control sample: extraction_blank
2026-10-09,PRJNA1086674,SAMN40407794,other,sample_type,control sample: pcr_blank
2026-10-09,PRJNA1086674,SAMN40407634,other,sample_type,control sample: extraction_blank
2026-10-09,PRJNA1086674,SAMN40407800,other,sample_type,control sample: pcr_blank
2026-10-09,PRJNA1086674,SAMN40407793,other,sample_type,control sample: pcr_blank
2026-10-09,PRJNA1086674,SAMN40407801,other,sample_type,control sample: pcr_blank
2026-10-09,PRJNA1086674,SAMN40407635,other,sample_type,control sample: extraction_blank
2026-10-09,PRJNA1086674,SAMN40407799,other,sample_type,control sample: pcr_blank
2026-10-09,PRJNA1086674,SAMN40407632,other,sample_type,control sample: extraction_blank
2026-10-09,PRJNA1086674,SAMN40407649,other,sample_type,control sample: extraction_blank
2026-10-09,PRJNA1086674,SAMN40407630,other,sample_type,control sample: extraction_blank
2026-10-09,PRJNA1086674,SAMN40407798,other,sample_type,control sample: pcr_blank
2026-10-09,PRJNA1086674,SAMN40407631,other,sample_type,control sample: extraction_blank
2026-10-09,PRJNA1086674,SAMN40407636,other,sample_type,control sample: extraction_blank
2026-10-09,PRJEB90577,SAMEA118568648,other,description,control sample: Negative control
2026-10-09,PRJEB90577,SAMEA118569315,other,description,control sample: Positive control
2026-10-09,PRJEB90577,SAMEA118568646,other,description,control sample: Negative control
2026-10-09,PRJEB90577,SAMEA118568659,other,description,control sample: Negative control
2026-10-09,PRJEB90577,SAMEA118569316,other,description,control sample: Positive control
2026-10-09,PRJEB90577,SAMEA118568647,other,description,control sample: Negative control
2026-10-09,PRJEB90577,SAMEA118568658,other,description,control sample: Negative control
2026-10-09,PRJEB90577,SAMEA118569319,other,description,control sample: Positive control
2026-10-09,PRJEB90577,SAMEA118568657,other,description,control sample: Negative control
2026-10-09,PRJEB90577,SAMEA118568653,other,description,control sample: Negative control
2026-10-09,PRJEB90577,SAMEA118568651,other,description,control sample: Negative control
2026-10-09,PRJEB90577,SAMEA118568654,other,description,control sample: Negative control
2026-10-09,PRJEB90577,SAMEA118568650,other,description,control sample: Negative control
2026-10-09,PRJEB90577,SAMEA118569317,other,description,control sample: Positive control
2026-10-09,PRJEB90577,SAMEA118569318,other,description,control sample: Positive control
2026-10-09,PRJEB90577,SAMEA118568655,other,description,control sample: Negative control
2026-10-09,PRJEB90577,SAMEA118569320,other,description,control sample: Positive control
2026-10-09,PRJEB90577,SAMEA118568656,other,description,control sample: Negative control
2026-10-09,PRJEB90577,SAMEA118568649,other,description,control sample: Negative control
2026-10-09,PRJEB90577,SAMEA118568652,other,description,control sample: Negative control
2026-10-09,PRJEB90577,SAMEA118568660,other,description,control sample: Negative control
2026-10-09,PRJEB90577,SAMEA118568671,other,description,control sample: Negative control
2026-10-09,PRJEB90577,SAMEA118568672,other,description,control sample: Negative control
2026-10-09,PRJEB90577,SAMEA118568673,other,description,control sample: Negative control
2026-10-09,PRJEB90577,SAMEA118568674,other,description,control sample: Negative control
2026-10-09,PRJEB90577,SAMEA118568675,other,description,control sample: Negative control
2026-10-09,PRJEB90577,SAMEA118568670,other,description,control sample: Negative control
2026-10-09,PRJEB90577,SAMEA118568677,other,description,control sample: Negative control
2026-10-09,PRJEB90577,SAMEA118568678,other,description,control sample: Negative control
2026-10-09,PRJEB90577,SAMEA118568679,other,description,control sample: Negative control
2026-10-09,PRJEB90577,SAMEA118568676,other,description,control sample: Negative control
2026-10-09,PRJEB90577,SAMEA118568669,other,description,control sample: Negative control
2026-10-09,PRJEB90577,SAMEA118569314,other,description,control sample: Positive control
2026-10-09,PRJEB90577,SAMEA118568661,other,description,control sample: Negative control
2026-10-09,PRJEB90577,SAMEA118568662,other,description,control sample: Negative control
2026-10-09,PRJEB90577,SAMEA118569312,other,description,control sample: Positive control
2026-10-09,PRJEB90577,SAMEA118568663,other,description,control sample: Negative control
2026-10-09,PRJEB90577,SAMEA118568664,other,description,control sample: Negative control
2026-10-09,PRJEB90577,SAMEA118568665,other,description,control sample: Negative control
2026-10-09,PRJEB90577,SAMEA118568666,other,description,control sample: Negative control
2026-10-09,PRJEB90577,SAMEA118569313,other,description,control sample: Positive control
2026-10-09,PRJEB90577,SAMEA118568667,other,description,control sample: Negative control
2026-10-09,PRJEB90577,SAMEA118568668,other,description,control sample: Negative control
2026-10-09,PRJEB90577,SAMEA118568644,other,description,control sample: Negative control
2026-10-09,PRJEB90577,SAMEA118568645,other,description,control sample: Negative control
2026-10-09,PRJEB90577,SAMEA118568641,other,description,control sample: Negative control
2026-10-09,PRJEB90577,SAMEA118569321,other,description,control sample: Positive control
2026-10-09,PRJEB90577,SAMEA118569322,other,description,control sample: Positive control
